/*
 Navicat Premium Data Transfer

 Source Server         : mac mysql
 Source Server Type    : MySQL
 Source Server Version : 50515
 Source Host           : localhost
 Source Database       : hrdb

 Target Server Type    : MySQL
 Target Server Version : 50515
 File Encoding         : utf-8

 Date: 09/13/2011 17:20:08 PM
*/
use sampledata;

SET NAMES utf8;
SET FOREIGN_KEY_CHECKS = 0;

-- ----------------------------
--  Table structure for `DEPARTMENT`
-- ----------------------------
DROP TABLE IF EXISTS `department`;
CREATE TABLE `department` (
  `DEPTID` int(11) NOT NULL AUTO_INCREMENT,
  `NAME` varchar(255) DEFAULT NULL,
  `BUDGET` int(11) DEFAULT NULL,
  `Q1` int(11) DEFAULT NULL,
  `Q2` int(11) DEFAULT NULL,
  `Q3` int(11) DEFAULT NULL,
  `Q4` int(11) DEFAULT NULL,
  `DEPTCODE` varchar(20) DEFAULT NULL,
  `LOCATION` varchar(255) DEFAULT NULL,
  `TENANTID` int(11) DEFAULT NULL,
  PRIMARY KEY (`DEPTID`)
) ENGINE=InnoDB AUTO_INCREMENT=6 DEFAULT CHARSET=latin1;

-- ----------------------------
--  Records of `DEPARTMENT`
-- ----------------------------
BEGIN;
INSERT INTO `department` VALUES ('1', 'Engineering', '1936760', '445455', '522925', '426087', '542293', 'Eng', 'San Francisco', '1'), ('2', 'Marketing', '1129777', '225955', '271146', '327635', '305040', 'Mktg', 'New York', '1'), ('3', 'General and Admin', '1452570', '435771', '290514', '348617', '377668', 'G&A', 'San Francisco', '1'), ('4', 'Sales', '2743744', '493874', '658499', '713373', '877998', 'Sales', 'Austin', '1'), ('5', 'Professional Services', '806984', '201746', '201746', '177536', '225955', 'PS', 'San Francisco', '2');
COMMIT;

-- ----------------------------
--  Table structure for `EMPLOYEE`
-- ----------------------------
DROP TABLE IF EXISTS `employee`;
CREATE TABLE `employee` (
  `EID` int(11) NOT NULL AUTO_INCREMENT,
  `FIRSTNAME` varchar(255) DEFAULT NULL,
  `LASTNAME` varchar(255) DEFAULT NULL,
  `STREET` varchar(255) DEFAULT NULL,
  `CITY` varchar(255) DEFAULT NULL,
  `STATE` varchar(2) DEFAULT NULL,
  `ZIP` varchar(255) DEFAULT NULL,
  `BIRTHDATE` date DEFAULT NULL,
  `PICURL` varchar(255) DEFAULT NULL,
  `TWITTERID` varchar(40) DEFAULT NULL,
  `TENANTID` int(11) DEFAULT NULL,
  `MANAGERID` int(11) DEFAULT NULL,
  `DEPTID` int(11) DEFAULT NULL,
  PRIMARY KEY (`EID`),
  KEY `FK75C8D6AED3AE61BD` (`DEPTID`),
  KEY `FK75C8D6AEE04BF341` (`MANAGERID`),
  CONSTRAINT `FK75C8D6AEE04BF341` FOREIGN KEY (`MANAGERID`) REFERENCES `employee` (`EID`),
  CONSTRAINT `FK75C8D6AED3AE61BD` FOREIGN KEY (`DEPTID`) REFERENCES `department` (`DEPTID`)
) ENGINE=InnoDB AUTO_INCREMENT=11 DEFAULT CHARSET=latin1;

-- ----------------------------
--  Records of `EMPLOYEE`
-- ----------------------------
BEGIN;
INSERT INTO `employee` VALUES ('1', 'Harpo', 'Marx', '1 Broadway Street', 'New York', 'NY', '10036', '1888-11-23', 'http://dev.wavemaker.com/example/comedians/harpomarx.jpg', 'jokes', '1', '8', '1'), ('2', 'Stanley', 'Laurel', '25 Liberty Way', 'Boston', 'MA', '11343', '1887-03-19', 'http://dev.wavemaker.com/example/comedians/stanleylaurel.jpg', 'TheOnion', '1', '1', '1'), ('3', 'Oliver', 'Hardy', '2525 Cypress Lane', 'Atlanta', 'GA', '14231', '1890-09-30', 'http://dev.wavemaker.com/example/comedians/oliverhardy.jpg', 'WaveMakerDev', '1', '1', '2'), ('4', 'Shirley', 'Temple', '45 Houston Street', 'New York', 'NY', '10106', '1893-10-21', 'http://dev.wavemaker.com/example/comedians/shirleytemple.jpg', 'billmaher', '1', '2', '2'), ('5', 'Dan', 'Ackroyd', '346 Mulholland Drive', 'Los Angeles', 'CA', '94036', '1901-02-25', 'http://dev.wavemaker.com/example/comedians/danackroyd.jpg', 'JimCarrey', '1', '2', '3'), ('6', 'John', 'Belushi', '6000 Sunset Boulevard', 'Los Angeles', 'CA', '90028', '1896-09-30', 'http://dev.wavemaker.com/example/comedians/johnbelushi.jpg', 'thinkstrategies', '1', '3', '3'), ('7', 'George', 'Carlin', '6400 Hollywood Boulevard', 'Hollywood', 'CA', '97028', '1895-03-04', 'http://dev.wavemaker.com/example/comedians/georgecarlin.jpg', 'Scobleizer', '1', '5', '4'), ('8', 'Will', 'Rogers', '1000 Brownsville Road', 'Brooklyn', 'NY', '11212', '1897-06-18', 'http://dev.wavemaker.com/example/comedians/willrogers.jpg', 'jhurwitz', '2', null, '4'), ('9', 'Carol', 'Burnett', '300 South Street', 'Philadephia', 'PA', '19147', '1902-10-04', 'http://dev.wavemaker.com/example/comedians/carolburnett.jpg', 'gigastacey', '2', '5', '5'), ('10', 'George', 'Burns', '3 YukYuk Way', 'San Gabriel', 'CA', '91775', '1903-10-21', 'http://dev.wavemaker.com/example/comedians/georgeburns.jpg', 'TechCrunch', '2', '8', '5');
COMMIT;

-- ----------------------------
--  Table structure for `USER`
-- ----------------------------
DROP TABLE IF EXISTS `user`;
CREATE TABLE `user` (
  `USERID` int(11) NOT NULL AUTO_INCREMENT,
  `USERNAME` varchar(20) DEFAULT NULL,
  `PASSWORD` varchar(20) DEFAULT NULL,
  `ROLE` varchar(20) DEFAULT NULL,
  `TENANTID` int(11) DEFAULT NULL,
  PRIMARY KEY (`USERID`)
) ENGINE=InnoDB AUTO_INCREMENT=7 DEFAULT CHARSET=latin1;

-- ----------------------------
--  Records of `USER`
-- ----------------------------
BEGIN;
INSERT INTO `user` VALUES ('1', 'admin', 'admin', 'adminrole', '1'), ('2', 'user', 'user', 'userrole', '1'), ('3', 'admin2', 'admin2', 'adminrole', '2'), ('4', 'user2', 'user2', 'userrole', '2'), ('6', 'anon', 'anon', 'anonymous', '1');
COMMIT;

-- ----------------------------
--  Table structure for `VACATION`
-- ----------------------------
DROP TABLE IF EXISTS `vacation`;
CREATE TABLE `vacation` (
  `ID` int(11) NOT NULL AUTO_INCREMENT,
  `STARTDATE` date DEFAULT NULL,
  `ENDDATE` date DEFAULT NULL,
  `TENANTID` int(11) DEFAULT NULL,
  `EMPID` int(11) NOT NULL,
  PRIMARY KEY (`ID`),
  KEY `FKCA2A12DD24A919C` (`EMPID`),
  CONSTRAINT `FKCA2A12DD24A919C` FOREIGN KEY (`EMPID`) REFERENCES `employee` (`EID`)
) ENGINE=InnoDB AUTO_INCREMENT=21 DEFAULT CHARSET=latin1;

-- ----------------------------
--  Records of `VACATION`
-- ----------------------------
BEGIN;
INSERT INTO `vacation` VALUES ('1', '1920-11-23', '1920-11-27', '1', '1'), ('2', '1921-12-05', '1921-12-07', '1', '1'), ('3', '1920-10-06', '1920-11-12', '1', '2'), ('4', '1921-01-01', '1921-02-16', '1', '2'), ('5', '1922-08-14', '1922-11-16', '1', '3'), ('6', '1923-09-07', '1923-10-09', '1', '2'), ('7', '1918-11-03', '1918-11-04', '1', '4'), ('8', '1919-06-10', '1919-12-25', '1', '4'), ('9', '1934-11-07', '1934-11-08', '1', '5'), ('10', '1924-03-13', '1924-04-01', '1', '5'), ('11', '1918-11-18', '1918-11-19', '1', '6'), ('12', '1921-08-08', '1921-08-10', '1', '6'), ('13', '1920-11-23', '1920-11-27', '2', '7'), ('14', '1921-12-23', '1921-12-25', '2', '7'), ('15', '1960-08-11', '1960-08-15', '2', '8'), ('16', '1951-01-12', '1951-02-14', '2', '8'), ('17', '1920-11-05', '1920-11-07', '2', '9'), ('18', '1921-04-04', '1921-05-12', '2', '9'), ('19', '1944-11-11', '1944-11-14', '2', '10'), ('20', '1951-12-03', '1951-12-05', '2', '10');
COMMIT;

SET FOREIGN_KEY_CHECKS = 1;
/*
 Navicat Premium Data Transfer

 Source Server         : mac mysql
 Source Server Type    : MySQL
 Source Server Version : 50515
 Source Host           : localhost
 Source Database       : rolodex

 Target Server Type    : MySQL
 Target Server Version : 50515
 File Encoding         : utf-8

 Date: 09/13/2011 17:19:58 PM
*/

SET NAMES utf8;
SET FOREIGN_KEY_CHECKS = 0;

-- ----------------------------
--  Table structure for `ACTOR`
-- ----------------------------
DROP TABLE IF EXISTS `actor`;
CREATE TABLE `actor` (
  `ACTOR_ID` int(11) NOT NULL AUTO_INCREMENT,
  `FIRST_NAME` varchar(45) NOT NULL,
  `LAST_NAME` varchar(45) NOT NULL,
  PRIMARY KEY (`ACTOR_ID`)
) ENGINE=InnoDB AUTO_INCREMENT=201 DEFAULT CHARSET=latin1;

-- ----------------------------
--  Records of `ACTOR`
-- ----------------------------
BEGIN;
INSERT INTO `actor` VALUES ('1', 'PENELOPE', 'GUINESS'), ('2', 'NICK', 'WAHLBERG'), ('3', 'ED', 'CHASE'), ('4', 'JENNIFER', 'DAVIS'), ('5', 'JOHNNY', 'LOLLOBRIGIDA'), ('6', 'BETTE', 'NICHOLSON'), ('7', 'GRACE', 'MOSTEL'), ('8', 'MATTHEW', 'JOHANSSON'), ('9', 'JOE', 'SWANK'), ('10', 'CHRISTIAN', 'GABLE'), ('11', 'ZERO', 'CAGE'), ('12', 'KARL', 'BERRY'), ('13', 'UMA', 'WOOD'), ('14', 'VIVIEN', 'BERGEN'), ('15', 'CUBA', 'OLIVIER'), ('16', 'FRED', 'COSTNER'), ('17', 'HELEN', 'VOIGHT'), ('18', 'DAN', 'TORN'), ('19', 'BOB', 'FAWCETT'), ('20', 'LUCILLE', 'TRACY'), ('21', 'KIRSTEN', 'PALTROW'), ('22', 'ELVIS', 'MARX'), ('23', 'SANDRA', 'KILMER'), ('24', 'CAMERON', 'STREEP'), ('25', 'KEVIN', 'BLOOM'), ('26', 'RIP', 'CRAWFORD'), ('27', 'JULIA', 'MCQUEEN'), ('28', 'WOODY', 'HOFFMAN'), ('29', 'ALEC', 'WAYNE'), ('30', 'SANDRA', 'PECK'), ('31', 'SISSY', 'SOBIESKI'), ('32', 'TIM', 'HACKMAN'), ('33', 'MILLA', 'PECK'), ('34', 'AUDREY', 'OLIVIER'), ('35', 'JUDY', 'DEAN'), ('36', 'BURT', 'DUKAKIS'), ('37', 'VAL', 'BOLGER'), ('38', 'TOM', 'MCKELLEN'), ('39', 'GOLDIE', 'BRODY'), ('40', 'JOHNNY', 'CAGE'), ('41', 'JODIE', 'DEGENERES'), ('42', 'TOM', 'MIRANDA'), ('43', 'KIRK', 'JOVOVICH'), ('44', 'NICK', 'STALLONE'), ('45', 'REESE', 'KILMER'), ('46', 'PARKER', 'GOLDBERG'), ('47', 'JULIA', 'BARRYMORE'), ('48', 'FRANCES', 'DAY-LEWIS'), ('49', 'ANNE', 'CRONYN'), ('50', 'NATALIE', 'HOPKINS'), ('51', 'GARY', 'PHOENIX'), ('52', 'CARMEN', 'HUNT'), ('53', 'MENA', 'TEMPLE'), ('54', 'PENELOPE', 'PINKETT'), ('55', 'FAY', 'KILMER'), ('56', 'DAN', 'HARRIS'), ('57', 'JUDE', 'CRUISE'), ('58', 'CHRISTIAN', 'AKROYD'), ('59', 'DUSTIN', 'TAUTOU'), ('60', 'HENRY', 'BERRY'), ('61', 'CHRISTIAN', 'NEESON'), ('62', 'JAYNE', 'NEESON'), ('63', 'CAMERON', 'WRAY'), ('64', 'RAY', 'JOHANSSON'), ('65', 'ANGELA', 'HUDSON'), ('66', 'MARY', 'TANDY'), ('67', 'JESSICA', 'BAILEY'), ('68', 'RIP', 'WINSLET'), ('69', 'KENNETH', 'PALTROW'), ('70', 'MICHELLE', 'MCCONAUGHEY'), ('71', 'ADAM', 'GRANT'), ('72', 'SEAN', 'WILLIAMS'), ('73', 'GARY', 'PENN'), ('74', 'MILLA', 'KEITEL'), ('75', 'BURT', 'POSEY'), ('76', 'ANGELINA', 'ASTAIRE'), ('77', 'CARY', 'MCCONAUGHEY'), ('78', 'GROUCHO', 'SINATRA'), ('79', 'MAE', 'HOFFMAN'), ('80', 'RALPH', 'CRUZ'), ('81', 'SCARLETT', 'DAMON'), ('82', 'WOODY', 'JOLIE'), ('83', 'BEN', 'WILLIS'), ('84', 'JAMES', 'PITT'), ('85', 'MINNIE', 'ZELLWEGER'), ('86', 'GREG', 'CHAPLIN'), ('87', 'SPENCER', 'PECK'), ('88', 'KENNETH', 'PESCI'), ('89', 'CHARLIZE', 'DENCH'), ('90', 'SEAN', 'GUINESS'), ('91', 'CHRISTOPHER', 'BERRY'), ('92', 'KIRSTEN', 'AKROYD'), ('93', 'ELLEN', 'PRESLEY'), ('94', 'KENNETH', 'TORN'), ('95', 'DARYL', 'WAHLBERG'), ('96', 'GENE', 'WILLIS'), ('97', 'MEG', 'HAWKE'), ('98', 'CHRIS', 'BRIDGES'), ('99', 'JIM', 'MOSTEL'), ('100', 'SPENCER', 'DEPP'), ('101', 'SUSAN', 'DAVIS'), ('102', 'WALTER', 'TORN'), ('103', 'MATTHEW', 'LEIGH'), ('104', 'PENELOPE', 'CRONYN'), ('105', 'SIDNEY', 'CROWE'), ('106', 'GROUCHO', 'DUNST'), ('107', 'GINA', 'DEGENERES'), ('108', 'WARREN', 'NOLTE'), ('109', 'SYLVESTER', 'DERN'), ('110', 'SUSAN', 'DAVIS'), ('111', 'CAMERON', 'ZELLWEGER'), ('112', 'RUSSELL', 'BACALL'), ('113', 'MORGAN', 'HOPKINS'), ('114', 'MORGAN', 'MCDORMAND'), ('115', 'HARRISON', 'BALE'), ('116', 'DAN', 'STREEP'), ('117', 'RENEE', 'TRACY'), ('118', 'CUBA', 'ALLEN'), ('119', 'WARREN', 'JACKMAN'), ('120', 'PENELOPE', 'MONROE'), ('121', 'LIZA', 'BERGMAN'), ('122', 'SALMA', 'NOLTE'), ('123', 'JULIANNE', 'DENCH'), ('124', 'SCARLETT', 'BENING'), ('125', 'ALBERT', 'NOLTE'), ('126', 'FRANCES', 'TOMEI'), ('127', 'KEVIN', 'GARLAND'), ('128', 'CATE', 'MCQUEEN'), ('129', 'DARYL', 'CRAWFORD'), ('130', 'GRETA', 'KEITEL'), ('131', 'JANE', 'JACKMAN'), ('132', 'ADAM', 'HOPPER'), ('133', 'RICHARD', 'PENN'), ('134', 'GENE', 'HOPKINS'), ('135', 'RITA', 'REYNOLDS'), ('136', 'ED', 'MANSFIELD'), ('137', 'MORGAN', 'WILLIAMS'), ('138', 'LUCILLE', 'DEE'), ('139', 'EWAN', 'GOODING'), ('140', 'WHOOPI', 'HURT'), ('141', 'CATE', 'HARRIS'), ('142', 'JADA', 'RYDER'), ('143', 'RIVER', 'DEAN'), ('144', 'ANGELA', 'WITHERSPOON'), ('145', 'KIM', 'ALLEN'), ('146', 'ALBERT', 'JOHANSSON'), ('147', 'FAY', 'WINSLET'), ('148', 'EMILY', 'DEE'), ('149', 'RUSSELL', 'TEMPLE'), ('150', 'JAYNE', 'NOLTE'), ('151', 'GEOFFREY', 'HESTON'), ('152', 'BEN', 'HARRIS'), ('153', 'MINNIE', 'KILMER'), ('154', 'MERYL', 'GIBSON'), ('155', 'IAN', 'TANDY'), ('156', 'FAY', 'WOOD'), ('157', 'GRETA', 'MALDEN'), ('158', 'VIVIEN', 'BASINGER'), ('159', 'LAURA', 'BRODY'), ('160', 'CHRIS', 'DEPP'), ('161', 'HARVEY', 'HOPE'), ('162', 'OPRAH', 'KILMER'), ('163', 'CHRISTOPHER', 'WEST'), ('164', 'HUMPHREY', 'WILLIS'), ('165', 'AL', 'GARLAND'), ('166', 'NICK', 'DEGENERES'), ('167', 'LAURENCE', 'BULLOCK'), ('168', 'WILL', 'WILSON'), ('169', 'KENNETH', 'HOFFMAN'), ('170', 'MENA', 'HOPPER'), ('171', 'OLYMPIA', 'PFEIFFER'), ('172', 'GROUCHO', 'WILLIAMS'), ('173', 'ALAN', 'DREYFUSS'), ('174', 'MICHAEL', 'BENING'), ('175', 'WILLIAM', 'HACKMAN'), ('176', 'JON', 'CHASE'), ('177', 'GENE', 'MCKELLEN'), ('178', 'LISA', 'MONROE'), ('179', 'ED', 'GUINESS'), ('180', 'JEFF', 'SILVERSTONE'), ('181', 'MATTHEW', 'CARREY'), ('182', 'DEBBIE', 'AKROYD'), ('183', 'RUSSELL', 'CLOSE'), ('184', 'HUMPHREY', 'GARLAND'), ('185', 'MICHAEL', 'BOLGER'), ('186', 'JULIA', 'ZELLWEGER'), ('187', 'RENEE', 'BALL'), ('188', 'ROCK', 'DUKAKIS'), ('189', 'CUBA', 'BIRCH'), ('190', 'AUDREY', 'BAILEY'), ('191', 'GREGORY', 'GOODING'), ('192', 'JOHN', 'SUVARI'), ('193', 'BURT', 'TEMPLE'), ('194', 'MERYL', 'ALLEN'), ('195', 'JAYNE', 'SILVERSTONE'), ('196', 'BELA', 'WALKEN'), ('197', 'REESE', 'WEST'), ('198', 'MARY', 'KEITEL'), ('199', 'JULIA', 'FAWCETT'), ('200', 'THORA', 'TEMPLE');
COMMIT;

-- ----------------------------
--  Table structure for `ADDRESS`
-- ----------------------------
DROP TABLE IF EXISTS `address`;
CREATE TABLE `address` (
  `ADDRESS_ID` int(11) NOT NULL AUTO_INCREMENT,
  `ADDRESS` varchar(50) NOT NULL,
  `ADDRESS2` varchar(50) DEFAULT NULL,
  `DISTRICT` varchar(20) NOT NULL,
  `POSTAL_CODE` varchar(10) DEFAULT NULL,
  `PHONE` varchar(20) NOT NULL,
  `CITY_ID` int(11) DEFAULT NULL,
  PRIMARY KEY (`ADDRESS_ID`),
  KEY `FKE66327D4BEBEC8FA` (`CITY_ID`),
  CONSTRAINT `FKE66327D4BEBEC8FA` FOREIGN KEY (`CITY_ID`) REFERENCES `city` (`CITY_ID`)
) ENGINE=InnoDB AUTO_INCREMENT=606 DEFAULT CHARSET=latin1;

-- ----------------------------
--  Records of `ADDRESS`
-- ----------------------------
BEGIN;
INSERT INTO `address` VALUES ('1', '47 MySakila Drive', null, 'Alberta', '', '', '300'), ('2', '28 MySQL Boulevard', null, 'QLD', '', '', '576'), ('3', '23 Workhaven Lane', null, 'Alberta', '', '14033335568', '300'), ('4', '1411 Lillydale Drive', null, 'QLD', '', '6172235589', '576'), ('5', '1913 Hanoi Way', '', 'Nagasaki', '35200', '28303384290', '463'), ('6', '1121 Loja Avenue', '', 'California', '17886', '838635286649', null), ('7', '692 Joliet Street', '', 'Attika', '83579', '448477190408', null), ('8', '1566 Inegl Manor', '', 'Mandalay', '53561', '705814003527', null), ('9', '53 Idfu Parkway', '', 'Nantou', '42399', '10655648674', '361'), ('10', '1795 Santiago de Compostela Way', '', 'Texas', '18743', '860452626434', '295'), ('11', '900 Santiago de Compostela Parkway', '', 'Central Serbia', '93896', '716571220373', '280'), ('12', '478 Joliet Way', '', 'Hamilton', '77948', '657282285970', '200'), ('13', '613 Korolev Drive', '', 'Masqat', '45844', '380657522649', '329'), ('14', '1531 Sal Drive', '', 'Esfahan', '53628', '648856936185', '162'), ('15', '1542 Tarlac Parkway', '', 'Kanagawa', '1027', '635297277345', '440'), ('16', '808 Bhopal Manor', '', 'Haryana', '10672', '465887807014', '582'), ('17', '270 Amroha Parkway', '', 'Osmaniye', '29610', '695479687538', '384'), ('18', '770 Bydgoszcz Avenue', '', 'California', '16266', '517338314235', '120'), ('19', '419 Iligan Lane', '', 'Madhya Pradesh', '72878', '990911107354', '76'), ('20', '360 Toulouse Parkway', '', 'England', '54308', '949312333307', '495'), ('21', '270 Toulon Boulevard', '', 'Kalmykia', '81766', '407752414682', '156'), ('22', '320 Brest Avenue', '', 'Kaduna', '43331', '747791594069', '252'), ('23', '1417 Lancaster Avenue', '', 'Northern Cape', '72192', '272572357893', '267'), ('24', '1688 Okara Way', '', 'Nothwest Border Prov', '21954', '144453869132', '327'), ('25', '262 A Corua (La Corua), Parkway', '', 'Dhaka', '34418', '892775750063', '525'), ('26', '28 Charlotte Amalie Street', '', 'Rabat-Sal-Zammour-Z', '37551', '161968374323', '443'), ('27', '1780 Hino Boulevard', '', 'Liepaja', '7716', '902731229323', '303'), ('28', '96 Tafuna Way', '', 'Crdoba', '99865', '934730187245', '128'), ('29', '934 San Felipe de Puerto Plata Street', '', 'Sind', '99780', '196495945706', '472'), ('30', '18 Duisburg Boulevard', '', '', '58327', '998009777982', '121'), ('31', '217 Botshabelo Place', '', 'Southern Mindanao', '49521', '665356572025', '138'), ('32', '1425 Shikarpur Manor', '', 'Bihar', '65599', '678220867005', '346'), ('33', '786 Aurora Avenue', '', 'Yamaguchi', '65750', '18461860151', '474'), ('34', '1668 Anpolis Street', '', 'Taipei', '50199', '525255540978', '316'), ('35', '33 Gorontalo Way', '', 'West Bengali', '30348', '745994947458', '257'), ('36', '176 Mandaluyong Place', '', 'Uttar Pradesh', '65213', '627705991774', '239'), ('37', '127 Purnea (Purnia), Manor', '', 'Piemonte', '79388', '911872220378', '17'), ('38', '61 Tama Street', '', 'Okayama', '94065', '708403338270', '284'), ('39', '391 Callao Drive', '', 'Midi-Pyrnes', '34021', '440512153169', '544'), ('40', '334 Munger (Monghyr), Lane2', '', 'Markazi', '38145', '481183273622', null), ('41', '1440 Fukuyama Loop', '', 'Henan', '47929', '912257250465', '362'), ('42', '269 Cam Ranh Parkway', '', 'Chisinau', '34689', '489783829737', '115'), ('43', '306 Antofagasta Place', '', 'Esprito Santo', '3989', '378318851631', '569'), ('44', '671 Graz Street', '', 'Oriental', '94399', '680768868518', '353'), ('45', '42 Brindisi Place', '', 'Yerevan', '16744', '42384721397', '586'), ('46', '1632 Bislig Avenue', '', 'Nonthaburi', '61117', '471675840679', '394'), ('47', '1447 Imus Way', '', 'Tahiti', '48942', '539758313890', '167'), ('48', '1998 Halifax Drive', '', 'Lipetsk', '76022', '177727722820', '308'), ('49', '1718 Valencia Street', '', 'Antofagasta', '37359', '675292816413', '27'), ('50', '46 Pjatigorsk Lane', '', 'Moscow (City),', '23616', '262076994845', '343'), ('51', '686 Garland Manor', '', 'Cear', '52535', '69493378813', '247'), ('52', '909 Garland Manor', '', 'Tatarstan', '69367', '705800322606', '367'), ('53', '725 Isesaki Place', '', 'Mekka', '74428', '876295323994', '237'), ('54', '115 Hidalgo Parkway', '', 'Khartum', '80168', '307703950263', '379'), ('55', '1135 Izumisano Parkway', '', 'California', '48150', '171822533480', '171'), ('56', '939 Probolinggo Loop', '', 'Galicia', '4166', '680428310138', '1'), ('57', '17 Kabul Boulevard', '', 'Chiba', '38594', '697760867968', '355'), ('58', '1964 Allappuzha (Alleppey), Street', '', 'Yamaguchi', '48980', '920811325222', '227'), ('59', '1697 Kowloon and New Kowloon Loop', '', 'Moskova', '57807', '499352017190', '49'), ('60', '1668 Saint Louis Place', '', 'Tahiti', '39072', '347487831378', '397'), ('61', '943 Tokat Street', '', 'Vaduz', '45428', '889318963672', '560'), ('62', '1114 Liepaja Street', '', 'Sarawak', '69226', '212869228936', '282'), ('63', '1213 Ranchi Parkway', '', 'Karnataka', '94352', '800024380485', '350'), ('64', '81 Hodeida Way', '', 'Rajasthan', '55561', '250767749542', '231'), ('65', '915 Ponce Place', '', 'Basel-Stadt', '83980', '1395251317', '56'), ('66', '1717 Guadalajara Lane', '', 'Missouri', '85505', '914090181665', '441'), ('67', '1214 Hanoi Way', '', 'Nebraska', '67055', '491001136577', '306'), ('68', '1966 Amroha Avenue', '', 'Sichuan', '70385', '333489324603', '139'), ('69', '698 Otsu Street', '', 'Cayenne', '71110', '409983924481', '105'), ('70', '1150 Kimchon Manor', '', 'Skne ln', '96109', '663449333709', '321'), ('71', '1586 Guaruj Place', '', 'Hunan', '5135', '947233365992', '579'), ('72', '57 Arlington Manor', '', 'Madhya Pradesh', '48960', '990214419142', '475'), ('73', '1031 Daugavpils Parkway', '', 'Bchar', '59025', '107137400143', '63'), ('74', '1124 Buenaventura Drive', '', 'Mekka', '6856', '407733804223', '13'), ('75', '492 Cam Ranh Street', '', 'Eastern Visayas', '50805', '565018274456', '61'), ('76', '89 Allappuzha (Alleppey), Manor', '', 'National Capital Reg', '75444', '255800440636', '517'), ('77', '1947 Poos de Caldas Boulevard', '', 'Chiayi', '60951', '427454485876', '114'), ('78', '1206 Dos Quebradas Place', '', 'So Paulo', '20207', '241832790687', '431'), ('79', '1551 Rampur Lane', '', 'Changhwa', '72394', '251164340471', '108'), ('80', '602 Paarl Street', '', 'Pavlodar', '98889', '896314772871', '402'), ('81', '1692 Ede Loop', '', 'So Paulo', '9223', '918711376618', '30'), ('82', '936 Salzburg Lane', '', 'Uttar Pradesh', '96709', '875756771675', '425'), ('83', '586 Tete Way', '', 'Kanagawa', '1079', '18581624103', '256'), ('84', '1888 Kabul Drive', '', 'Oyo & Osun', '20936', '701457319790', '217'), ('85', '320 Baiyin Parkway', '', 'Mahajanga', '37307', '223664661973', '319'), ('86', '927 Baha Blanca Parkway', '', 'Krim', '9495', '821972242086', '479'), ('87', '929 Tallahassee Loop', '', 'Gauteng', '74671', '800716535041', '497'), ('88', '125 Citt del Vaticano Boulevard', '', 'Puebla', '67912', '48417642933', '40'), ('89', '1557 Ktahya Boulevard', '', 'England', '88002', '720998247660', '88'), ('90', '870 Ashqelon Loop', '', 'Songkhla', '84931', '135117278909', '489'), ('91', '1740 Portoviejo Avenue', '', 'Sucre', '29932', '198123170793', '480'), ('92', '1942 Ciparay Parkway', '', 'Cheju', '82624', '978987363654', '113'), ('93', '1926 El Alto Avenue', '', 'Buenos Aires', '75543', '846225459260', '289'), ('94', '1952 Chatsworth Drive', '', 'Guangdong', '25958', '991562402283', '332'), ('95', '1370 Le Mans Avenue', '', 'Brunei and Muara', '52163', '345679835036', '53'), ('96', '984 Effon-Alaiye Avenue', '', 'Gois', '17119', '132986892228', '183'), ('97', '832 Nakhon Sawan Manor', '', 'Inner Mongolia', '49021', '275595571388', '592'), ('98', '152 Kitwe Parkway', '', 'Caraga', '53182', '835433605312', '82'), ('99', '1697 Tanauan Lane', '', 'Punjab', '22870', '4764773857', '399'), ('100', '1308 Arecibo Way', '', 'Georgia', '30695', '6171054059', '41'), ('101', '1599 Plock Drive', '', 'Tete', '71986', '817248913162', '534'), ('102', '669 Firozabad Loop', '', 'Abu Dhabi', '92265', '412903167998', '12'), ('103', '588 Vila Velha Manor', '', 'Kyongsangbuk', '51540', '333339908719', '268'), ('104', '1913 Kamakura Place', '', 'Lipetsk', '97287', '942570536750', '238'), ('105', '733 Mandaluyong Place', '', 'Asir', '77459', '196568435814', '2'), ('106', '659 Vaduz Drive', '', 'Ha Darom', '49708', '709935135487', '34'), ('107', '1177 Jelets Way', '', 'Kwara & Kogi', '3305', '484292626944', '220'), ('108', '1386 Yangor Avenue', '', 'Provence-Alpes-Cte', '80720', '449216226468', '543'), ('109', '454 Nakhon Sawan Boulevard', '', 'Funafuti', '76383', '963887147572', '173'), ('110', '1867 San Juan Bautista Tuxtepec Avenue', '', 'Ivanovo', '78311', '547003310357', '225'), ('111', '1532 Dzerzinsk Way', '', 'Buenos Aires', '9599', '330838016880', '334'), ('112', '1002 Ahmadnagar Manor', '', 'Mxico', '93026', '371490777743', '213'), ('113', '682 Junan Way', '', 'North West', '30418', '622255216127', '273'), ('114', '804 Elista Drive', '', 'Hubei', '61069', '379804592943', '159'), ('115', '1378 Alvorada Avenue', '', 'Distrito Federal', '75834', '272234298332', '102'), ('116', '793 Cam Ranh Avenue', '', 'California', '87057', '824370924746', '292'), ('117', '1079 Tel Aviv-Jaffa Boulevard', '', 'Sucre', '10885', '358178933857', '132'), ('118', '442 Rae Bareli Place', '', 'Nordrhein-Westfalen', '24321', '886636413768', '148'), ('119', '1107 Nakhon Sawan Avenue', '', 'Mxico', '75149', '867546627903', '365'), ('120', '544 Malm Parkway', '', 'Central Java', '63502', '386759646229', '403'), ('121', '1967 Sincelejo Place', '', 'Gujarat', '73644', '577812616052', '176'), ('122', '333 Goinia Way', '', 'Texas', '78625', '909029256431', '185'), ('123', '1987 Coacalco de Berriozbal Loop', '', 'al-Qalyubiya', '96065', '787654415858', '476'), ('124', '241 Mosul Lane', '', 'Risaralda', '76157', '765345144779', '147'), ('125', '211 Chiayi Drive', '', 'Uttar Pradesh', '58186', '665993880048', '164'), ('126', '1175 Tanauan Way', '', 'Lima', '64615', '937222955822', '305'), ('127', '117 Boa Vista Way', '', 'Uttar Pradesh', '6804', '677976133614', '566'), ('128', '848 Tafuna Manor', '', 'Ktahya', '45142', '614935229095', '281'), ('129', '569 Baicheng Lane', '', 'Gauteng', '60304', '490211944645', '85'), ('130', '1666 Qomsheh Drive', '', 'So Paulo', '66255', '582835362905', '410'), ('131', '801 Hagonoy Drive', '', 'Smolensk', '8439', '237426099212', '484'), ('132', '1050 Garden Grove Avenue', '', 'Slaskie', '4999', '973047364353', '236'), ('133', '1854 Tieli Street', '', 'Shandong', '15819', '509492324775', '302'), ('134', '758 Junan Lane', '', 'Gois', '82639', '935448624185', '190'), ('135', '1752 So Leopoldo Parkway', '', 'Taka-Karpatia', '14014', '252265130067', '345'), ('136', '898 Belm Manor', '', 'Free State', '49757', '707169393853', '87'), ('137', '261 Saint Louis Way', '', 'Coahuila de Zaragoza', '83401', '321944036800', '541'), ('138', '765 Southampton Drive', '', 'al-Qalyubiya', '4285', '23712411567', '421'), ('139', '943 Johannesburg Avenue', '', 'Maharashtra', '5892', '90921003005', '417'), ('140', '788 Atinsk Street', '', 'Karnataka', '81691', '146497509724', '211'), ('141', '1749 Daxian Place', '', 'Gelderland', '11044', '963369996279', '29'), ('142', '1587 Sullana Lane', '', 'Inner Mongolia', '85769', '468060467018', '207'), ('143', '1029 Dzerzinsk Manor', '', 'Ynlin', '57519', '33173584456', '542'), ('144', '1666 Beni-Mellal Place', '', 'Tennessee', '13377', '9099941466', '123'), ('145', '928 Jaffna Loop', '', 'Hiroshima', '93762', '581852137991', '172'), ('146', '483 Ljubertsy Parkway', '', 'Scotland', '60562', '581174211853', '149'), ('147', '374 Bat Yam Boulevard', '', 'Kilis', '97700', '923261616249', '266'), ('148', '1027 Songkhla Manor', '', 'Minsk', '30861', '563660187896', '340'), ('149', '999 Sanaa Loop', '', 'Gauteng', '3439', '918032330119', '491'), ('150', '879 Newcastle Way', '', 'Michigan', '90732', '206841104594', '499'), ('151', '1337 Lincoln Parkway', '', 'Saitama', '99457', '597815221267', '555'), ('152', '1952 Pune Lane', '', 'Saint-Denis', '92150', '354615066969', '442'), ('153', '782 Mosul Street', '', 'Massachusetts', '25545', '885899703621', '94'), ('154', '781 Shimonoseki Drive', '', 'Michoacn de Ocampo', '95444', '632316273199', '202'), ('155', '1560 Jelets Boulevard', '', 'Shandong', '77777', '189446090264', '291'), ('156', '1963 Moscow Place', '', 'Assam', '64863', '761379480249', '354'), ('157', '456 Escobar Way', '', 'Jakarta Raya', '36061', '719202533520', '232'), ('158', '798 Cianjur Avenue', '', 'Shanxi', '76990', '499408708580', '590'), ('159', '185 Novi Sad Place', '', 'Bern', '41778', '904253967161', '72'), ('160', '1367 Yantai Manor', '', 'Ondo & Ekiti', '21294', '889538496300', '381'), ('161', '1386 Nakhon Sawan Boulevard', '', 'Pyongyang-si', '53502', '368899174225', '420'), ('162', '369 Papeete Way', '', 'North Carolina', '66639', '170117068815', '187'), ('163', '1440 Compton Place', '', 'North Austria', '81037', '931059836497', '307'), ('164', '1623 Baha Blanca Manor', '', 'Moskova', '81511', '149981248346', '310'), ('165', '97 Shimoga Avenue', '', 'Tel Aviv', '44660', '177167004331', '533'), ('166', '1740 Le Mans Loop', '', 'Pays de la Loire', '22853', '168476538960', '297'), ('167', '1287 Xiangfan Boulevard', '', 'Gifu', '57844', '819416131190', '253'), ('168', '842 Salzburg Lane', '', 'Adana', '3313', '697151428760', '529'), ('169', '154 Tallahassee Loop', '', 'Xinxiang', '62250', '935508855935', '199'), ('170', '710 San Felipe del Progreso Avenue', '', 'Lilongwe', '76901', '843801144113', '304'), ('171', '1540 Wroclaw Drive', '', 'Maharashtra', '62686', '182363341674', '107'), ('172', '475 Atinsk Way', '', 'Gansu', '59571', '201705577290', '240'), ('173', '1294 Firozabad Drive', '', 'Jiangxi', '70618', '161801569569', '407'), ('174', '1877 Ezhou Lane', '', 'Rajasthan', '63337', '264541743403', '550'), ('175', '316 Uruapan Street', '', 'Perak', '58194', '275788967899', '223'), ('176', '29 Pyongyang Loop', '', 'Batman', '47753', '734780743462', '58'), ('177', '1010 Klerksdorp Way', '', 'Steiermark', '6802', '493008546874', '186'), ('178', '1848 Salala Boulevard', '', 'Miranda', '25220', '48265851133', '373'), ('179', '431 Xiangtan Avenue', '', 'Kerala', '4854', '230250973122', '18'), ('180', '757 Rustenburg Avenue', '', 'Skikda', '89668', '506134035434', '483'), ('181', '146 Johannesburg Way', '', 'Tamaulipas', '54132', '953689007081', '330'), ('182', '1891 Rizhao Boulevard', '', 'So Paulo', '47288', '391065549876', '456'), ('183', '1089 Iwatsuki Avenue', '', 'Kirov', '35109', '866092335135', '270'), ('184', '1410 Benin City Parkway', '', 'Risaralda', '29747', '104150372603', '405'), ('185', '682 Garden Grove Place', '', 'Tennessee', '67497', '72136330362', '333'), ('186', '533 al-Ayn Boulevard', '', 'California', '8862', '662227486184', '126'), ('187', '1839 Szkesfehrvr Parkway', '', 'Gois', '55709', '947468818183', '317'), ('188', '741 Ambattur Manor', '', 'Noord-Brabant', '43310', '302590383819', '438'), ('189', '927 Barcelona Street', '', 'Chaharmahal va Bakht', '65121', '951486492670', '467'), ('190', '435 0 Way', '', 'West Bengali', '74750', '760171523969', '195'), ('191', '140 Chiayi Parkway', '', 'Sumy', '38982', '855863906434', '506'), ('192', '1166 Changhwa Street', '', 'Caraga', '58852', '650752094490', '62'), ('193', '891 Novi Sad Manor', '', 'Ontario', '5379', '247646995453', '383'), ('194', '605 Rio Claro Parkway', '', 'Tabora', '49348', '352469351088', '513'), ('195', '1077 San Felipe de Puerto Plata Place', '', 'Rostov-na-Donu', '65387', '812824036424', '369'), ('196', '9 San Miguel de Tucumn Manor', '', 'Uttar Pradesh', '90845', '956188728558', '169'), ('197', '447 Surakarta Loop', '', 'Nyanza', '10428', '940830176580', '271'), ('198', '345 Oshawa Boulevard', '', 'Tokyo-to', '32114', '104491201771', '204'), ('199', '1792 Valle de la Pascua Place', '', 'Nordrhein-Westfalen', '15540', '419419591240', '477'), ('200', '1074 Binzhou Manor', '', 'Baden-Wrttemberg', '36490', '331132568928', '325'), ('201', '817 Bradford Loop', '', 'Jiangsu', '89459', '264286442804', '109'), ('202', '955 Bamenda Way', '', 'Ondo & Ekiti', '1545', '768481779568', '218'), ('203', '1149 A Corua (La Corua), Boulevard', '', 'Haiphong', '95824', '470884141195', '194'), ('204', '387 Mwene-Ditu Drive', '', 'Ahal', '8073', '764477681869', '35'), ('205', '68 Molodetno Manor', '', 'Nordrhein-Westfalen', '4662', '146640639760', '575'), ('206', '642 Nador Drive', '', 'Maharashtra', '3924', '369050085652', '77'), ('207', '1688 Nador Lane', '', 'Sulawesi Utara', '61613', '652218196731', '184'), ('208', '1215 Pyongyang Parkway', '', 'Usak', '25238', '646237101779', '557'), ('209', '1679 Antofagasta Street', '', 'Alto Paran', '86599', '905903574913', '122'), ('210', '1304 s-Hertogenbosch Way', '', 'Santa Catarina', '10925', '90336226227', '83'), ('211', '850 Salala Loop', '', 'Kitaa', '10800', '403404780639', '371'), ('212', '624 Oshawa Boulevard', '', 'West Bengali', '89959', '49677664184', '51'), ('213', '43 Dadu Avenue', '', 'Rajasthan', '4855', '95666951770', '74'), ('214', '751 Lima Loop', '', 'Aden', '99405', '756460337785', '7'), ('215', '1333 Haldia Street', '', 'Jilin', '82161', '408304391718', '174'), ('216', '660 Jedda Boulevard', '', 'Washington', '25053', '168758068397', '65'), ('217', '1001 Miyakonojo Lane', '', 'Taizz', '67924', '584316724815', '518'), ('218', '226 Brest Manor', '', 'California', '2299', '785881412500', '508'), ('219', '1229 Valencia Parkway', '', 'Haskovo', '99124', '352679173732', '498'), ('220', '1201 Qomsheh Manor', '', 'Gois', '21464', '873492228462', '28'), ('221', '866 Shivapuri Manor', '', 'Uttar Pradesh', '22474', '778502731092', '448'), ('222', '1168 Najafabad Parkway', '', 'Kabol', '40301', '886649065861', '251'), ('223', '1244 Allappuzha (Alleppey), Place', '', 'Buenos Aires', '20657', '991802825778', '567'), ('224', '1842 Luzinia Boulevard', '', 'Zanzibar West', '94420', '706878974831', '593'), ('225', '1926 Gingoog Street', '', 'Sisilia', '22824', '469738825391', '511'), ('226', '810 Palghat (Palakkad), Boulevard', '', 'Jaroslavl', '73431', '516331171356', '235'), ('227', '1820 Maring Parkway', '', 'Punjab', '88307', '99760893676', '324'), ('228', '60 Poos de Caldas Street', '', 'Rajasthan', '82338', '963063788669', '243'), ('229', '1014 Loja Manor', '', 'Tamil Nadu', '66851', '460795526514', '22'), ('230', '201 Effon-Alaiye Way', '', 'Asuncin', '64344', '684192903087', '37'), ('231', '430 Alessandria Loop', '', 'Saarland', '47446', '669828224459', '439'), ('232', '754 Valencia Place', '', 'Phnom Penh', '87911', '594319417514', '406'), ('233', '356 Olomouc Manor', '', 'Gois', '93323', '22326410776', '26'), ('234', '1256 Bislig Boulevard', '', 'Botosani', '50598', '479007229460', '86'), ('235', '954 Kimchon Place', '', 'West Bengali', '42420', '541327526474', '559'), ('236', '885 Yingkou Manor', '', 'Kaduna', '31390', '588964509072', '596'), ('237', '1736 Cavite Place', '', 'Qina', '98775', '431770603551', '216'), ('238', '346 Skikda Parkway', '', 'Hawalli', '90628', '630424482919', '233'), ('239', '98 Stara Zagora Boulevard', '', 'Valle', '76448', '610173756082', '96'), ('240', '1479 Rustenburg Boulevard', '', 'Southern Tagalog', '18727', '727785483194', '527'), ('241', '647 A Corua (La Corua), Street', '', 'Chollanam', '36971', '792557457753', '357'), ('242', '1964 Gijn Manor', '', 'Karnataka', '14408', '918119601885', '473'), ('243', '47 Syktyvkar Lane', '', 'West Java', '22236', '63937119031', '118'), ('244', '1148 Saarbrcken Parkway', '', 'Fukushima', '1921', '137773001988', '226'), ('245', '1103 Bilbays Parkway', '', 'Hubei', '87660', '279979529227', '578'), ('246', '1246 Boksburg Parkway', '', 'Hebei', '28349', '890283544295', '422'), ('247', '1483 Pathankot Street', '', 'Tucumn', '37288', '686015532180', '454'), ('248', '582 Papeete Loop', '', 'Central Visayas', '27722', '569868543137', '294'), ('249', '300 Junan Street', '', 'Kyonggi', '81314', '890289150158', '553'), ('250', '829 Grand Prairie Way', '', 'Paran', '6461', '741070712873', '328'), ('251', '1473 Changhwa Parkway', '', 'Mxico', '75933', '266798132374', '124'), ('252', '1309 Weifang Street', '', 'Florida', '57338', '435785045362', '520'), ('253', '1760 Oshawa Manor', '', 'Tianjin', '38140', '56257502250', '535'), ('254', '786 Stara Zagora Way', '', 'Oyo & Osun', '98332', '716256596301', '390'), ('255', '1966 Tonghae Street', '', 'Anhalt Sachsen', '36481', '567359279425', '198'), ('256', '1497 Yuzhou Drive', '', 'England', '3433', '246810237916', '312'), ('258', '752 Ondo Loop', '', 'Miyazaki', '32474', '134673576619', '338'), ('259', '1338 Zalantun Lane', '', 'Minas Gerais', '45403', '840522972766', '413'), ('260', '127 Iwakuni Boulevard', '', 'Central Luzon', '20777', '987442542471', '192'), ('261', '51 Laredo Avenue', '', 'Sagaing', '68146', '884536620568', '342'), ('262', '771 Yaound Manor', '', 'Sofala', '86768', '245477603573', '64'), ('263', '532 Toulon Street', '', 'Santiago', '69517', '46871694740', '460'), ('264', '1027 Banjul Place', '', 'West Bengali', '50390', '538241037443', '197'), ('265', '1158 Mandi Bahauddin Parkway', '', 'Shanxi', '98484', '276555730211', '136'), ('266', '862 Xintai Lane', '', 'Cagayan Valley', '30065', '265153400632', '548'), ('267', '816 Cayenne Parkway', '', 'Manab', '93629', '282874611748', '414'), ('268', '1831 Nam Dinh Loop', '', 'National Capital Reg', '51990', '322888976727', '323'), ('269', '446 Kirovo-Tepetsk Lane', '', 'Osaka', '19428', '303967439816', '203'), ('270', '682 Halisahar Place', '', 'Severn Morava', '20536', '475553436330', '378'), ('271', '1587 Loja Manor', '', 'Salzburg', '5410', '621625204422', '447'), ('272', '1762 Paarl Parkway', '', 'Hunan', '53928', '192459639410', '298'), ('273', '1519 Ilorin Place', '', 'Kerala', '49298', '357445645426', '395'), ('274', '920 Kumbakonam Loop', '', 'California', '75090', '685010736240', '446'), ('275', '906 Goinia Way', '', 'Wielkopolskie', '83565', '701767622697', '255'), ('276', '1675 Xiangfan Manor', '', 'Tamil Nadu', '11763', '271149517630', '283'), ('277', '85 San Felipe de Puerto Plata Drive', '', 'Shandong', '46063', '170739645687', '584'), ('278', '144 South Hill Loop', '', 'Guanajuato', '2012', '45387294817', '445'), ('279', '1884 Shikarpur Avenue', '', 'Haryana', '85548', '959949395183', '263'), ('280', '1980 Kamjanets-Podilskyi Street', '', 'Illinois', '89502', '874337098891', '404'), ('281', '1944 Bamenda Way', '', 'Michigan', '24645', '75975221996', '573'), ('282', '556 Baybay Manor', '', 'Oyo & Osun', '55802', '363982224739', '374'), ('283', '457 Tongliao Loop', '', 'Bursa', '56254', '880756161823', '222'), ('284', '600 Bradford Street', '', 'East Azerbaidzan', '96204', '117592274996', '514'), ('285', '1006 Santa Brbara dOeste Manor', '', 'Ondo & Ekiti', '36229', '85059738746', '389'), ('286', '1308 Sumy Loop', '', 'Fujian', '30657', '583021225407', '175'), ('287', '1405 Chisinau Place', '', 'Ponce', '8160', '62781725285', '411'), ('288', '226 Halifax Street', '', 'Xinxiang', '58492', '790651020929', '277'), ('289', '1279 Udine Parkway', '', 'Edo & Delta', '75860', '195003555232', '69'), ('290', '1336 Benin City Drive', '', 'Shiga', '46044', '341242939532', '386'), ('291', '1155 Liaocheng Place', '', 'Oyo & Osun', '22650', '558236142492', '152'), ('292', '1993 Tabuk Lane', '', 'Tamil Nadu', '64221', '648482415405', '522'), ('293', '86 Higashiosaka Lane', '', 'Guanajuato', '33768', '957128697225', '563'), ('294', '1912 Allende Manor', '', 'Kowloon and New Kowl', '58124', '172262454487', '279'), ('295', '544 Tarsus Boulevard', '', 'Gurico', '53145', '892523334', '562'), ('296', '1936 Cuman Avenue', '', 'Virginia', '61195', '976798660411', '433'), ('297', '1192 Tongliao Street', '', 'Sharja', '19065', '350970907017', '470'), ('298', '44 Najafabad Way', '', 'Baskimaa', '61391', '96604821070', '146'), ('299', '32 Pudukkottai Lane', '', 'Ohio', '38834', '967274728547', '140'), ('300', '661 Chisinau Lane', '', 'Pietari', '8856', '816436065431', '274'), ('301', '951 Stara Zagora Manor', '', 'Punjab', '98573', '429925609431', '400'), ('302', '922 Vila Velha Loop', '', 'Maharashtra', '4085', '510737228015', '9'), ('303', '898 Jining Lane', '', 'Pohjois-Pohjanmaa', '40070', '161643343536', '387'), ('304', '1635 Kuwana Boulevard', '', 'Hiroshima', '52137', '710603868323', '205'), ('305', '41 El Alto Parkway', '', 'Maharashtra', '56883', '51917807050', '398'), ('306', '1883 Maikop Lane', '', 'Kaliningrad', '68469', '96110042435', '254'), ('307', '1908 Gaziantep Place', '', 'Liaoning', '58979', '108053751300', '536'), ('308', '687 Alessandria Parkway', '', 'Sanaa', '57587', '407218522294', '455'), ('309', '827 Yuncheng Drive', '', 'Callao', '79047', '504434452842', '99'), ('310', '913 Coacalco de Berriozbal Loop', '', 'Texas', '42141', '262088367001', '33'), ('311', '715 So Bernardo do Campo Lane', '', 'Kedah', '84804', '181179321332', '507'), ('312', '1354 Siegen Street', '', 'Rio de Janeiro', '80184', '573441801529', '25'), ('313', '1191 Sungai Petani Boulevard', '', 'Missouri', '9668', '983259819766', '262'), ('314', '1224 Huejutla de Reyes Boulevard', '', 'Lombardia', '70923', '806016930576', '91'), ('315', '543 Bergamo Avenue', '', 'Minas Gerais', '59686', '103602195112', '215'), ('316', '746 Joliet Lane', '', 'Kursk', '94878', '688485191923', '286'), ('317', '780 Kimberley Way', '', 'Tabuk', '17032', '824396883951', '515'), ('318', '1774 Yaound Place', '', 'Hubei', '91400', '613124286867', '166'), ('319', '1957 Yantai Lane', '', 'So Paulo', '59255', '704948322302', '490'), ('320', '1542 Lubumbashi Boulevard', '', 'Tel Aviv', '62472', '508800331065', '57'), ('321', '651 Pathankot Loop', '', 'Maharashtra', '59811', '139378397418', '336'), ('322', '1359 Zhoushan Parkway', '', 'Streymoyar', '29763', '46568045367', '545'), ('323', '1769 Iwaki Lane', '', 'Kujawsko-Pomorskie', '25787', '556100547674', '97'), ('324', '1145 Vilnius Manor', '', 'Mxico', '73170', '674805712553', '451'), ('325', '1892 Nabereznyje Telny Lane', '', 'Tutuila', '28396', '478229987054', '516'), ('326', '470 Boksburg Street', '', 'Central', '97960', '908029859266', '81'), ('327', '1427 A Corua (La Corua), Place', '', 'Buenos Aires', '85799', '972574862516', '45'), ('328', '479 San Felipe del Progreso Avenue', '', 'Morelos', '54949', '869051782691', '130'), ('329', '867 Benin City Avenue', '', 'Henan', '78543', '168884817145', '591'), ('330', '981 Kumbakonam Place', '', 'Distrito Federal', '87611', '829116184079', '89'), ('331', '1016 Iwakuni Street', '', 'St George', '49833', '961370847344', '269'), ('332', '663 Baha Blanca Parkway', '', 'Adana', '33463', '834418779292', '5'), ('333', '1860 Taguig Loop', '', 'West Java', '59550', '38158430589', '119'), ('334', '1816 Bydgoszcz Loop', '', 'Dhaka', '64308', '965273813662', '234'), ('335', '587 Benguela Manor', '', 'Illinois', '91590', '165450987037', '42'), ('336', '430 Kumbakonam Drive', '', 'Santa F', '28814', '105470691550', '457'), ('337', '1838 Tabriz Lane', '', 'Dhaka', '1195', '38988715447', '143'), ('338', '431 Szkesfehrvr Avenue', '', 'Baki', '57828', '119501405123', '48'), ('339', '503 Sogamoso Loop', '', 'Sumqayit', '49812', '834626715837', '505'), ('340', '507 Smolensk Loop', '', 'Sousse', '22971', '80303246192', '492'), ('341', '1920 Weifang Avenue', '', 'Uttar Pradesh', '15643', '869507847714', '427'), ('342', '124 al-Manama Way', '', 'Hiroshima', '52368', '647899404952', '382'), ('343', '1443 Mardan Street', '', 'Western Cape', '31483', '231383037471', '392'), ('344', '1909 Benguela Lane', '', 'Henan', '19913', '624138001031', '581'), ('345', '68 Ponce Parkway', '', 'Hanoi', '85926', '870635127812', '201'), ('346', '1217 Konotop Avenue', '', 'Gelderland', '504', '718917251754', '151'), ('347', '1293 Nam Dinh Way', '', 'Roraima', '71583', '697656479977', '84'), ('348', '785 Vaduz Street', '', 'Baja California', '36170', '895616862749', '335'), ('349', '1516 Escobar Drive', '', 'Tongatapu', '46069', '64536069371', '370'), ('350', '1628 Nagareyama Lane', '', 'Central', '60079', '20064292617', '453'), ('351', '1157 Nyeri Loop', '', 'Adygea', '56380', '262744791493', '320'), ('352', '1673 Tangail Drive', '', 'Daugavpils', '26857', '627924259271', '137'), ('353', '381 Kabul Way', '', 'Taipei', '87272', '55477302294', '209'), ('354', '953 Hodeida Street', '', 'Southern Tagalog', '18841', '53912826864', '221'), ('355', '469 Nakhon Sawan Street', '', 'Tuvassia', '58866', '689199636560', '531'), ('356', '1378 Beira Loop', '', 'Krasnojarsk', '40792', '840957664136', '597'), ('357', '1641 Changhwa Place', '', 'Nord-Ouest', '37636', '256546485220', '52'), ('358', '1698 Southport Loop', '', 'Hidalgo', '49009', '754358349853', '393'), ('359', '519 Nyeri Manor', '', 'So Paulo', '37650', '764680915323', '461'), ('360', '619 Hunuco Avenue', '', 'Shimane', '81508', '142596392389', '331'), ('361', '45 Aparecida de Goinia Place', '', 'Madhya Pradesh', '7431', '650496654258', '464'), ('362', '482 Kowloon and New Kowloon Manor', '', 'Bratislava', '97056', '738968474939', '90'), ('363', '604 Bern Place', '', 'Jharkhand', '5373', '620719383725', '429'), ('364', '1623 Kingstown Drive', '', 'Buenos Aires', '91299', '296394569728', '20'), ('365', '1009 Zanzibar Lane', '', 'Arecibo', '64875', '102396298916', '32'), ('366', '114 Jalib al-Shuyukh Manor', '', 'Centre', '60440', '845378657301', '585'), ('367', '1163 London Parkway', '', 'Par', '6066', '675120358494', '66'), ('368', '1658 Jastrzebie-Zdrj Loop', '', 'Central', '96584', '568367775448', '372'), ('369', '817 Laredo Avenue', '', 'Jalisco', '77449', '151249681135', '188'), ('370', '1565 Tangail Manor', '', 'Okinawa', '45750', '634445428822', '377'), ('371', '1912 Emeishan Drive', '', 'Balikesir', '33050', '99883471275', '50'), ('372', '230 Urawa Drive', '', 'Andhra Pradesh', '2738', '166898395731', '8'), ('373', '1922 Miraj Way', '', 'Esfahan', '13203', '320471479776', '356'), ('374', '433 Florencia Street', '', 'Chihuahua', '91330', '561729882725', '250'), ('375', '1049 Matamoros Parkway', '', 'Karnataka', '69640', '960505250340', '191'), ('376', '1061 Ede Avenue', '', 'Southern Tagalog', '57810', '333390595558', '98'), ('377', '154 Oshawa Manor', '', 'East Java', '72771', '440365973660', '415'), ('378', '1191 Tandil Drive', '', 'Southern Tagalog', '6362', '45554316010', '523'), ('379', '1133 Rizhao Avenue', '', 'Pernambuco', '2800', '600264533987', '572'), ('380', '1519 Santiago de los Caballeros Loop', '', 'East Kasai', '22025', '409315295763', '348'), ('381', '1618 Olomouc Manor', '', 'Kurgan', '26385', '96846695220', '285'), ('382', '220 Hidalgo Drive', '', 'Kermanshah', '45298', '342720754566', '265'), ('383', '686 Donostia-San Sebastin Lane', '', 'Guangdong', '97390', '71857599858', '471'), ('384', '97 Mogiljov Lane', '', 'Gujarat', '89294', '924815207181', '73'), ('385', '1642 Charlotte Amalie Drive', '', 'Slaskie', '75442', '821476736117', '549'), ('386', '1368 Maracabo Boulevard', '', '', '32716', '934352415130', '493'), ('387', '401 Sucre Boulevard', '', 'New Hampshire', '25007', '486395999608', '322'), ('388', '368 Hunuco Boulevard', '', 'Namibe', '17165', '106439158941', '360'), ('389', '500 Lincoln Parkway', '', 'Jiangsu', '95509', '550306965159', '210'), ('390', '102 Chapra Drive', '', 'Ibaragi', '14073', '776031833752', '521'), ('391', '1793 Meixian Place', '', 'Hmelnytskyi', '33535', '619966287415', '258'), ('392', '514 Ife Way', '', 'Shaba', '69973', '900235712074', '315'), ('393', '717 Changzhou Lane', '', 'Southern Tagalog', '21615', '426255288071', '104'), ('394', '753 Ilorin Avenue', '', 'Sichuan', '3656', '464511145118', '157'), ('395', '1337 Mit Ghamr Avenue', '', 'Nakhon Sawan', '29810', '175283210378', '358'), ('396', '767 Pyongyang Drive', '', 'Osaka', '83536', '667736124769', '229'), ('397', '614 Pak Kret Street', '', 'Addis Abeba', '27796', '47808359842', '6'), ('398', '954 Lapu-Lapu Way', '', 'Moskova', '8816', '737229003916', '278'), ('399', '331 Bydgoszcz Parkway', '', 'Asturia', '966', '537374465982', '181'), ('400', '1152 Citrus Heights Manor', '', 'al-Qadarif', '5239', '765957414528', '15'), ('401', '168 Cianjur Manor', '', 'Saitama', '73824', '679095087143', '228'), ('402', '616 Hagonoy Avenue', '', 'Krasnojarsk', '46043', '604177838256', '39'), ('403', '1190 0 Place', '', 'Rio Grande do Sul', '10417', '841876514789', '44'), ('404', '734 Bchar Place', '', 'Punjab', '30586', '280578750435', '375'), ('405', '530 Lausanne Lane', '', 'Texas', '11067', '775235029633', '135'), ('406', '454 Patiala Lane', '', 'Fukushima', '13496', '794553031307', '276'), ('407', '1346 Mysore Drive', '', 'Bretagne', '61507', '516647474029', '92'), ('408', '990 Etawah Loop', '', 'Tamil Nadu', '79940', '206169448769', '564'), ('409', '1266 Laredo Parkway', '', 'Saitama', '7664', '1483365694', '380'), ('410', '88 Nagaon Manor', '', 'Buenos Aires', '86868', '779461480495', '524'), ('411', '264 Bhimavaram Manor', '', 'St Thomas', '54749', '302526949177', '111'), ('412', '1639 Saarbrcken Drive', '', 'North West', '9827', '328494873422', '437'), ('413', '692 Amroha Drive', '', 'Northern', '35575', '359478883004', '230'), ('414', '1936 Lapu-Lapu Parkway', '', 'Bauchi & Gombe', '7122', '653436985797', '141'), ('415', '432 Garden Grove Street', '', 'Ontario', '65630', '615964523510', '430'), ('416', '1445 Carmen Parkway', '', 'West Java', '70809', '598912394463', '117'), ('417', '791 Salinas Street', '', 'Punjab', '40509', '129953030512', '208'), ('418', '126 Acua Parkway', '', 'West Bengali', '58888', '480039662421', '71'), ('419', '397 Sunnyvale Avenue', '', 'Guanajuato', '55566', '680851640676', '19'), ('420', '992 Klerksdorp Loop', '', 'Utrecht', '33711', '855290087237', '23'), ('421', '966 Arecibo Loop', '', 'Sind', '94018', '15273765306', '134'), ('422', '289 Santo Andr Manor', '', 'al-Sharqiya', '72410', '214976066017', '16'), ('423', '437 Chungho Drive', '', 'Puerto Plata', '59489', '491271355190', '450'), ('424', '1948 Bayugan Parkway', '', 'Bihar', '60622', '987306329957', '264'), ('425', '1866 al-Qatif Avenue', '', 'California', '89420', '546793516940', '155'), ('426', '1661 Abha Drive', '', 'Tamil Nadu', '14400', '270456873752', '416'), ('427', '1557 Cape Coral Parkway', '', 'Hubei', '46875', '368284120423', '293'), ('428', '1727 Matamoros Place', '', 'Sawhaj', '78813', '129673677866', '465'), ('429', '1269 Botosani Manor', '', 'Guangdong', '47394', '736517327853', '468'), ('430', '355 Vitria de Santo Anto Way', '', 'Oaxaca', '81758', '548003849552', '452'), ('431', '1596 Acua Parkway', '', 'Jharkhand', '70425', '157133457169', '418'), ('432', '259 Ipoh Drive', '', 'So Paulo', '64964', '419009857119', '189'), ('433', '1823 Hoshiarpur Lane', '', 'Komi', '33191', '307133768620', '510'), ('434', '1404 Taguig Drive', '', 'Okayama', '87212', '572068624538', '547'), ('435', '740 Udaipur Lane', '', 'Nizni Novgorod', '33505', '497288595103', '150'), ('436', '287 Cuautla Boulevard', '', 'Chuquisaca', '72736', '82619513349', '501'), ('437', '1766 Almirante Brown Street', '', 'KwaZulu-Natal', '63104', '617567598243', '364'), ('438', '596 Huixquilucan Place', '', 'Nampula', '65892', '342709348083', '351'), ('439', '1351 Aparecida de Goinia Parkway', '', 'Northern Mindanao', '41775', '959834530529', '391'), ('440', '722 Bradford Lane', '', 'Shandong', '90920', '746251338300', '249'), ('441', '983 Santa F Way', '', 'British Colombia', '47472', '145720452260', '565'), ('442', '1245 Ibirit Way', '', 'La Romana', '40926', '331888642162', '290'), ('443', '1836 Korla Parkway', '', 'Copperbelt', '55405', '689681677428', '272'), ('444', '231 Kaliningrad Place', '', 'Lombardia', '57833', '575081026569', '70'), ('445', '495 Bhimavaram Lane', '', 'Maharashtra', '3', '82088937724', '144'), ('446', '1924 Shimonoseki Drive', '', 'Batna', '52625', '406784385440', '59'), ('447', '105 Dzerzinsk Manor', '', 'Inner Mongolia', '48570', '240776414296', '540'), ('448', '614 Denizli Parkway', '', 'Rio Grande do Sul', '29444', '876491807547', '486'), ('449', '1289 Belm Boulevard', '', 'Tartumaa', '88306', '237368926031', '530'), ('450', '203 Tambaram Street', '', 'Buenos Aires', '73942', '411549550611', '161'), ('451', '1704 Tambaram Manor', '', 'West Bengali', '2834', '39463554936', '554'), ('452', '207 Cuernavaca Loop', '', 'Tatarstan', '52671', '782900030287', '352'), ('453', '319 Springs Loop', '', 'Baijeri', '99552', '72524459905', '160'), ('454', '956 Nam Dinh Manor', '', 'Kerman', '21872', '474047727727', '481'), ('455', '1947 Paarl Way', '', 'Central Java', '23636', '834061016202', '509'), ('456', '814 Simferopol Loop', '', 'Sinaloa', '48745', '524567129902', '154'), ('457', '535 Ahmadnagar Manor', '', 'Abu Dhabi', '41136', '985109775584', '3'), ('458', '138 Caracas Boulevard', '', 'Zulia', '16790', '974433019532', '326'), ('459', '251 Florencia Drive', '', 'Michoacn de Ocampo', '16119', '118011831565', '556'), ('460', '659 Gatineau Boulevard', '', 'La Paz', '28587', '205524798287', '153'), ('461', '1889 Valparai Way', '', 'Ziguinchor', '75559', '670370974122', '600'), ('462', '1485 Bratislava Place', '', 'Illinois', '83183', '924663855568', '435'), ('463', '935 Aden Boulevard', '', 'Central Java', '64709', '335052544020', '532'), ('464', '76 Kermanshah Manor', '', 'Esfahan', '23343', '762361821578', '423'), ('465', '734 Tanshui Avenue', '', 'Caquet', '70664', '366776723320', '170'), ('466', '118 Jaffna Loop', '', 'Northern Mindanao', '10447', '325526730021', '182'), ('467', '1621 Tongliao Avenue', '', 'Irkutsk', '22173', '209342540247', '558'), ('468', '1844 Usak Avenue', '', 'Nova Scotia', '84461', '164414772677', '196'), ('469', '1872 Toulon Loop', '', 'OHiggins', '7939', '928809465153', '428'), ('470', '1088 Ibirit Place', '', 'Jalisco', '88502', '49084281333', '595'), ('471', '1322 Mosul Parkway', '', 'Shandong', '95400', '268053970382', '145'), ('472', '1447 Chatsworth Place', '', 'Chihuahua', '41545', '769370126331', '129'), ('473', '1257 Guadalajara Street', '', 'Karnataka', '33599', '195337700615', '78'), ('474', '1469 Plock Lane', '', 'Galicia', '95835', '622884741180', '388'), ('475', '434 Ourense (Orense), Manor', '', 'Hodeida', '14122', '562370137426', '206'), ('476', '270 Tambaram Parkway', '', 'Gauteng', '9668', '248446668735', '244'), ('477', '1786 Salinas Place', '', 'Nam Ha', '66546', '206060652238', '359'), ('478', '1078 Stara Zagora Drive', '', 'Aceh', '69221', '932992626595', '301'), ('479', '1854 Okara Boulevard', '', 'Drenthe', '42123', '131912793873', '158'), ('480', '421 Yaound Street', '', 'Sumy', '11363', '726875628268', '385'), ('481', '1153 Allende Way', '', 'Qubec', '20336', '856872225376', '179'), ('482', '808 Naala-Porto Parkway', '', 'England', '41060', '553452430707', '500'), ('483', '632 Usolje-Sibirskoje Parkway', '', 'Ha Darom', '73085', '667648979883', '36'), ('484', '98 Pyongyang Boulevard', '', 'Ohio', '88749', '191958435142', '11'), ('485', '984 Novoterkassk Loop', '', 'Gaziantep', '28165', '435118527255', '180'), ('486', '64 Korla Street', '', 'Mwanza', '25145', '510383179153', '347'), ('487', '1785 So Bernardo do Campo Street', '', 'Veracruz', '71182', '684529463244', '125'), ('488', '698 Jelets Boulevard', '', 'Denizli', '2596', '975185523021', '142'), ('489', '1297 Alvorada Parkway', '', 'Ningxia', '11839', '508348602835', '587'), ('490', '1909 Dayton Avenue', '', 'Guangdong', '88513', '702955450528', '469'), ('491', '1789 Saint-Denis Parkway', '', 'Coahuila de Zaragoza', '8268', '936806643983', '4'), ('492', '185 Mannheim Lane', '', 'Stavropol', '23661', '589377568313', '408'), ('493', '184 Mandaluyong Street', '', 'Baja California Sur', '94239', '488425406814', '288'), ('494', '591 Sungai Petani Drive', '', 'Okayama', '46400', '37247325001', '376'), ('495', '656 Matamoros Drive', '', 'Boyac', '19489', '17305839123', '487'), ('496', '775 ostka Drive', '', 'al-Daqahliya', '22358', '171973024401', '337'), ('497', '1013 Tabuk Boulevard', '', 'West Bengali', '96203', '158399646978', '261'), ('498', '319 Plock Parkway', '', 'Istanbul', '26101', '854259976812', '504'), ('499', '1954 Kowloon and New Kowloon Way', '', 'Chimborazo', '63667', '898559280434', '434'), ('500', '362 Rajkot Lane', '', 'Gansu', '98030', '962020153680', '47'), ('501', '1060 Tandil Lane', '', 'Shandong', '72349', '211256301880', '432'), ('502', '1515 Korla Way', '', 'England', '57197', '959467760895', '589'), ('503', '1416 San Juan Bautista Tuxtepec Avenue', '', 'Zufar', '50592', '144206758053', '444'), ('504', '1 Valle de Santiago Avenue', '', 'Apulia', '86208', '465897838272', '93'), ('505', '519 Brescia Parkway', '', 'East Java', '69504', '793996678771', '318'), ('506', '414 Mandaluyong Street', '', 'Lubelskie', '16370', '52709222667', '314'), ('507', '1197 Sokoto Boulevard', '', 'West Bengali', '87687', '868602816371', '478'), ('508', '496 Celaya Drive', '', 'Nagano', '90797', '759586584889', '552'), ('509', '786 Matsue Way', '', 'Illinois', '37469', '111177206479', '245'), ('510', '48 Maracabo Place', '', 'Central Luzon', '1570', '82671830126', '519'), ('511', '1152 al-Qatif Lane', '', 'Kalimantan Barat', '44816', '131370665218', '412'), ('512', '1269 Ipoh Avenue', '', 'Eskisehir', '54674', '402630109080', '163'), ('513', '758 Korolev Parkway', '', 'Andhra Pradesh', '75474', '441628280920', '568'), ('514', '1747 Rustenburg Place', '', 'Bihar', '51369', '442673923363', '110'), ('515', '886 Tonghae Place', '', 'Volgograd', '19450', '711928348157', '259'), ('516', '1574 Goinia Boulevard', '', 'Heilongjiang', '39529', '59634255214', '502'), ('517', '548 Uruapan Street', '', 'Ontario', '35653', '879347453467', '312'), ('519', '962 Tama Loop', '', '', '65952', '282667506728', '583'), ('520', '1778 Gijn Manor', '', 'Hubei', '35156', '288910576761', '594'), ('521', '568 Dhule (Dhulia), Loop', '', 'Coquimbo', '92568', '602101369463', '127'), ('522', '1768 Udine Loop', '', 'Battambang', '32347', '448876499197', '60'), ('523', '608 Birgunj Parkway', '', 'Taipei', '400', '627425618482', '116'), ('524', '680 A Corua (La Corua), Manor', '', 'Sivas', '49806', '158326114853', '482'), ('525', '1949 Sanya Street', '', 'Gumma', '61244', '132100972047', '224'), ('526', '617 Klerksdorp Place', '', 'Khanh Hoa', '94707', '574973479129', '366'), ('527', '1993 0 Loop', '', 'Liaoning', '41214', '25865528181', '588'), ('528', '1176 Southend-on-Sea Manor', '', 'Southern Tagalog', '81651', '236679267178', '458'), ('529', '600 Purnea (Purnia), Avenue', '', 'Nghe An', '18043', '638409958875', '571'), ('530', '1003 Qinhuangdao Street', '', 'West Java', '25972', '35533115997', '419'), ('531', '1986 Sivas Place', '', 'Friuli-Venezia Giuli', '95775', '182059202712', '551'), ('532', '1427 Tabuk Place', '', 'Florida', '31342', '214756839122', '101'), ('533', '556 Asuncin Way', '', 'Mogiljov', '35364', '338244023543', '339'), ('534', '486 Ondo Parkway', '', 'Benguela', '35202', '105882218332', '67'), ('535', '635 Brest Manor', '', 'Andhra Pradesh', '40899', '80593242951', '75'), ('536', '166 Jinchang Street', '', 'Buenos Aires', '86760', '717566026669', '165'), ('537', '958 Sagamihara Lane', '', 'Mie', '88408', '427274926505', '287'), ('538', '1817 Livorno Way', '', 'Khanh Hoa', '79401', '478380208348', '100'), ('539', '1332 Gaziantep Lane', '', 'Shandong', '22813', '383353187467', '80'), ('540', '949 Allende Lane', '', 'Uttar Pradesh', '67521', '122981120653', '24'), ('541', '195 Ilorin Street', '', 'Chari-Baguirmi', '49250', '8912935608', '363'), ('542', '193 Bhusawal Place', '', 'Kang-won', '9750', '745267607502', '539'), ('543', '43 Vilnius Manor', '', 'Colorado', '79814', '484500282381', '42'), ('544', '183 Haiphong Street', '', 'Jilin', '69953', '488600270038', '46'), ('545', '163 Augusta-Richmond County Loop', '', 'Carabobo', '33030', '754579047924', '561'), ('546', '191 Jos Azueta Parkway', '', 'Ruse', '13629', '932156667696', '436'), ('547', '379 Lublin Parkway', '', 'Toscana', '74568', '921960450089', '309'), ('548', '1658 Cuman Loop', '', 'Sumatera Selatan', '51309', '784907335610', '396'), ('549', '454 Qinhuangdao Drive', '', 'Tadla-Azilal', '25866', '786270036240', '68'), ('550', '1715 Okayama Street', '', 'So Paulo', '55676', '169352919175', '485'), ('551', '182 Nukualofa Drive', '', 'Sumy', '15414', '426346224043', '275'), ('552', '390 Wroclaw Way', '', 'Hainan', '5753', '357593328658', '462'), ('553', '1421 Quilmes Lane', '', 'Ishikawa', '19151', '135407755975', '260'), ('554', '947 Trshavn Place', '', 'Central Luzon', '841', '50898428626', '528'), ('555', '1764 Jalib al-Shuyukh Parkway', '', 'Galicia', '77642', '84794532510', '459'), ('556', '346 Cam Ranh Avenue', '', 'Zhejiang', '39976', '978430786151', '599'), ('557', '1407 Pachuca de Soto Place', '', 'Rio Grande do Sul', '26284', '380077794770', '21'), ('558', '904 Clarksville Drive', '', 'Zhejiang', '52234', '955349440539', '193'), ('559', '1917 Kumbakonam Parkway', '', 'Vojvodina', '11892', '698182547686', '368'), ('560', '1447 Imus Place', '', 'Gujarat', '12905', '62127829280', '426'), ('561', '1497 Fengshan Drive', '', 'KwaZulu-Natal', '63022', '368738360376', '112'), ('562', '869 Shikarpur Way', '', 'England', '57380', '590764256785', '496'), ('563', '1059 Yuncheng Avenue', '', 'Vilna', '47498', '107092893983', '570'), ('564', '505 Madiun Boulevard', '', 'Dolnoslaskie', '97271', '970638808606', '577'), ('565', '1741 Hoshiarpur Boulevard', '', 'al-Sharqiya', '22372', '855066328617', '79'), ('566', '1229 Varanasi (Benares), Manor', '', 'Buenos Aires', '40195', '817740355461', '43'), ('567', '1894 Boa Vista Way', '', 'Texas', '77464', '239357986667', '178'), ('568', '1342 Sharja Way', '', 'Sokoto & Kebbi & Zam', '93655', '946114054231', '488'), ('569', '1342 Abha Boulevard', '', 'Bukarest', '10714', '997453607116', '95'), ('570', '415 Pune Avenue', '', 'Shandong', '44274', '203202500108', '580'), ('571', '1746 Faaa Way', '', 'Huanuco', '32515', '863080561151', '214'), ('572', '539 Hami Way', '', 'Tokat', '52196', '525518075499', '538'), ('573', '1407 Surakarta Manor', '', 'Moskova', '33224', '324346485054', '466'), ('574', '502 Mandi Bahauddin Parkway', '', 'Anzotegui', '15992', '618156722572', '55'), ('575', '1052 Pathankot Avenue', '', 'Sichuan', '77397', '128499386727', '299'), ('576', '1351 Sousse Lane', '', 'Coahuila de Zaragoza', '37815', '203804046132', '341'), ('577', '1501 Pangkal Pinang Avenue', '', 'Mazowieckie', '943', '770864062795', '409'), ('578', '1405 Hagonoy Avenue', '', 'Slaskie', '86587', '867287719310', '133'), ('579', '521 San Juan Bautista Tuxtepec Place', '', 'Qaraghandy', '95093', '844018348565', '598'), ('580', '923 Tangail Boulevard', '', 'Tokyo-to', '33384', '315528269898', '10'), ('581', '186 Skikda Lane', '', 'Morelos', '89422', '14465669789', '131'), ('582', '1568 Celaya Parkway', '', 'Kaohsiung', '34750', '278669994384', '168'), ('583', '1489 Kakamigahara Lane', '', 'Taipei', '98883', '29341849811', '526'), ('584', '1819 Alessandria Loop', '', 'Campeche', '53829', '377633994405', '103'), ('585', '1208 Tama Loop', '', 'Ninawa', '73605', '954786054144', '344'), ('586', '951 Springs Lane', '', 'Central Mindanao', '96115', '165164761435', '219'), ('587', '760 Miyakonojo Drive', '', 'Guerrero', '64682', '294449058179', '246'), ('588', '966 Asuncin Way', '', 'Hidalgo', '62703', '995527378381', '212'), ('589', '1584 Ljubertsy Lane', '', 'England', '22954', '285710089439', '494'), ('590', '247 Jining Parkway', '', 'Banjul', '53446', '170115379190', '54'), ('591', '773 Dallas Manor', '', 'Buenos Aires', '12664', '914466027044', '424'), ('592', '1923 Stara Zagora Lane', '', 'Nantou', '95179', '182178609211', '546'), ('593', '1402 Zanzibar Boulevard', '', 'Guanajuato', '71102', '387448063440', '106'), ('594', '1464 Kursk Parkway', '', 'Shandong', '17381', '338758048786', '574'), ('595', '1074 Sanaa Parkway', '', 'Loja', '22474', '154124128457', '311'), ('596', '1759 Niznekamsk Avenue', '', 'al-Manama', '39414', '864392582257', '14'), ('597', '32 Liaocheng Way', '', 'Minas Gerais', '1944', '410877354933', '248'), ('598', '42 Fontana Avenue', '', 'Fejr', '14684', '437829801725', '512'), ('599', '1895 Zhezqazghan Drive', '', 'California', '36693', '137809746111', '177'), ('600', '1837 Kaduna Parkway', '', 'Inner Mongolia', '82580', '640843562301', '241'), ('601', '844 Bucuresti Place', '', 'Liaoning', '36603', '935952366111', '242'), ('602', '1101 Bucuresti Boulevard', '', 'West Greece', '97661', '199514580428', '401'), ('603', '1103 Quilmes Boulevard', '', 'Piura', '52137', '644021380889', '503'), ('604', '1331 Usak Boulevard', '', 'Vaud', '61960', '145308717464', '296'), ('605', '1325 Fukuyama Street', '', 'Heilongjiang', '27107', '288241215394', '537');
COMMIT;

-- ----------------------------
--  Table structure for `CITY`
-- ----------------------------
DROP TABLE IF EXISTS `city`;
CREATE TABLE `city` (
  `CITY_ID` int(11) NOT NULL AUTO_INCREMENT,
  `CITY` varchar(50) NOT NULL,
  `COUNTRY_ID` int(11) NOT NULL,
  PRIMARY KEY (`CITY_ID`),
  KEY `FK1F916B61C9ADA` (`COUNTRY_ID`),
  CONSTRAINT `FK1F916B61C9ADA` FOREIGN KEY (`COUNTRY_ID`) REFERENCES `COUNTRY` (`COUNTRY_ID`)
) ENGINE=InnoDB AUTO_INCREMENT=601 DEFAULT CHARSET=latin1;

-- ----------------------------
--  Records of `city`
-- ----------------------------
BEGIN;
INSERT INTO `city` VALUES ('1', 'A Corua (La Corua)', '87'), ('2', 'Abha', '82'), ('3', 'Abu Dhabi', '101'), ('4', 'Acua', '60'), ('5', 'Adana', '97'), ('6', 'Addis Abeba', '31'), ('7', 'Aden', '107'), ('8', 'Adoni', '44'), ('9', 'Ahmadnagar', '44'), ('10', 'Akishima', '50'), ('11', 'Akron', '103'), ('12', 'al-Ayn', '101'), ('13', 'al-Hawiya', '82'), ('14', 'al-Manama', '11'), ('15', 'al-Qadarif', '89'), ('16', 'al-Qatif', '82'), ('17', 'Alessandria', '49'), ('18', 'Allappuzha (Alleppey),', '44'), ('19', 'Allende', '60'), ('20', 'Almirante Brown', '6'), ('21', 'Alvorada', '15'), ('22', 'Ambattur', '44'), ('23', 'Amersfoort', '67'), ('24', 'Amroha', '44'), ('25', 'Angra dos Reis', '15'), ('26', 'Anpolis', '15'), ('27', 'Antofagasta', '22'), ('28', 'Aparecida de Goinia', '15'), ('29', 'Apeldoorn', '67'), ('30', 'Araatuba', '15'), ('31', 'Arak', '46'), ('32', 'Arecibo', '77'), ('33', 'Arlington', '103'), ('34', 'Ashdod', '48'), ('35', 'Ashgabat', '98'), ('36', 'Ashqelon', '48'), ('37', 'Asuncin', '73'), ('38', 'Athenai', '39'), ('39', 'Atinsk', '80'), ('40', 'Atlixco', '60'), ('41', 'Augusta-Richmond County', '103'), ('42', 'Aurora', '103'), ('43', 'Avellaneda', '6'), ('44', 'Bag', '15'), ('45', 'Baha Blanca', '6'), ('46', 'Baicheng', '23'), ('47', 'Baiyin', '23'), ('48', 'Baku', '10'), ('49', 'Balaiha', '80'), ('50', 'Balikesir', '97'), ('51', 'Balurghat', '44'), ('52', 'Bamenda', '19'), ('53', 'Bandar Seri Begawan', '16'), ('54', 'Banjul', '37'), ('55', 'Barcelona', '104'), ('56', 'Basel', '91'), ('57', 'Bat Yam', '48'), ('58', 'Batman', '97'), ('59', 'Batna', '2'), ('60', 'Battambang', '18'), ('61', 'Baybay', '75'), ('62', 'Bayugan', '75'), ('63', 'Bchar', '2'), ('64', 'Beira', '63'), ('65', 'Bellevue', '103'), ('66', 'Belm', '15'), ('67', 'Benguela', '4'), ('68', 'Beni-Mellal', '62'), ('69', 'Benin City', '69'), ('70', 'Bergamo', '49'), ('71', 'Berhampore (Baharampur),', '44'), ('72', 'Bern', '91'), ('73', 'Bhavnagar', '44'), ('74', 'Bhilwara', '44'), ('75', 'Bhimavaram', '44'), ('76', 'Bhopal', '44'), ('77', 'Bhusawal', '44'), ('78', 'Bijapur', '44'), ('79', 'Bilbays', '29'), ('80', 'Binzhou', '23'), ('81', 'Birgunj', '66'), ('82', 'Bislig', '75'), ('83', 'Blumenau', '15'), ('84', 'Boa Vista', '15'), ('85', 'Boksburg', '85'), ('86', 'Botosani', '78'), ('87', 'Botshabelo', '85'), ('88', 'Bradford', '102'), ('89', 'Braslia', '15'), ('90', 'Bratislava', '84'), ('91', 'Brescia', '49'), ('92', 'Brest', '34'), ('93', 'Brindisi', '49'), ('94', 'Brockton', '103'), ('95', 'Bucuresti', '78'), ('96', 'Buenaventura', '24'), ('97', 'Bydgoszcz', '76'), ('98', 'Cabuyao', '75'), ('99', 'Callao', '74'), ('100', 'Cam Ranh', '105'), ('101', 'Cape Coral', '103'), ('102', 'Caracas', '104'), ('103', 'Carmen', '60'), ('104', 'Cavite', '75'), ('105', 'Cayenne', '35'), ('106', 'Celaya', '60'), ('107', 'Chandrapur', '44'), ('108', 'Changhwa', '92'), ('109', 'Changzhou', '23'), ('110', 'Chapra', '44'), ('111', 'Charlotte Amalie', '106'), ('112', 'Chatsworth', '85'), ('113', 'Cheju', '86'), ('114', 'Chiayi', '92'), ('115', 'Chisinau', '61'), ('116', 'Chungho', '92'), ('117', 'Cianjur', '45'), ('118', 'Ciomas', '45'), ('119', 'Ciparay', '45'), ('120', 'Citrus Heights', '103'), ('121', 'Citt del Vaticano', '41'), ('122', 'Ciudad del Este', '73'), ('123', 'Clarksville', '103'), ('124', 'Coacalco de Berriozbal', '60'), ('125', 'Coatzacoalcos', '60'), ('126', 'Compton', '103'), ('127', 'Coquimbo', '22'), ('128', 'Crdoba', '6'), ('129', 'Cuauhtmoc', '60'), ('130', 'Cuautla', '60'), ('131', 'Cuernavaca', '60'), ('132', 'Cuman', '104'), ('133', 'Czestochowa', '76'), ('134', 'Dadu', '72'), ('135', 'Dallas', '103'), ('136', 'Datong', '23'), ('137', 'Daugavpils', '54'), ('138', 'Davao', '75'), ('139', 'Daxian', '23'), ('140', 'Dayton', '103'), ('141', 'Deba Habe', '69'), ('142', 'Denizli', '97'), ('143', 'Dhaka', '12'), ('144', 'Dhule (Dhulia),', '44'), ('145', 'Dongying', '23'), ('146', 'Donostia-San Sebastin', '87'), ('147', 'Dos Quebradas', '24'), ('148', 'Duisburg', '38'), ('149', 'Dundee', '102'), ('150', 'Dzerzinsk', '80'), ('151', 'Ede', '67'), ('152', 'Effon-Alaiye', '69'), ('153', 'El Alto', '14'), ('154', 'El Fuerte', '60'), ('155', 'El Monte', '103'), ('156', 'Elista', '80'), ('157', 'Emeishan', '23'), ('158', 'Emmen', '67'), ('159', 'Enshi', '23'), ('160', 'Erlangen', '38'), ('161', 'Escobar', '6'), ('162', 'Esfahan', '46'), ('163', 'Eskisehir', '97'), ('164', 'Etawah', '44'), ('165', 'Ezeiza', '6'), ('166', 'Ezhou', '23'), ('167', 'Faaa', '36'), ('168', 'Fengshan', '92'), ('169', 'Firozabad', '44'), ('170', 'Florencia', '24'), ('171', 'Fontana', '103'), ('172', 'Fukuyama', '50'), ('173', 'Funafuti', '99'), ('174', 'Fuyu', '23'), ('175', 'Fuzhou', '23'), ('176', 'Gandhinagar', '44'), ('177', 'Garden Grove', '103'), ('178', 'Garland', '103'), ('179', 'Gatineau', '20'), ('180', 'Gaziantep', '97'), ('181', 'Gijn', '87'), ('182', 'Gingoog', '75'), ('183', 'Goinia', '15'), ('184', 'Gorontalo', '45'), ('185', 'Grand Prairie', '103'), ('186', 'Graz', '9'), ('187', 'Greensboro', '103'), ('188', 'Guadalajara', '60'), ('189', 'Guaruj', '15'), ('190', 'guas Lindas de Gois', '15'), ('191', 'Gulbarga', '44'), ('192', 'Hagonoy', '75'), ('193', 'Haining', '23'), ('194', 'Haiphong', '105'), ('195', 'Haldia', '44'), ('196', 'Halifax', '20'), ('197', 'Halisahar', '44'), ('198', 'Halle/Saale', '38'), ('199', 'Hami', '23'), ('200', 'Hamilton', '68'), ('201', 'Hanoi', '105'), ('202', 'Hidalgo', '60'), ('203', 'Higashiosaka', '50'), ('204', 'Hino', '50'), ('205', 'Hiroshima', '50'), ('206', 'Hodeida', '107'), ('207', 'Hohhot', '23'), ('208', 'Hoshiarpur', '44'), ('209', 'Hsichuh', '92'), ('210', 'Huaian', '23'), ('211', 'Hubli-Dharwad', '44'), ('212', 'Huejutla de Reyes', '60'), ('213', 'Huixquilucan', '60'), ('214', 'Hunuco', '74'), ('215', 'Ibirit', '15'), ('216', 'Idfu', '29'), ('217', 'Ife', '69'), ('218', 'Ikerre', '69'), ('219', 'Iligan', '75'), ('220', 'Ilorin', '69'), ('221', 'Imus', '75'), ('222', 'Inegl', '97'), ('223', 'Ipoh', '59'), ('224', 'Isesaki', '50'), ('225', 'Ivanovo', '80'), ('226', 'Iwaki', '50'), ('227', 'Iwakuni', '50'), ('228', 'Iwatsuki', '50'), ('229', 'Izumisano', '50'), ('230', 'Jaffna', '88'), ('231', 'Jaipur', '44'), ('232', 'Jakarta', '45'), ('233', 'Jalib al-Shuyukh', '53'), ('234', 'Jamalpur', '12'), ('235', 'Jaroslavl', '80'), ('236', 'Jastrzebie-Zdrj', '76'), ('237', 'Jedda', '82'), ('238', 'Jelets', '80'), ('239', 'Jhansi', '44'), ('240', 'Jinchang', '23'), ('241', 'Jining', '23'), ('242', 'Jinzhou', '23'), ('243', 'Jodhpur', '44'), ('244', 'Johannesburg', '85'), ('245', 'Joliet', '103'), ('246', 'Jos Azueta', '60'), ('247', 'Juazeiro do Norte', '15'), ('248', 'Juiz de Fora', '15'), ('249', 'Junan', '23'), ('250', 'Jurez', '60'), ('251', 'Kabul', '1'), ('252', 'Kaduna', '69'), ('253', 'Kakamigahara', '50'), ('254', 'Kaliningrad', '80'), ('255', 'Kalisz', '76'), ('256', 'Kamakura', '50'), ('257', 'Kamarhati', '44'), ('258', 'Kamjanets-Podilskyi', '100'), ('259', 'Kamyin', '80'), ('260', 'Kanazawa', '50'), ('261', 'Kanchrapara', '44'), ('262', 'Kansas City', '103'), ('263', 'Karnal', '44'), ('264', 'Katihar', '44'), ('265', 'Kermanshah', '46'), ('266', 'Kilis', '97'), ('267', 'Kimberley', '85'), ('268', 'Kimchon', '86'), ('269', 'Kingstown', '81'), ('270', 'Kirovo-Tepetsk', '80'), ('271', 'Kisumu', '52'), ('272', 'Kitwe', '109'), ('273', 'Klerksdorp', '85'), ('274', 'Kolpino', '80'), ('275', 'Konotop', '100'), ('276', 'Koriyama', '50'), ('277', 'Korla', '23'), ('278', 'Korolev', '80'), ('279', 'Kowloon and New Kowloon', '42'), ('280', 'Kragujevac', '108'), ('281', 'Ktahya', '97'), ('282', 'Kuching', '59'), ('283', 'Kumbakonam', '44'), ('284', 'Kurashiki', '50'), ('285', 'Kurgan', '80'), ('286', 'Kursk', '80'), ('287', 'Kuwana', '50'), ('288', 'La Paz', '60'), ('289', 'La Plata', '6'), ('290', 'La Romana', '27'), ('291', 'Laiwu', '23'), ('292', 'Lancaster', '103'), ('293', 'Laohekou', '23'), ('294', 'Lapu-Lapu', '75'), ('295', 'Laredo', '103'), ('296', 'Lausanne', '91'), ('297', 'Le Mans', '34'), ('298', 'Lengshuijiang', '23'), ('299', 'Leshan', '23'), ('300', 'Lethbridge', '20'), ('301', 'Lhokseumawe', '45'), ('302', 'Liaocheng', '23'), ('303', 'Liepaja', '54'), ('304', 'Lilongwe', '58'), ('305', 'Lima', '74'), ('306', 'Lincoln', '103'), ('307', 'Linz', '9'), ('308', 'Lipetsk', '80'), ('309', 'Livorno', '49'), ('310', 'Ljubertsy', '80'), ('311', 'Loja', '28'), ('312', 'London', '102'), ('313', 'London', '20'), ('314', 'Lublin', '76'), ('315', 'Lubumbashi', '25'), ('316', 'Lungtan', '92'), ('317', 'Luzinia', '15'), ('318', 'Madiun', '45'), ('319', 'Mahajanga', '57'), ('320', 'Maikop', '80'), ('321', 'Malm', '90'), ('322', 'Manchester', '103'), ('323', 'Mandaluyong', '75'), ('324', 'Mandi Bahauddin', '72'), ('325', 'Mannheim', '38'), ('326', 'Maracabo', '104'), ('327', 'Mardan', '72'), ('328', 'Maring', '15'), ('329', 'Masqat', '71'), ('330', 'Matamoros', '60'), ('331', 'Matsue', '50'), ('332', 'Meixian', '23'), ('333', 'Memphis', '103'), ('334', 'Merlo', '6'), ('335', 'Mexicali', '60'), ('336', 'Miraj', '44'), ('337', 'Mit Ghamr', '29'), ('338', 'Miyakonojo', '50'), ('339', 'Mogiljov', '13'), ('340', 'Molodetno', '13'), ('341', 'Monclova', '60'), ('342', 'Monywa', '64'), ('343', 'Moscow', '80'), ('344', 'Mosul', '47'), ('345', 'Mukateve', '100'), ('346', 'Munger (Monghyr),', '44'), ('347', 'Mwanza', '93'), ('348', 'Mwene-Ditu', '25'), ('349', 'Myingyan', '64'), ('350', 'Mysore', '44'), ('351', 'Naala-Porto', '63'), ('352', 'Nabereznyje Telny', '80'), ('353', 'Nador', '62'), ('354', 'Nagaon', '44'), ('355', 'Nagareyama', '50'), ('356', 'Najafabad', '46'), ('357', 'Naju', '86'), ('358', 'Nakhon Sawan', '94'), ('359', 'Nam Dinh', '105'), ('360', 'Namibe', '4'), ('361', 'Nantou', '92'), ('362', 'Nanyang', '23'), ('363', 'NDjamna', '21'), ('364', 'Newcastle', '85'), ('365', 'Nezahualcyotl', '60'), ('366', 'Nha Trang', '105'), ('367', 'Niznekamsk', '80'), ('368', 'Novi Sad', '108'), ('369', 'Novoterkassk', '80'), ('370', 'Nukualofa', '95'), ('371', 'Nuuk', '40'), ('372', 'Nyeri', '52'), ('373', 'Ocumare del Tuy', '104'), ('374', 'Ogbomosho', '69'), ('375', 'Okara', '72'), ('376', 'Okayama', '50'), ('377', 'Okinawa', '50'), ('378', 'Olomouc', '26'), ('379', 'Omdurman', '89'), ('380', 'Omiya', '50'), ('381', 'Ondo', '69'), ('382', 'Onomichi', '50'), ('383', 'Oshawa', '20'), ('384', 'Osmaniye', '97'), ('385', 'ostka', '100'), ('386', 'Otsu', '50'), ('387', 'Oulu', '33'), ('388', 'Ourense (Orense),', '87'), ('389', 'Owo', '69'), ('390', 'Oyo', '69'), ('391', 'Ozamis', '75'), ('392', 'Paarl', '85'), ('393', 'Pachuca de Soto', '60'), ('394', 'Pak Kret', '94'), ('395', 'Palghat (Palakkad),', '44'), ('396', 'Pangkal Pinang', '45'), ('397', 'Papeete', '36'), ('398', 'Parbhani', '44'), ('399', 'Pathankot', '44'), ('400', 'Patiala', '44'), ('401', 'Patras', '39'), ('402', 'Pavlodar', '51'), ('403', 'Pemalang', '45'), ('404', 'Peoria', '103'), ('405', 'Pereira', '24'), ('406', 'Phnom Penh', '18'), ('407', 'Pingxiang', '23'), ('408', 'Pjatigorsk', '80'), ('409', 'Plock', '76'), ('410', 'Po', '15'), ('411', 'Ponce', '77'), ('412', 'Pontianak', '45'), ('413', 'Poos de Caldas', '15'), ('414', 'Portoviejo', '28'), ('415', 'Probolinggo', '45'), ('416', 'Pudukkottai', '44'), ('417', 'Pune', '44'), ('418', 'Purnea (Purnia),', '44'), ('419', 'Purwakarta', '45'), ('420', 'Pyongyang', '70'), ('421', 'Qalyub', '29'), ('422', 'Qinhuangdao', '23'), ('423', 'Qomsheh', '46'), ('424', 'Quilmes', '6'), ('425', 'Rae Bareli', '44'), ('426', 'Rajkot', '44'), ('427', 'Rampur', '44'), ('428', 'Rancagua', '22'), ('429', 'Ranchi', '44'), ('430', 'Richmond Hill', '20'), ('431', 'Rio Claro', '15'), ('432', 'Rizhao', '23'), ('433', 'Roanoke', '103'), ('434', 'Robamba', '28'), ('435', 'Rockford', '103'), ('436', 'Ruse', '17'), ('437', 'Rustenburg', '85'), ('438', 's-Hertogenbosch', '67'), ('439', 'Saarbrcken', '38'), ('440', 'Sagamihara', '50'), ('441', 'Saint Louis', '103'), ('442', 'Saint-Denis', '79'), ('443', 'Sal', '62'), ('444', 'Salala', '71'), ('445', 'Salamanca', '60'), ('446', 'Salinas', '103'), ('447', 'Salzburg', '9'), ('448', 'Sambhal', '44'), ('449', 'San Bernardino', '103'), ('450', 'San Felipe de Puerto Plata', '27'), ('451', 'San Felipe del Progreso', '60'), ('452', 'San Juan Bautista Tuxtepec', '60'), ('453', 'San Lorenzo', '73'), ('454', 'San Miguel de Tucumn', '6'), ('455', 'Sanaa', '107'), ('456', 'Santa Brbara dOeste', '15'), ('457', 'Santa F', '6'), ('458', 'Santa Rosa', '75'), ('459', 'Santiago de Compostela', '87'), ('460', 'Santiago de los Caballeros', '27'), ('461', 'Santo Andr', '15'), ('462', 'Sanya', '23'), ('463', 'Sasebo', '50'), ('464', 'Satna', '44'), ('465', 'Sawhaj', '29'), ('466', 'Serpuhov', '80'), ('467', 'Shahr-e Kord', '46'), ('468', 'Shanwei', '23'), ('469', 'Shaoguan', '23'), ('470', 'Sharja', '101'), ('471', 'Shenzhen', '23'), ('472', 'Shikarpur', '72'), ('473', 'Shimoga', '44'), ('474', 'Shimonoseki', '50'), ('475', 'Shivapuri', '44'), ('476', 'Shubra al-Khayma', '29'), ('477', 'Siegen', '38'), ('478', 'Siliguri (Shiliguri),', '44'), ('479', 'Simferopol', '100'), ('480', 'Sincelejo', '24'), ('481', 'Sirjan', '46'), ('482', 'Sivas', '97'), ('483', 'Skikda', '2'), ('484', 'Smolensk', '80'), ('485', 'So Bernardo do Campo', '15'), ('486', 'So Leopoldo', '15'), ('487', 'Sogamoso', '24'), ('488', 'Sokoto', '69'), ('489', 'Songkhla', '94'), ('490', 'Sorocaba', '15'), ('491', 'Soshanguve', '85'), ('492', 'Sousse', '96'), ('493', 'South Hill', '5'), ('494', 'Southampton', '102'), ('495', 'Southend-on-Sea', '102'), ('496', 'Southport', '102'), ('497', 'Springs', '85'), ('498', 'Stara Zagora', '17'), ('499', 'Sterling Heights', '103'), ('500', 'Stockport', '102'), ('501', 'Sucre', '14'), ('502', 'Suihua', '23'), ('503', 'Sullana', '74'), ('504', 'Sultanbeyli', '97'), ('505', 'Sumqayit', '10'), ('506', 'Sumy', '100'), ('507', 'Sungai Petani', '59'), ('508', 'Sunnyvale', '103'), ('509', 'Surakarta', '45'), ('510', 'Syktyvkar', '80'), ('511', 'Syrakusa', '49'), ('512', 'Szkesfehrvr', '43'), ('513', 'Tabora', '93'), ('514', 'Tabriz', '46'), ('515', 'Tabuk', '82'), ('516', 'Tafuna', '3'), ('517', 'Taguig', '75'), ('518', 'Taizz', '107'), ('519', 'Talavera', '75'), ('520', 'Tallahassee', '103'), ('521', 'Tama', '50'), ('522', 'Tambaram', '44'), ('523', 'Tanauan', '75'), ('524', 'Tandil', '6'), ('525', 'Tangail', '12'), ('526', 'Tanshui', '92'), ('527', 'Tanza', '75'), ('528', 'Tarlac', '75'), ('529', 'Tarsus', '97'), ('530', 'Tartu', '30'), ('531', 'Teboksary', '80'), ('532', 'Tegal', '45'), ('533', 'Tel Aviv-Jaffa', '48'), ('534', 'Tete', '63'), ('535', 'Tianjin', '23'), ('536', 'Tiefa', '23'), ('537', 'Tieli', '23'), ('538', 'Tokat', '97'), ('539', 'Tonghae', '86'), ('540', 'Tongliao', '23'), ('541', 'Torren', '60'), ('542', 'Touliu', '92'), ('543', 'Toulon', '34'), ('544', 'Toulouse', '34'), ('545', 'Trshavn', '32'), ('546', 'Tsaotun', '92'), ('547', 'Tsuyama', '50'), ('548', 'Tuguegarao', '75'), ('549', 'Tychy', '76'), ('550', 'Udaipur', '44'), ('551', 'Udine', '49'), ('552', 'Ueda', '50'), ('553', 'Uijongbu', '86'), ('554', 'Uluberia', '44'), ('555', 'Urawa', '50'), ('556', 'Uruapan', '60'), ('557', 'Usak', '97'), ('558', 'Usolje-Sibirskoje', '80'), ('559', 'Uttarpara-Kotrung', '44'), ('560', 'Vaduz', '55'), ('561', 'Valencia', '104'), ('562', 'Valle de la Pascua', '104'), ('563', 'Valle de Santiago', '60'), ('564', 'Valparai', '44'), ('565', 'Vancouver', '20'), ('566', 'Varanasi (Benares),', '44'), ('567', 'Vicente Lpez', '6'), ('568', 'Vijayawada', '44'), ('569', 'Vila Velha', '15'), ('570', 'Vilnius', '56'), ('571', 'Vinh', '105'), ('572', 'Vitria de Santo Anto', '15'), ('573', 'Warren', '103'), ('574', 'Weifang', '23'), ('575', 'Witten', '38'), ('576', 'Woodridge', '8'), ('577', 'Wroclaw', '76'), ('578', 'Xiangfan', '23'), ('579', 'Xiangtan', '23'), ('580', 'Xintai', '23'), ('581', 'Xinxiang', '23'), ('582', 'Yamuna Nagar', '44'), ('583', 'Yangor', '65'), ('584', 'Yantai', '23'), ('585', 'Yaound', '19'), ('586', 'Yerevan', '7'), ('587', 'Yinchuan', '23'), ('588', 'Yingkou', '23'), ('589', 'York', '102'), ('590', 'Yuncheng', '23'), ('591', 'Yuzhou', '23'), ('592', 'Zalantun', '23'), ('593', 'Zanzibar', '93'), ('594', 'Zaoyang', '23'), ('595', 'Zapopan', '60'), ('596', 'Zaria', '69'), ('597', 'Zeleznogorsk', '80'), ('598', 'Zhezqazghan', '51'), ('599', 'Zhoushan', '23'), ('600', 'Ziguinchor', '83');
COMMIT;

-- ----------------------------
--  Table structure for `COUNTRY`
-- ----------------------------
DROP TABLE IF EXISTS `country`;
CREATE TABLE `country` (
  `COUNTRY_ID` int(11) NOT NULL AUTO_INCREMENT,
  `COUNTRY` varchar(50) NOT NULL,
  PRIMARY KEY (`COUNTRY_ID`)
) ENGINE=InnoDB AUTO_INCREMENT=110 DEFAULT CHARSET=latin1;

-- ----------------------------
--  Records of `COUNTRY`
-- ----------------------------
BEGIN;
INSERT INTO `country` VALUES ('1', 'Afghanistan'), ('2', 'Algeria'), ('3', 'American Samoa'), ('4', 'Angola'), ('5', 'Anguilla'), ('6', 'Argentina'), ('7', 'Armenia'), ('8', 'Australia'), ('9', 'Austria'), ('10', 'Azerbaijan'), ('11', 'Bahrain'), ('12', 'Bangladesh'), ('13', 'Belarus'), ('14', 'Bolivia'), ('15', 'Brazil'), ('16', 'Brunei'), ('17', 'Bulgaria'), ('18', 'Cambodia'), ('19', 'Cameroon'), ('20', 'Canada'), ('21', 'Chad'), ('22', 'Chile'), ('23', 'China'), ('24', 'Colombia'), ('25', 'Congo, The Democratic Republic of the'), ('26', 'Czech Republic'), ('27', 'Dominican Republic'), ('28', 'Ecuador'), ('29', 'Egypt'), ('30', 'Estonia'), ('31', 'Ethiopia'), ('32', 'Faroe Islands'), ('33', 'Finland'), ('34', 'France'), ('35', 'French Guiana'), ('36', 'French Polynesia'), ('37', 'Gambia'), ('38', 'Germany'), ('39', 'Greece'), ('40', 'Greenland'), ('41', 'Holy See (Vatican City State),'), ('42', 'Hong Kong'), ('43', 'Hungary'), ('44', 'India'), ('45', 'Indonesia'), ('46', 'Iran'), ('47', 'Iraq'), ('48', 'Israel'), ('49', 'Italy'), ('50', 'Japan'), ('51', 'Kazakstan'), ('52', 'Kenya'), ('53', 'Kuwait'), ('54', 'Latvia'), ('55', 'Liechtenstein'), ('56', 'Lithuania'), ('57', 'Madagascar'), ('58', 'Malawi'), ('59', 'Malaysia'), ('60', 'Mexico'), ('61', 'Moldova'), ('62', 'Morocco'), ('63', 'Mozambique'), ('64', 'Myanmar'), ('65', 'Nauru'), ('66', 'Nepal'), ('67', 'Netherlands'), ('68', 'New Zealand'), ('69', 'Nigeria'), ('70', 'North Korea'), ('71', 'Oman'), ('72', 'Pakistan'), ('73', 'Paraguay'), ('74', 'Peru'), ('75', 'Philippines'), ('76', 'Poland'), ('77', 'Puerto Rico'), ('78', 'Romania'), ('79', 'Runion'), ('80', 'Russian Federation'), ('81', 'Saint Vincent and the Grenadines'), ('82', 'Saudi Arabia'), ('83', 'Senegal'), ('84', 'Slovakia'), ('85', 'South Africa'), ('86', 'South Korea'), ('87', 'Spain'), ('88', 'Sri Lanka'), ('89', 'Sudan'), ('90', 'Sweden'), ('91', 'Switzerland'), ('92', 'Taiwan'), ('93', 'Tanzania'), ('94', 'Thailand'), ('95', 'Tonga'), ('96', 'Tunisia'), ('97', 'Turkey'), ('98', 'Turkmenistan'), ('99', 'Tuvalu'), ('100', 'Ukraine'), ('101', 'United Arab Emirates'), ('102', 'United Kingdom'), ('103', 'United States'), ('104', 'Venezuela'), ('105', 'Vietnam'), ('106', 'Virgin Islands, U.S.'), ('107', 'Yemen'), ('108', 'Yugoslavia'), ('109', 'Zambia');
COMMIT;

-- ----------------------------
--  Table structure for `CUSTOMER`
-- ----------------------------
DROP TABLE IF EXISTS `customer`;
CREATE TABLE `customer` (
  `CUSTOMER_ID` int(11) NOT NULL AUTO_INCREMENT,
  `FIRST_NAME` varchar(45) DEFAULT NULL,
  `LAST_NAME` varchar(45) DEFAULT NULL,
  `EMAIL` varchar(50) DEFAULT NULL,
  `ACTIVE` int(11) DEFAULT NULL,
  `CREATE_DATE` datetime DEFAULT NULL,
  `ADDRESS_ID` int(11) DEFAULT NULL,
  `STORE_ID` int(11) DEFAULT NULL,
  PRIMARY KEY (`CUSTOMER_ID`),
  KEY `FK52C76FDE1530D61A` (`ADDRESS_ID`),
  KEY `FK52C76FDED50FCAFA` (`STORE_ID`),
  CONSTRAINT `FK52C76FDED50FCAFA` FOREIGN KEY (`STORE_ID`) REFERENCES `store` (`STORE_ID`),
  CONSTRAINT `FK52C76FDE1530D61A` FOREIGN KEY (`ADDRESS_ID`) REFERENCES `address` (`ADDRESS_ID`)
) ENGINE=InnoDB AUTO_INCREMENT=101 DEFAULT CHARSET=latin1;

-- ----------------------------
--  Records of `CUSTOMER`
-- ----------------------------
BEGIN;
INSERT INTO `customer` VALUES ('1', 'MARY', 'SMITH', 'MARY.SMITH@sakilacustomer.org', '1', '2006-02-14 22:04:36', '5', '1'), ('2', 'PATRICIA', 'JOHNSON', 'PATRICIA.JOHNSON@sakilacustomer.org', '1', '2006-02-14 22:04:36', '6', '1'), ('3', 'LINDA', 'WILLIAMS', 'LINDA.WILLIAMS@sakilacustomer.org', '1', '2006-02-14 22:04:36', '7', '1'), ('4', 'BARBARA', 'JONES', 'BARBARA.JONES@sakilacustomer.org', '1', '2006-02-14 22:04:36', '8', '2'), ('5', 'ELIZABETH', 'BROWN', 'ELIZABETH.BROWN@sakilacustomer.org', '1', '2006-02-14 22:04:36', '9', '1'), ('6', 'JENNIFER', 'DAVIS', 'JENNIFER.DAVIS@sakilacustomer.org', '1', '2006-02-14 22:04:36', '10', '2'), ('7', 'MARIA', 'MILLER', 'MARIA.MILLER@sakilacustomer.org', '1', '2006-02-14 22:04:36', '11', '1'), ('8', 'SUSAN', 'WILSON', 'SUSAN.WILSON@sakilacustomer.org', '1', '2006-02-14 22:04:36', '12', '2'), ('9', 'MARGARET', 'MOORE', 'MARGARET.MOORE@sakilacustomer.org', '1', '2006-02-14 22:04:36', '13', '2'), ('10', 'DOROTHY', 'TAYLOR', 'DOROTHY.TAYLOR@sakilacustomer.org', '1', '2006-02-14 22:04:36', '14', '1'), ('11', 'LISA', 'ANDERSON', 'LISA.ANDERSON@sakilacustomer.org', '1', '2006-02-14 22:04:36', '15', '2'), ('12', 'NANCY', 'THOMAS', 'NANCY.THOMAS@sakilacustomer.org', '1', '2006-02-14 22:04:36', '16', '1'), ('13', 'KAREN', 'JACKSON', 'KAREN.JACKSON@sakilacustomer.org', '1', '2006-02-14 22:04:36', '17', '2'), ('14', 'BETTY', 'WHITE', 'BETTY.WHITE@sakilacustomer.org', '1', '2006-02-14 22:04:36', '18', '2'), ('15', 'HELEN', 'HARRIS', 'HELEN.HARRIS@sakilacustomer.org', '1', '2006-02-14 22:04:36', '19', '1'), ('16', 'SANDRA', 'MARTIN', 'SANDRA.MARTIN@sakilacustomer.org', '0', '2006-02-14 22:04:36', '20', '2'), ('17', 'DONNA', 'THOMPSON', 'DONNA.THOMPSON@sakilacustomer.org', '1', '2006-02-14 22:04:36', '21', '1'), ('18', 'CAROL', 'GARCIA', 'CAROL.GARCIA@sakilacustomer.org', '1', '2006-02-14 22:04:36', '22', '2'), ('19', 'RUTH', 'MARTINEZ', 'RUTH.MARTINEZ@sakilacustomer.org', '1', '2006-02-14 22:04:36', '23', '1'), ('20', 'SHARON', 'ROBINSON', 'SHARON.ROBINSON@sakilacustomer.org', '1', '2006-02-14 22:04:36', '24', '2'), ('21', 'MICHELLE', 'CLARK', 'MICHELLE.CLARK@sakilacustomer.org', '1', '2006-02-14 22:04:36', '25', '1'), ('22', 'LAURA', 'RODRIGUEZ', 'LAURA.RODRIGUEZ@sakilacustomer.org', '1', '2006-02-14 22:04:36', '26', '1'), ('23', 'SARAH', 'LEWIS', 'SARAH.LEWIS@sakilacustomer.org', '1', '2006-02-14 22:04:36', '27', '2'), ('24', 'KIMBERLY', 'LEE', 'KIMBERLY.LEE@sakilacustomer.org', '1', '2006-02-14 22:04:36', '28', '2'), ('25', 'DEBORAH', 'WALKER', 'DEBORAH.WALKER@sakilacustomer.org', '1', '2006-02-14 22:04:36', '29', '1'), ('26', 'JESSICA', 'HALL', 'JESSICA.HALL@sakilacustomer.org', '1', '2006-02-14 22:04:36', '30', '2'), ('27', 'SHIRLEY', 'ALLEN', 'SHIRLEY.ALLEN@sakilacustomer.org', '1', '2006-02-14 22:04:36', '31', '2'), ('28', 'CYNTHIA', 'YOUNG', 'CYNTHIA.YOUNG@sakilacustomer.org', '1', '2006-02-14 22:04:36', '32', '1'), ('29', 'ANGELA', 'HERNANDEZ', 'ANGELA.HERNANDEZ@sakilacustomer.org', '1', '2006-02-14 22:04:36', '33', '2'), ('30', 'MELISSA', 'KING', 'MELISSA.KING@sakilacustomer.org', '1', '2006-02-14 22:04:36', '34', '1'), ('31', 'BRENDA', 'WRIGHT', 'BRENDA.WRIGHT@sakilacustomer.org', '1', '2006-02-14 22:04:36', '35', '2'), ('32', 'AMY', 'LOPEZ', 'AMY.LOPEZ@sakilacustomer.org', '1', '2006-02-14 22:04:36', '36', '1'), ('33', 'ANNA', 'HILL', 'ANNA.HILL@sakilacustomer.org', '1', '2006-02-14 22:04:36', '37', '2'), ('34', 'REBECCA', 'SCOTT', 'REBECCA.SCOTT@sakilacustomer.org', '1', '2006-02-14 22:04:36', '38', '2'), ('35', 'VIRGINIA', 'GREEN', 'VIRGINIA.GREEN@sakilacustomer.org', '1', '2006-02-14 22:04:36', '39', '2'), ('36', 'KATHLEEN', 'ADAMS', 'KATHLEEN.ADAMS@sakilacustomer.org', '1', '2006-02-14 22:04:36', '40', '2'), ('37', 'PAMELA', 'BAKER', 'PAMELA.BAKER@sakilacustomer.org', '1', '2006-02-14 22:04:36', '41', '1'), ('38', 'MARTHA', 'GONZALEZ', 'MARTHA.GONZALEZ@sakilacustomer.org', '1', '2006-02-14 22:04:36', '42', '1'), ('39', 'DEBRA', 'NELSON', 'DEBRA.NELSON@sakilacustomer.org', '1', '2006-02-14 22:04:36', '43', '1'), ('40', 'AMANDA', 'CARTER', 'AMANDA.CARTER@sakilacustomer.org', '1', '2006-02-14 22:04:36', '44', '2'), ('41', 'STEPHANIE', 'MITCHELL', 'STEPHANIE.MITCHELL@sakilacustomer.org', '1', '2006-02-14 22:04:36', '45', '1'), ('42', 'CAROLYN', 'PEREZ', 'CAROLYN.PEREZ@sakilacustomer.org', '1', '2006-02-14 22:04:36', '46', '2'), ('43', 'CHRISTINE', 'ROBERTS', 'CHRISTINE.ROBERTS@sakilacustomer.org', '1', '2006-02-14 22:04:36', '47', '2'), ('44', 'MARIE', 'TURNER', 'MARIE.TURNER@sakilacustomer.org', '1', '2006-02-14 22:04:36', '48', '1'), ('45', 'JANET', 'PHILLIPS', 'JANET.PHILLIPS@sakilacustomer.org', '1', '2006-02-14 22:04:36', '49', '1'), ('46', 'CATHERINE', 'CAMPBELL', 'CATHERINE.CAMPBELL@sakilacustomer.org', '1', '2006-02-14 22:04:36', '50', '2'), ('47', 'FRANCES', 'PARKER', 'FRANCES.PARKER@sakilacustomer.org', '1', '2006-02-14 22:04:36', '51', '1'), ('48', 'ANN', 'EVANS', 'ANN.EVANS@sakilacustomer.org', '1', '2006-02-14 22:04:36', '52', '1'), ('49', 'JOYCE', 'EDWARDS', 'JOYCE.EDWARDS@sakilacustomer.org', '1', '2006-02-14 22:04:36', '53', '2'), ('50', 'DIANE', 'COLLINS', 'DIANE.COLLINS@sakilacustomer.org', '1', '2006-02-14 22:04:36', '54', '1'), ('51', 'ALICE', 'STEWART', 'ALICE.STEWART@sakilacustomer.org', '1', '2006-02-14 22:04:36', '55', '1'), ('52', 'JULIE', 'SANCHEZ', 'JULIE.SANCHEZ@sakilacustomer.org', '1', '2006-02-14 22:04:36', '56', '1'), ('53', 'HEATHER', 'MORRIS', 'HEATHER.MORRIS@sakilacustomer.org', '1', '2006-02-14 22:04:36', '57', '1'), ('54', 'TERESA', 'ROGERS', 'TERESA.ROGERS@sakilacustomer.org', '1', '2006-02-14 22:04:36', '58', '1'), ('55', 'DORIS', 'REED', 'DORIS.REED@sakilacustomer.org', '1', '2006-02-14 22:04:36', '59', '2'), ('56', 'GLORIA', 'COOK', 'GLORIA.COOK@sakilacustomer.org', '1', '2006-02-14 22:04:36', '60', '1'), ('57', 'EVELYN', 'MORGAN', 'EVELYN.MORGAN@sakilacustomer.org', '1', '2006-02-14 22:04:36', '61', '2'), ('58', 'JEAN', 'BELL', 'JEAN.BELL@sakilacustomer.org', '1', '2006-02-14 22:04:36', '62', '1'), ('59', 'CHERYL', 'MURPHY', 'CHERYL.MURPHY@sakilacustomer.org', '1', '2006-02-14 22:04:36', '63', '1'), ('60', 'MILDRED', 'BAILEY', 'MILDRED.BAILEY@sakilacustomer.org', '1', '2006-02-14 22:04:36', '64', '1'), ('61', 'KATHERINE', 'RIVERA', 'KATHERINE.RIVERA@sakilacustomer.org', '1', '2006-02-14 22:04:36', '65', '2'), ('62', 'JOAN', 'COOPER', 'JOAN.COOPER@sakilacustomer.org', '1', '2006-02-14 22:04:36', '66', '1'), ('63', 'ASHLEY', 'RICHARDSON', 'ASHLEY.RICHARDSON@sakilacustomer.org', '1', '2006-02-14 22:04:36', '67', '1'), ('64', 'JUDITH', 'COX', 'JUDITH.COX@sakilacustomer.org', '0', '2006-02-14 22:04:36', '68', '2'), ('65', 'ROSE', 'HOWARD', 'ROSE.HOWARD@sakilacustomer.org', '1', '2006-02-14 22:04:36', '69', '2'), ('66', 'JANICE', 'WARD', 'JANICE.WARD@sakilacustomer.org', '1', '2006-02-14 22:04:36', '70', '2'), ('67', 'KELLY', 'TORRES', 'KELLY.TORRES@sakilacustomer.org', '1', '2006-02-14 22:04:36', '71', '1'), ('68', 'NICOLE', 'PETERSON', 'NICOLE.PETERSON@sakilacustomer.org', '1', '2006-02-14 22:04:36', '72', '1'), ('69', 'JUDY', 'GRAY', 'JUDY.GRAY@sakilacustomer.org', '1', '2006-02-14 22:04:36', '73', '2'), ('70', 'CHRISTINA', 'RAMIREZ', 'CHRISTINA.RAMIREZ@sakilacustomer.org', '1', '2006-02-14 22:04:36', '74', '2'), ('71', 'KATHY', 'JAMES', 'KATHY.JAMES@sakilacustomer.org', '1', '2006-02-14 22:04:36', '75', '1'), ('72', 'THERESA', 'WATSON', 'THERESA.WATSON@sakilacustomer.org', '1', '2006-02-14 22:04:36', '76', '2'), ('73', 'BEVERLY', 'BROOKS', 'BEVERLY.BROOKS@sakilacustomer.org', '1', '2006-02-14 22:04:36', '77', '2'), ('74', 'DENISE', 'KELLY', 'DENISE.KELLY@sakilacustomer.org', '1', '2006-02-14 22:04:36', '78', '1'), ('75', 'TAMMY', 'SANDERS', 'TAMMY.SANDERS@sakilacustomer.org', '1', '2006-02-14 22:04:36', '79', '2'), ('76', 'IRENE', 'PRICE', 'IRENE.PRICE@sakilacustomer.org', '1', '2006-02-14 22:04:36', '80', '2'), ('77', 'JANE', 'BENNETT', 'JANE.BENNETT@sakilacustomer.org', '1', '2006-02-14 22:04:36', '81', '2'), ('78', 'LORI', 'WOOD', 'LORI.WOOD@sakilacustomer.org', '1', '2006-02-14 22:04:36', '82', '1'), ('79', 'RACHEL', 'BARNES', 'RACHEL.BARNES@sakilacustomer.org', '1', '2006-02-14 22:04:36', '83', '1'), ('80', 'MARILYN', 'ROSS', 'MARILYN.ROSS@sakilacustomer.org', '1', '2006-02-14 22:04:36', '84', '1'), ('81', 'ANDREA', 'HENDERSON', 'ANDREA.HENDERSON@sakilacustomer.org', '1', '2006-02-14 22:04:36', '85', '1'), ('82', 'KATHRYN', 'COLEMAN', 'KATHRYN.COLEMAN@sakilacustomer.org', '1', '2006-02-14 22:04:36', '86', '1'), ('83', 'LOUISE', 'JENKINS', 'LOUISE.JENKINS@sakilacustomer.org', '1', '2006-02-14 22:04:36', '87', '1'), ('84', 'SARA', 'PERRY', 'SARA.PERRY@sakilacustomer.org', '1', '2006-02-14 22:04:36', '88', '2'), ('85', 'ANNE', 'POWELL', 'ANNE.POWELL@sakilacustomer.org', '1', '2006-02-14 22:04:36', '89', '2'), ('86', 'JACQUELINE', 'LONG', 'JACQUELINE.LONG@sakilacustomer.org', '1', '2006-02-14 22:04:36', '90', '2'), ('87', 'WANDA', 'PATTERSON', 'WANDA.PATTERSON@sakilacustomer.org', '1', '2006-02-14 22:04:36', '91', '1'), ('88', 'BONNIE', 'HUGHES', 'BONNIE.HUGHES@sakilacustomer.org', '1', '2006-02-14 22:04:36', '92', '2'), ('89', 'JULIA', 'FLORES', 'JULIA.FLORES@sakilacustomer.org', '1', '2006-02-14 22:04:36', '93', '1'), ('90', 'RUBY', 'WASHINGTON', 'RUBY.WASHINGTON@sakilacustomer.org', '1', '2006-02-14 22:04:36', '94', '2'), ('91', 'LOIS', 'BUTLER', 'LOIS.BUTLER@sakilacustomer.org', '1', '2006-02-14 22:04:36', '95', '2'), ('92', 'TINA', 'SIMMONS', 'TINA.SIMMONS@sakilacustomer.org', '1', '2006-02-14 22:04:36', '96', '2'), ('93', 'PHYLLIS', 'FOSTER', 'PHYLLIS.FOSTER@sakilacustomer.org', '1', '2006-02-14 22:04:36', '97', '1'), ('94', 'NORMA', 'GONZALES', 'NORMA.GONZALES@sakilacustomer.org', '1', '2006-02-14 22:04:36', '98', '1'), ('95', 'PAULA', 'BRYANT', 'PAULA.BRYANT@sakilacustomer.org', '1', '2006-02-14 22:04:36', '99', '2'), ('96', 'DIANA', 'ALEXANDER', 'DIANA.ALEXANDER@sakilacustomer.org', '1', '2006-02-14 22:04:36', '100', '1'), ('97', 'ANNIE', 'RUSSELL', 'ANNIE.RUSSELL@sakilacustomer.org', '1', '2006-02-14 22:04:36', '101', '2'), ('98', 'LILLIAN', 'GRIFFIN', 'LILLIAN.GRIFFIN@sakilacustomer.org', '1', '2006-02-14 22:04:36', '102', '1'), ('99', 'EMILY', 'DIAZ', 'EMILY.DIAZ@sakilacustomer.org', '1', '2006-02-14 22:04:36', '103', '2'), ('100', 'ROBIN', 'HAYES', 'ROBIN.HAYES@sakilacustomer.org', '1', '2006-02-14 22:04:36', '104', '1');
COMMIT;

-- ----------------------------
--  Table structure for `FILM`
-- ----------------------------
DROP TABLE IF EXISTS `film`;
CREATE TABLE `film` (
  `FILM_ID` int(11) NOT NULL AUTO_INCREMENT,
  `TITLE` varchar(255) NOT NULL,
  `DESCRIPTION` varchar(500) DEFAULT NULL,
  `RELEASE_YEAR` varchar(4) DEFAULT NULL,
  `RENTAL_DURATION` int(11) NOT NULL,
  `RENTAL_RATE` decimal(4,2) NOT NULL,
  `LENGTH` int(11) DEFAULT NULL,
  `REPLACEMENT_COST` decimal(5,2) NOT NULL,
  `RATING` varchar(5) DEFAULT NULL,
  `SPECIAL_FEATURES` varchar(20) DEFAULT NULL,
  PRIMARY KEY (`FILM_ID`)
) ENGINE=InnoDB AUTO_INCREMENT=1001 DEFAULT CHARSET=latin1;

-- ----------------------------
--  Records of `FILM`
-- ----------------------------
BEGIN;
INSERT INTO `film` VALUES ('1', 'ACADEMY DINOSAUR', 'A Epic Drama of a Feminist And a Mad Scientist who must Battle a Teacher in The Canadian Rockies', '2006', '6', '0.99', '86', '20.99', 'PG', 'Deleted Scenes,Behin'), ('2', 'ACE GOLDFINGER', 'A Astounding Epistle of a Database Administrator And a Explorer who must Find a Car in Ancient China', '2006', '3', '4.99', '48', '12.99', 'G', 'Trailers,Deleted Sce'), ('3', 'ADAPTATION HOLES', 'A Astounding Reflection of a Lumberjack And a Car who must Sink a Lumberjack in A Baloon Factory', '2006', '7', '2.99', '50', '18.99', 'NC-17', 'Trailers,Deleted Sce'), ('4', 'AFFAIR PREJUDICE', 'A Fanciful Documentary of a Frisbee And a Lumberjack who must Chase a Monkey in A Shark Tank', '2006', '5', '2.99', '117', '26.99', 'G', 'Commentaries,Behind '), ('5', 'AFRICAN EGG', 'A Fast-Paced Documentary of a Pastry Chef And a Dentist who must Pursue a Forensic Psychologist in The Gulf of Mexico', '2006', '6', '2.99', '130', '22.99', 'G', 'Deleted Scenes'), ('6', 'AGENT TRUMAN', 'A Intrepid Panorama of a Robot And a Boy who must Escape a Sumo Wrestler in Ancient China', '2006', '3', '2.99', '169', '17.99', 'PG', 'Deleted Scenes'), ('7', 'AIRPLANE SIERRA', 'A Touching Saga of a Hunter And a Butler who must Discover a Butler in A Jet Boat', '2006', '6', '4.99', '62', '28.99', 'PG-13', 'Trailers,Deleted Sce'), ('8', 'AIRPORT POLLOCK', 'A Epic Tale of a Moose And a Girl who must Confront a Monkey in Ancient India', '2006', '6', '4.99', '54', '15.99', 'R', 'Trailers'), ('9', 'ALABAMA DEVIL', 'A Thoughtful Panorama of a Database Administrator And a Mad Scientist who must Outgun a Mad Scientist in A Jet Boat', '2006', '3', '2.99', '114', '21.99', 'PG-13', 'Trailers,Deleted Sce'), ('10', 'ALADDIN CALENDAR', 'A Action-Packed Tale of a Man And a Lumberjack who must Reach a Feminist in Ancient China', '2006', '6', '4.99', '63', '24.99', 'NC-17', 'Trailers,Deleted Sce'), ('11', 'ALAMO VIDEOTAPE', 'A Boring Epistle of a Butler And a Cat who must Fight a Pastry Chef in A MySQL Convention', '2006', '6', '0.99', '126', '16.99', 'G', 'Commentaries,Behind '), ('12', 'ALASKA PHANTOM', 'A Fanciful Saga of a Hunter And a Pastry Chef who must Vanquish a Boy in Australia', '2006', '6', '0.99', '136', '22.99', 'PG', 'Commentaries,Deleted'), ('13', 'ALI FOREVER', 'A Action-Packed Drama of a Dentist And a Crocodile who must Battle a Feminist in The Canadian Rockies', '2006', '4', '4.99', '150', '21.99', 'PG', 'Deleted Scenes,Behin'), ('14', 'ALICE FANTASIA', 'A Emotional Drama of a A Shark And a Database Administrator who must Vanquish a Pioneer in Soviet Georgia', '2006', '6', '0.99', '94', '23.99', 'NC-17', 'Trailers,Deleted Sce'), ('15', 'ALIEN CENTER', 'A Brilliant Drama of a Cat And a Mad Scientist who must Battle a Feminist in A MySQL Convention', '2006', '5', '2.99', '46', '10.99', 'NC-17', 'Trailers,Commentarie'), ('16', 'ALLEY EVOLUTION', 'A Fast-Paced Drama of a Robot And a Composer who must Battle a Astronaut in New Orleans', '2006', '6', '2.99', '180', '23.99', 'NC-17', 'Trailers,Commentarie'), ('17', 'ALONE TRIP', 'A Fast-Paced Character Study of a Composer And a Dog who must Outgun a Boat in An Abandoned Fun House', '2006', '3', '0.99', '82', '14.99', 'R', 'Trailers,Behind the '), ('18', 'ALTER VICTORY', 'A Thoughtful Drama of a Composer And a Feminist who must Meet a Secret Agent in The Canadian Rockies', '2006', '6', '0.99', '57', '27.99', 'PG-13', 'Trailers,Behind the '), ('19', 'AMADEUS HOLY', 'A Emotional Display of a Pioneer And a Technical Writer who must Battle a Man in A Baloon', '2006', '6', '0.99', '113', '20.99', 'PG', 'Commentaries,Deleted'), ('20', 'AMELIE HELLFIGHTERS', 'A Boring Drama of a Woman And a Squirrel who must Conquer a Student in A Baloon', '2006', '4', '4.99', '79', '23.99', 'R', 'Commentaries,Deleted'), ('21', 'AMERICAN CIRCUS', 'A Insightful Drama of a Girl And a Astronaut who must Face a Database Administrator in A Shark Tank', '2006', '3', '4.99', '129', '17.99', 'R', 'Commentaries,Behind '), ('22', 'AMISTAD MIDSUMMER', 'A Emotional Character Study of a Dentist And a Crocodile who must Meet a Sumo Wrestler in California', '2006', '6', '2.99', '85', '10.99', 'G', 'Commentaries,Behind '), ('23', 'ANACONDA CONFESSIONS', 'A Lacklusture Display of a Dentist And a Dentist who must Fight a Girl in Australia', '2006', '3', '0.99', '92', '9.99', 'R', 'Trailers,Deleted Sce'), ('24', 'ANALYZE HOOSIERS', 'A Thoughtful Display of a Explorer And a Pastry Chef who must Overcome a Feminist in The Sahara Desert', '2006', '6', '2.99', '181', '19.99', 'R', 'Trailers,Behind the '), ('25', 'ANGELS LIFE', 'A Thoughtful Display of a Woman And a Astronaut who must Battle a Robot in Berlin', '2006', '3', '2.99', '74', '15.99', 'G', 'Trailers'), ('26', 'ANNIE IDENTITY', 'A Amazing Panorama of a Pastry Chef And a Boat who must Escape a Woman in An Abandoned Amusement Park', '2006', '3', '0.99', '86', '15.99', 'G', 'Commentaries,Deleted'), ('27', 'ANONYMOUS HUMAN', 'A Amazing Reflection of a Database Administrator And a Astronaut who must Outrace a Database Administrator in A Shark Tank', '2006', '7', '0.99', '179', '12.99', 'NC-17', 'Deleted Scenes,Behin'), ('28', 'ANTHEM LUKE', 'A Touching Panorama of a Waitress And a Woman who must Outrace a Dog in An Abandoned Amusement Park', '2006', '5', '4.99', '91', '16.99', 'PG-13', 'Deleted Scenes,Behin'), ('29', 'ANTITRUST TOMATOES', 'A Fateful Yarn of a Womanizer And a Feminist who must Succumb a Database Administrator in Ancient India', '2006', '5', '2.99', '168', '11.99', 'NC-17', 'Trailers,Commentarie'), ('30', 'ANYTHING SAVANNAH', 'A Epic Story of a Pastry Chef And a Woman who must Chase a Feminist in An Abandoned Fun House', '2006', '4', '2.99', '82', '27.99', 'R', 'Trailers,Deleted Sce'), ('31', 'APACHE DIVINE', 'A Awe-Inspiring Reflection of a Pastry Chef And a Teacher who must Overcome a Sumo Wrestler in A U-Boat', '2006', '5', '4.99', '92', '16.99', 'NC-17', 'Commentaries,Deleted'), ('32', 'APOCALYPSE FLAMINGOS', 'A Astounding Story of a Dog And a Squirrel who must Defeat a Woman in An Abandoned Amusement Park', '2006', '6', '4.99', '119', '11.99', 'R', 'Trailers,Commentarie'), ('33', 'APOLLO TEEN', 'A Action-Packed Reflection of a Crocodile And a Explorer who must Find a Sumo Wrestler in An Abandoned Mine Shaft', '2006', '5', '2.99', '153', '15.99', 'PG-13', 'Trailers,Commentarie'), ('34', 'ARABIA DOGMA', 'A Touching Epistle of a Madman And a Mad Cow who must Defeat a Student in Nigeria', '2006', '6', '0.99', '62', '29.99', 'NC-17', 'Commentaries,Deleted'), ('35', 'ARACHNOPHOBIA ROLLERCOASTER', 'A Action-Packed Reflection of a Pastry Chef And a Composer who must Discover a Mad Scientist in The First Manned Space Station', '2006', '4', '2.99', '147', '24.99', 'PG-13', 'Trailers,Deleted Sce'), ('36', 'ARGONAUTS TOWN', 'A Emotional Epistle of a Forensic Psychologist And a Butler who must Challenge a Waitress in An Abandoned Mine Shaft', '2006', '7', '0.99', '127', '12.99', 'PG-13', 'Trailers,Commentarie'), ('37', 'ARIZONA BANG', 'A Brilliant Panorama of a Mad Scientist And a Mad Cow who must Meet a Pioneer in A Monastery', '2006', '3', '2.99', '121', '28.99', 'PG', 'Trailers,Deleted Sce'), ('38', 'ARK RIDGEMONT', 'A Beautiful Yarn of a Pioneer And a Monkey who must Pursue a Explorer in The Sahara Desert', '2006', '6', '0.99', '68', '25.99', 'NC-17', 'Trailers,Commentarie'), ('39', 'ARMAGEDDON LOST', 'A Fast-Paced Tale of a Boat And a Teacher who must Succumb a Composer in An Abandoned Mine Shaft', '2006', '5', '0.99', '99', '10.99', 'G', 'Trailers'), ('40', 'ARMY FLINTSTONES', 'A Boring Saga of a Database Administrator And a Womanizer who must Battle a Waitress in Nigeria', '2006', '4', '0.99', '148', '22.99', 'R', 'Trailers,Commentarie'), ('41', 'ARSENIC INDEPENDENCE', 'A Fanciful Documentary of a Mad Cow And a Womanizer who must Find a Dentist in Berlin', '2006', '4', '0.99', '137', '17.99', 'PG', 'Trailers,Deleted Sce'), ('42', 'ARTIST COLDBLOODED', 'A Stunning Reflection of a Robot And a Moose who must Challenge a Woman in California', '2006', '5', '2.99', '170', '10.99', 'NC-17', 'Trailers,Behind the '), ('43', 'ATLANTIS CAUSE', 'A Thrilling Yarn of a Feminist And a Hunter who must Fight a Technical Writer in A Shark Tank', '2006', '6', '2.99', '170', '15.99', 'G', 'Behind the Scenes'), ('44', 'ATTACKS HATE', 'A Fast-Paced Panorama of a Technical Writer And a Mad Scientist who must Find a Feminist in An Abandoned Mine Shaft', '2006', '5', '4.99', '113', '21.99', 'PG-13', 'Trailers,Behind the '), ('45', 'ATTRACTION NEWTON', 'A Astounding Panorama of a Composer And a Frisbee who must Reach a Husband in Ancient Japan', '2006', '5', '4.99', '83', '14.99', 'PG-13', 'Trailers,Behind the '), ('46', 'AUTUMN CROW', 'A Beautiful Tale of a Dentist And a Mad Cow who must Battle a Moose in The Sahara Desert', '2006', '3', '4.99', '108', '13.99', 'G', 'Trailers,Commentarie'), ('47', 'BABY HALL', 'A Boring Character Study of a A Shark And a Girl who must Outrace a Feminist in An Abandoned Mine Shaft', '2006', '5', '4.99', '153', '23.99', 'NC-17', 'Commentaries'), ('48', 'BACKLASH UNDEFEATED', 'A Stunning Character Study of a Mad Scientist And a Mad Cow who must Kill a Car in A Monastery', '2006', '3', '4.99', '118', '24.99', 'PG-13', 'Trailers,Behind the '), ('49', 'BADMAN DAWN', 'A Emotional Panorama of a Pioneer And a Composer who must Escape a Mad Scientist in A Jet Boat', '2006', '6', '2.99', '162', '22.99', 'R', 'Trailers,Commentarie'), ('50', 'BAKED CLEOPATRA', 'A Stunning Drama of a Forensic Psychologist And a Husband who must Overcome a Waitress in A Monastery', '2006', '3', '2.99', '182', '20.99', 'G', 'Commentaries,Behind '), ('51', 'BALLOON HOMEWARD', 'A Insightful Panorama of a Forensic Psychologist And a Mad Cow who must Build a Mad Scientist in The First Manned Space Station', '2006', '5', '2.99', '75', '10.99', 'NC-17', 'Deleted Scenes'), ('52', 'BALLROOM MOCKINGBIRD', 'A Thrilling Documentary of a Composer And a Monkey who must Find a Feminist in California', '2006', '6', '0.99', '173', '29.99', 'G', 'Commentaries,Deleted'), ('53', 'BANG KWAI', 'A Epic Drama of a Madman And a Cat who must Face a A Shark in An Abandoned Amusement Park', '2006', '5', '2.99', '87', '25.99', 'NC-17', 'Commentaries,Deleted'), ('54', 'BANGER PINOCCHIO', 'A Awe-Inspiring Drama of a Car And a Pastry Chef who must Chase a Crocodile in The First Manned Space Station', '2006', '5', '0.99', '113', '15.99', 'R', 'Trailers,Commentarie'), ('55', 'BARBARELLA STREETCAR', 'A Awe-Inspiring Story of a Feminist And a Cat who must Conquer a Dog in A Monastery', '2006', '6', '2.99', '65', '27.99', 'G', 'Behind the Scenes'), ('56', 'BAREFOOT MANCHURIAN', 'A Intrepid Story of a Cat And a Student who must Vanquish a Girl in An Abandoned Amusement Park', '2006', '6', '2.99', '129', '15.99', 'G', 'Trailers,Commentarie'), ('57', 'BASIC EASY', 'A Stunning Epistle of a Man And a Husband who must Reach a Mad Scientist in A Jet Boat', '2006', '4', '2.99', '90', '18.99', 'PG-13', 'Deleted Scenes'), ('58', 'BEACH HEARTBREAKERS', 'A Fateful Display of a Womanizer And a Mad Scientist who must Outgun a A Shark in Soviet Georgia', '2006', '6', '2.99', '122', '16.99', 'G', 'Deleted Scenes,Behin'), ('59', 'BEAR GRACELAND', 'A Astounding Saga of a Dog And a Boy who must Kill a Teacher in The First Manned Space Station', '2006', '4', '2.99', '160', '20.99', 'R', 'Deleted Scenes'), ('60', 'BEAST HUNCHBACK', 'A Awe-Inspiring Epistle of a Student And a Squirrel who must Defeat a Boy in Ancient China', '2006', '3', '4.99', '89', '22.99', 'R', 'Deleted Scenes,Behin'), ('61', 'BEAUTY GREASE', 'A Fast-Paced Display of a Composer And a Moose who must Sink a Robot in An Abandoned Mine Shaft', '2006', '5', '4.99', '175', '28.99', 'G', 'Trailers,Commentarie'), ('62', 'BED HIGHBALL', 'A Astounding Panorama of a Lumberjack And a Dog who must Redeem a Woman in An Abandoned Fun House', '2006', '5', '2.99', '106', '23.99', 'NC-17', 'Trailers,Commentarie'), ('63', 'BEDAZZLED MARRIED', 'A Astounding Character Study of a Madman And a Robot who must Meet a Mad Scientist in An Abandoned Fun House', '2006', '6', '0.99', '73', '21.99', 'PG', 'Trailers,Deleted Sce'), ('64', 'BEETHOVEN EXORCIST', 'A Epic Display of a Pioneer And a Student who must Challenge a Butler in The Gulf of Mexico', '2006', '6', '0.99', '151', '26.99', 'PG-13', 'Commentaries,Behind '), ('65', 'BEHAVIOR RUNAWAY', 'A Unbelieveable Drama of a Student And a Husband who must Outrace a Sumo Wrestler in Berlin', '2006', '3', '4.99', '100', '20.99', 'PG', 'Trailers,Deleted Sce'), ('66', 'BENEATH RUSH', 'A Astounding Panorama of a Man And a Monkey who must Discover a Man in The First Manned Space Station', '2006', '6', '0.99', '53', '27.99', 'NC-17', 'Commentaries,Deleted'), ('67', 'BERETS AGENT', 'A Taut Saga of a Crocodile And a Boy who must Overcome a Technical Writer in Ancient China', '2006', '5', '2.99', '77', '24.99', 'PG-13', 'Deleted Scenes'), ('68', 'BETRAYED REAR', 'A Emotional Character Study of a Boat And a Pioneer who must Find a Explorer in A Shark Tank', '2006', '5', '4.99', '122', '26.99', 'NC-17', 'Commentaries,Deleted'), ('69', 'BEVERLY OUTLAW', 'A Fanciful Documentary of a Womanizer And a Boat who must Defeat a Madman in The First Manned Space Station', '2006', '3', '2.99', '85', '21.99', 'R', 'Trailers'), ('70', 'BIKINI BORROWERS', 'A Astounding Drama of a Astronaut And a Cat who must Discover a Woman in The First Manned Space Station', '2006', '7', '4.99', '142', '26.99', 'NC-17', 'Commentaries,Deleted'), ('71', 'BILKO ANONYMOUS', 'A Emotional Reflection of a Teacher And a Man who must Meet a Cat in The First Manned Space Station', '2006', '3', '4.99', '100', '25.99', 'PG-13', 'Commentaries,Deleted'), ('72', 'BILL OTHERS', 'A Stunning Saga of a Mad Scientist And a Forensic Psychologist who must Challenge a Squirrel in A MySQL Convention', '2006', '6', '2.99', '93', '12.99', 'PG', 'Trailers,Commentarie'), ('73', 'BINGO TALENTED', 'A Touching Tale of a Girl And a Crocodile who must Discover a Waitress in Nigeria', '2006', '5', '2.99', '150', '22.99', 'PG-13', 'Trailers,Commentarie'), ('74', 'BIRCH ANTITRUST', 'A Fanciful Panorama of a Husband And a Pioneer who must Outgun a Dog in A Baloon', '2006', '4', '4.99', '162', '18.99', 'PG', 'Trailers,Commentarie'), ('75', 'BIRD INDEPENDENCE', 'A Thrilling Documentary of a Car And a Student who must Sink a Hunter in The Canadian Rockies', '2006', '6', '4.99', '163', '14.99', 'G', 'Commentaries,Behind '), ('76', 'BIRDCAGE CASPER', 'A Fast-Paced Saga of a Frisbee And a Astronaut who must Overcome a Feminist in Ancient India', '2006', '4', '0.99', '103', '23.99', 'NC-17', 'Commentaries,Deleted'), ('77', 'BIRDS PERDITION', 'A Boring Story of a Womanizer And a Pioneer who must Face a Dog in California', '2006', '5', '4.99', '61', '15.99', 'G', 'Trailers,Behind the '), ('78', 'BLACKOUT PRIVATE', 'A Intrepid Yarn of a Pastry Chef And a Mad Scientist who must Challenge a Secret Agent in Ancient Japan', '2006', '7', '2.99', '85', '12.99', 'PG', 'Trailers,Deleted Sce'), ('79', 'BLADE POLISH', 'A Thoughtful Character Study of a Frisbee And a Pastry Chef who must Fight a Dentist in The First Manned Space Station', '2006', '5', '0.99', '114', '10.99', 'PG-13', 'Trailers,Behind the '), ('80', 'BLANKET BEVERLY', 'A Emotional Documentary of a Student And a Girl who must Build a Boat in Nigeria', '2006', '7', '2.99', '148', '21.99', 'G', 'Trailers'), ('81', 'BLINDNESS GUN', 'A Touching Drama of a Robot And a Dentist who must Meet a Hunter in A Jet Boat', '2006', '6', '4.99', '103', '29.99', 'PG-13', 'Trailers,Behind the '), ('82', 'BLOOD ARGONAUTS', 'A Boring Drama of a Explorer And a Man who must Kill a Lumberjack in A Manhattan Penthouse', '2006', '3', '0.99', '71', '13.99', 'G', 'Trailers,Commentarie'), ('83', 'BLUES INSTINCT', 'A Insightful Documentary of a Boat And a Composer who must Meet a Forensic Psychologist in An Abandoned Fun House', '2006', '5', '2.99', '50', '18.99', 'G', 'Trailers,Deleted Sce'), ('84', 'BOILED DARES', 'A Awe-Inspiring Story of a Waitress And a Dog who must Discover a Dentist in Ancient Japan', '2006', '7', '4.99', '102', '13.99', 'PG', 'Trailers,Commentarie'), ('85', 'BONNIE HOLOCAUST', 'A Fast-Paced Story of a Crocodile And a Robot who must Find a Moose in Ancient Japan', '2006', '4', '0.99', '63', '29.99', 'G', 'Deleted Scenes'), ('86', 'BOOGIE AMELIE', 'A Lacklusture Character Study of a Husband And a Sumo Wrestler who must Succumb a Technical Writer in The Gulf of Mexico', '2006', '6', '4.99', '121', '11.99', 'R', 'Commentaries,Behind '), ('87', 'BOONDOCK BALLROOM', 'A Fateful Panorama of a Crocodile And a Boy who must Defeat a Monkey in The Gulf of Mexico', '2006', '7', '0.99', '76', '14.99', 'NC-17', 'Behind the Scenes'), ('88', 'BORN SPINAL', 'A Touching Epistle of a Frisbee And a Husband who must Pursue a Student in Nigeria', '2006', '7', '4.99', '179', '17.99', 'PG', 'Trailers,Commentarie'), ('89', 'BORROWERS BEDAZZLED', 'A Brilliant Epistle of a Teacher And a Sumo Wrestler who must Defeat a Man in An Abandoned Fun House', '2006', '7', '0.99', '63', '22.99', 'G', 'Commentaries,Deleted'), ('90', 'BOULEVARD MOB', 'A Fateful Epistle of a Moose And a Monkey who must Confront a Lumberjack in Ancient China', '2006', '3', '0.99', '63', '11.99', 'R', 'Trailers'), ('91', 'BOUND CHEAPER', 'A Thrilling Panorama of a Database Administrator And a Astronaut who must Challenge a Lumberjack in A Baloon', '2006', '5', '0.99', '98', '17.99', 'PG', 'Behind the Scenes'), ('92', 'BOWFINGER GABLES', 'A Fast-Paced Yarn of a Waitress And a Composer who must Outgun a Dentist in California', '2006', '7', '4.99', '72', '19.99', 'NC-17', 'Trailers,Deleted Sce'), ('93', 'BRANNIGAN SUNRISE', 'A Amazing Epistle of a Moose And a Crocodile who must Outrace a Dog in Berlin', '2006', '4', '4.99', '121', '27.99', 'PG', 'Trailers'), ('94', 'BRAVEHEART HUMAN', 'A Insightful Story of a Dog And a Pastry Chef who must Battle a Girl in Berlin', '2006', '7', '2.99', '176', '14.99', 'PG-13', 'Trailers,Deleted Sce'), ('95', 'BREAKFAST GOLDFINGER', 'A Beautiful Reflection of a Student And a Student who must Fight a Moose in Berlin', '2006', '5', '4.99', '123', '18.99', 'G', 'Trailers,Commentarie'), ('96', 'BREAKING HOME', 'A Beautiful Display of a Secret Agent And a Monkey who must Battle a Sumo Wrestler in An Abandoned Mine Shaft', '2006', '4', '2.99', '169', '21.99', 'PG-13', 'Trailers,Commentarie'), ('97', 'BRIDE INTRIGUE', 'A Epic Tale of a Robot And a Monkey who must Vanquish a Man in New Orleans', '2006', '7', '0.99', '56', '24.99', 'G', 'Trailers,Commentarie'), ('98', 'BRIGHT ENCOUNTERS', 'A Fateful Yarn of a Lumberjack And a Feminist who must Conquer a Student in A Jet Boat', '2006', '4', '4.99', '73', '12.99', 'PG-13', 'Trailers'), ('99', 'BRINGING HYSTERICAL', 'A Fateful Saga of a A Shark And a Technical Writer who must Find a Woman in A Jet Boat', '2006', '7', '2.99', '136', '14.99', 'PG', 'Trailers'), ('100', 'BROOKLYN DESERT', 'A Beautiful Drama of a Dentist And a Composer who must Battle a Sumo Wrestler in The First Manned Space Station', '2006', '7', '4.99', '161', '21.99', 'R', 'Commentaries'), ('101', 'BROTHERHOOD BLANKET', 'A Fateful Character Study of a Butler And a Technical Writer who must Sink a Astronaut in Ancient Japan', '2006', '3', '0.99', '73', '26.99', 'R', 'Behind the Scenes'), ('102', 'BUBBLE GROSSE', 'A Awe-Inspiring Panorama of a Crocodile And a Moose who must Confront a Girl in A Baloon', '2006', '4', '4.99', '60', '20.99', 'R', 'Trailers,Commentarie'), ('103', 'BUCKET BROTHERHOOD', 'A Amazing Display of a Girl And a Womanizer who must Succumb a Lumberjack in A Baloon Factory', '2006', '7', '4.99', '133', '27.99', 'PG', 'Commentaries,Deleted'), ('104', 'BUGSY SONG', 'A Awe-Inspiring Character Study of a Secret Agent And a Boat who must Find a Squirrel in The First Manned Space Station', '2006', '4', '2.99', '119', '17.99', 'G', 'Commentaries'), ('105', 'BULL SHAWSHANK', 'A Fanciful Drama of a Moose And a Squirrel who must Conquer a Pioneer in The Canadian Rockies', '2006', '6', '0.99', '125', '21.99', 'NC-17', 'Deleted Scenes'), ('106', 'BULWORTH COMMANDMENTS', 'A Amazing Display of a Mad Cow And a Pioneer who must Redeem a Sumo Wrestler in The Outback', '2006', '4', '2.99', '61', '14.99', 'G', 'Trailers'), ('107', 'BUNCH MINDS', 'A Emotional Story of a Feminist And a Feminist who must Escape a Pastry Chef in A MySQL Convention', '2006', '4', '2.99', '63', '13.99', 'G', 'Behind the Scenes'), ('108', 'BUTCH PANTHER', 'A Lacklusture Yarn of a Feminist And a Database Administrator who must Face a Hunter in New Orleans', '2006', '6', '0.99', '67', '19.99', 'PG-13', 'Trailers,Commentarie'), ('109', 'BUTTERFLY CHOCOLAT', 'A Fateful Story of a Girl And a Composer who must Conquer a Husband in A Shark Tank', '2006', '3', '0.99', '89', '17.99', 'G', 'Behind the Scenes'), ('110', 'CABIN FLASH', 'A Stunning Epistle of a Boat And a Man who must Challenge a A Shark in A Baloon Factory', '2006', '4', '0.99', '53', '25.99', 'NC-17', 'Commentaries,Deleted'), ('111', 'CADDYSHACK JEDI', 'A Awe-Inspiring Epistle of a Woman And a Madman who must Fight a Robot in Soviet Georgia', '2006', '3', '0.99', '52', '17.99', 'NC-17', 'Commentaries,Deleted'), ('112', 'CALENDAR GUNFIGHT', 'A Thrilling Drama of a Frisbee And a Lumberjack who must Sink a Man in Nigeria', '2006', '4', '4.99', '120', '22.99', 'NC-17', 'Trailers,Commentarie'), ('113', 'CALIFORNIA BIRDS', 'A Thrilling Yarn of a Database Administrator And a Robot who must Battle a Database Administrator in Ancient India', '2006', '4', '4.99', '75', '19.99', 'NC-17', 'Trailers,Commentarie'), ('114', 'CAMELOT VACATION', 'A Touching Character Study of a Woman And a Waitress who must Battle a Pastry Chef in A MySQL Convention', '2006', '3', '0.99', '61', '26.99', 'NC-17', 'Trailers,Commentarie'), ('115', 'CAMPUS REMEMBER', 'A Astounding Drama of a Crocodile And a Mad Cow who must Build a Robot in A Jet Boat', '2006', '5', '2.99', '167', '27.99', 'R', 'Behind the Scenes'), ('116', 'CANDIDATE PERDITION', 'A Brilliant Epistle of a Composer And a Database Administrator who must Vanquish a Mad Scientist in The First Manned Space Station', '2006', '4', '2.99', '70', '10.99', 'R', 'Deleted Scenes,Behin'), ('117', 'CANDLES GRAPES', 'A Fanciful Character Study of a Monkey And a Explorer who must Build a Astronaut in An Abandoned Fun House', '2006', '6', '4.99', '135', '15.99', 'NC-17', 'Trailers,Deleted Sce'), ('118', 'CANYON STOCK', 'A Thoughtful Reflection of a Waitress And a Feminist who must Escape a Squirrel in A Manhattan Penthouse', '2006', '7', '0.99', '85', '26.99', 'R', 'Trailers,Deleted Sce'), ('119', 'CAPER MOTIONS', 'A Fateful Saga of a Moose And a Car who must Pursue a Woman in A MySQL Convention', '2006', '6', '0.99', '176', '22.99', 'G', 'Trailers,Commentarie'), ('120', 'CARIBBEAN LIBERTY', 'A Fanciful Tale of a Pioneer And a Technical Writer who must Outgun a Pioneer in A Shark Tank', '2006', '3', '4.99', '92', '16.99', 'NC-17', 'Commentaries,Deleted'), ('121', 'CAROL TEXAS', 'A Astounding Character Study of a Composer And a Student who must Overcome a Composer in A Monastery', '2006', '4', '2.99', '151', '15.99', 'PG', 'Trailers,Behind the '), ('122', 'CARRIE BUNCH', 'A Amazing Epistle of a Student And a Astronaut who must Discover a Frisbee in The Canadian Rockies', '2006', '7', '0.99', '114', '11.99', 'PG', 'Trailers,Commentarie'), ('123', 'CASABLANCA SUPER', 'A Amazing Panorama of a Crocodile And a Forensic Psychologist who must Pursue a Secret Agent in The First Manned Space Station', '2006', '6', '4.99', '85', '22.99', 'G', 'Trailers,Deleted Sce'), ('124', 'CASPER DRAGONFLY', 'A Intrepid Documentary of a Boat And a Crocodile who must Chase a Robot in The Sahara Desert', '2006', '3', '4.99', '163', '16.99', 'PG-13', 'Trailers'), ('125', 'CASSIDY WYOMING', 'A Intrepid Drama of a Frisbee And a Hunter who must Kill a Secret Agent in New Orleans', '2006', '5', '2.99', '61', '19.99', 'NC-17', 'Commentaries,Behind '), ('126', 'CASUALTIES ENCINO', 'A Insightful Yarn of a A Shark And a Pastry Chef who must Face a Boy in A Monastery', '2006', '3', '4.99', '179', '16.99', 'G', 'Trailers'), ('127', 'CAT CONEHEADS', 'A Fast-Paced Panorama of a Girl And a A Shark who must Confront a Boy in Ancient India', '2006', '5', '4.99', '112', '14.99', 'G', 'Commentaries,Deleted'), ('128', 'CATCH AMISTAD', 'A Boring Reflection of a Lumberjack And a Feminist who must Discover a Woman in Nigeria', '2006', '7', '0.99', '183', '10.99', 'G', 'Trailers,Behind the '), ('129', 'CAUSE DATE', 'A Taut Tale of a Explorer And a Pastry Chef who must Conquer a Hunter in A MySQL Convention', '2006', '3', '2.99', '179', '16.99', 'R', 'Commentaries,Deleted'), ('130', 'CELEBRITY HORN', 'A Amazing Documentary of a Secret Agent And a Astronaut who must Vanquish a Hunter in A Shark Tank', '2006', '7', '0.99', '110', '24.99', 'PG-13', 'Deleted Scenes,Behin'), ('131', 'CENTER DINOSAUR', 'A Beautiful Character Study of a Sumo Wrestler And a Dentist who must Find a Dog in California', '2006', '5', '4.99', '152', '12.99', 'PG', 'Deleted Scenes'), ('132', 'CHAINSAW UPTOWN', 'A Beautiful Documentary of a Boy And a Robot who must Discover a Squirrel in Australia', '2006', '6', '0.99', '114', '25.99', 'PG', 'Deleted Scenes,Behin'), ('133', 'CHAMBER ITALIAN', 'A Fateful Reflection of a Moose And a Husband who must Overcome a Monkey in Nigeria', '2006', '7', '4.99', '117', '14.99', 'NC-17', 'Trailers'), ('134', 'CHAMPION FLATLINERS', 'A Amazing Story of a Mad Cow And a Dog who must Kill a Husband in A Monastery', '2006', '4', '4.99', '51', '21.99', 'PG', 'Trailers'), ('135', 'CHANCE RESURRECTION', 'A Astounding Story of a Forensic Psychologist And a Forensic Psychologist who must Overcome a Moose in Ancient China', '2006', '3', '2.99', '70', '22.99', 'R', 'Commentaries,Deleted'), ('136', 'CHAPLIN LICENSE', 'A Boring Drama of a Dog And a Forensic Psychologist who must Outrace a Explorer in Ancient India', '2006', '7', '2.99', '146', '26.99', 'NC-17', 'Behind the Scenes'), ('137', 'CHARADE DUFFEL', 'A Action-Packed Display of a Man And a Waitress who must Build a Dog in A MySQL Convention', '2006', '3', '2.99', '66', '21.99', 'PG', 'Trailers,Deleted Sce'), ('138', 'CHARIOTS CONSPIRACY', 'A Unbelieveable Epistle of a Robot And a Husband who must Chase a Robot in The First Manned Space Station', '2006', '5', '2.99', '71', '29.99', 'R', 'Deleted Scenes,Behin'), ('139', 'CHASING FIGHT', 'A Astounding Saga of a Technical Writer And a Butler who must Battle a Butler in A Shark Tank', '2006', '7', '4.99', '114', '21.99', 'PG', 'Trailers,Commentarie'), ('140', 'CHEAPER CLYDE', 'A Emotional Character Study of a Pioneer And a Girl who must Discover a Dog in Ancient Japan', '2006', '6', '0.99', '87', '23.99', 'G', 'Trailers,Commentarie'), ('141', 'CHICAGO NORTH', 'A Fateful Yarn of a Mad Cow And a Waitress who must Battle a Student in California', '2006', '6', '4.99', '185', '11.99', 'PG-13', 'Deleted Scenes,Behin'), ('142', 'CHICKEN HELLFIGHTERS', 'A Emotional Drama of a Dog And a Explorer who must Outrace a Technical Writer in Australia', '2006', '3', '0.99', '122', '24.99', 'PG', 'Trailers,Commentarie'), ('143', 'CHILL LUCK', 'A Lacklusture Epistle of a Boat And a Technical Writer who must Fight a A Shark in The Canadian Rockies', '2006', '6', '0.99', '142', '17.99', 'PG', 'Trailers,Commentarie'), ('144', 'CHINATOWN GLADIATOR', 'A Brilliant Panorama of a Technical Writer And a Lumberjack who must Escape a Butler in Ancient India', '2006', '7', '4.99', '61', '24.99', 'PG', 'Trailers,Commentarie'), ('145', 'CHISUM BEHAVIOR', 'A Epic Documentary of a Sumo Wrestler And a Butler who must Kill a Car in Ancient India', '2006', '5', '4.99', '124', '25.99', 'G', 'Trailers,Commentarie'), ('146', 'CHITTY LOCK', 'A Boring Epistle of a Boat And a Database Administrator who must Kill a Sumo Wrestler in The First Manned Space Station', '2006', '6', '2.99', '107', '24.99', 'G', 'Commentaries'), ('147', 'CHOCOLAT HARRY', 'A Action-Packed Epistle of a Dentist And a Moose who must Meet a Mad Cow in Ancient Japan', '2006', '5', '0.99', '101', '16.99', 'NC-17', 'Commentaries,Behind '), ('148', 'CHOCOLATE DUCK', 'A Unbelieveable Story of a Mad Scientist And a Technical Writer who must Discover a Composer in Ancient China', '2006', '3', '2.99', '132', '13.99', 'R', 'Trailers,Commentarie'), ('149', 'CHRISTMAS MOONSHINE', 'A Action-Packed Epistle of a Feminist And a Astronaut who must Conquer a Boat in A Manhattan Penthouse', '2006', '7', '0.99', '150', '21.99', 'NC-17', 'Trailers,Commentarie'), ('150', 'CIDER DESIRE', 'A Stunning Character Study of a Composer And a Mad Cow who must Succumb a Cat in Soviet Georgia', '2006', '7', '2.99', '101', '9.99', 'PG', 'Behind the Scenes'), ('151', 'CINCINATTI WHISPERER', 'A Brilliant Saga of a Pastry Chef And a Hunter who must Confront a Butler in Berlin', '2006', '5', '4.99', '143', '26.99', 'NC-17', 'Deleted Scenes'), ('152', 'CIRCUS YOUTH', 'A Thoughtful Drama of a Pastry Chef And a Dentist who must Pursue a Girl in A Baloon', '2006', '5', '2.99', '90', '13.99', 'PG-13', 'Trailers,Deleted Sce'), ('153', 'CITIZEN SHREK', 'A Fanciful Character Study of a Technical Writer And a Husband who must Redeem a Robot in The Outback', '2006', '7', '0.99', '165', '18.99', 'G', 'Commentaries,Deleted'), ('154', 'CLASH FREDDY', 'A Amazing Yarn of a Composer And a Squirrel who must Escape a Astronaut in Australia', '2006', '6', '2.99', '81', '12.99', 'G', 'Commentaries,Deleted'), ('155', 'CLEOPATRA DEVIL', 'A Fanciful Documentary of a Crocodile And a Technical Writer who must Fight a A Shark in A Baloon', '2006', '6', '0.99', '150', '26.99', 'PG-13', 'Trailers,Deleted Sce'), ('156', 'CLERKS ANGELS', 'A Thrilling Display of a Sumo Wrestler And a Girl who must Confront a Man in A Baloon', '2006', '3', '4.99', '164', '15.99', 'G', 'Commentaries'), ('157', 'CLOCKWORK PARADISE', 'A Insightful Documentary of a Technical Writer And a Feminist who must Challenge a Cat in A Baloon', '2006', '7', '0.99', '143', '29.99', 'PG-13', 'Trailers,Commentarie'), ('158', 'CLONES PINOCCHIO', 'A Amazing Drama of a Car And a Robot who must Pursue a Dentist in New Orleans', '2006', '6', '2.99', '124', '16.99', 'R', 'Behind the Scenes'), ('159', 'CLOSER BANG', 'A Unbelieveable Panorama of a Frisbee And a Hunter who must Vanquish a Monkey in Ancient India', '2006', '5', '4.99', '58', '12.99', 'R', 'Trailers,Behind the '), ('160', 'CLUB GRAFFITI', 'A Epic Tale of a Pioneer And a Hunter who must Escape a Girl in A U-Boat', '2006', '4', '0.99', '65', '12.99', 'PG-13', 'Trailers,Deleted Sce'), ('161', 'CLUE GRAIL', 'A Taut Tale of a Butler And a Mad Scientist who must Build a Crocodile in Ancient China', '2006', '6', '4.99', '70', '27.99', 'NC-17', 'Trailers,Commentarie'), ('162', 'CLUELESS BUCKET', 'A Taut Tale of a Car And a Pioneer who must Conquer a Sumo Wrestler in An Abandoned Fun House', '2006', '4', '2.99', '95', '13.99', 'R', 'Trailers,Deleted Sce'), ('163', 'CLYDE THEORY', 'A Beautiful Yarn of a Astronaut And a Frisbee who must Overcome a Explorer in A Jet Boat', '2006', '4', '0.99', '139', '29.99', 'PG-13', 'Commentaries,Deleted'), ('164', 'COAST RAINBOW', 'A Astounding Documentary of a Mad Cow And a Pioneer who must Challenge a Butler in The Sahara Desert', '2006', '4', '0.99', '55', '20.99', 'PG', 'Trailers,Commentarie'), ('165', 'COLDBLOODED DARLING', 'A Brilliant Panorama of a Dentist And a Moose who must Find a Student in The Gulf of Mexico', '2006', '7', '4.99', '70', '27.99', 'G', 'Trailers,Deleted Sce'), ('166', 'COLOR PHILADELPHIA', 'A Thoughtful Panorama of a Car And a Crocodile who must Sink a Monkey in The Sahara Desert', '2006', '6', '2.99', '149', '19.99', 'G', 'Commentaries,Behind '), ('167', 'COMA HEAD', 'A Awe-Inspiring Drama of a Boy And a Frisbee who must Escape a Pastry Chef in California', '2006', '6', '4.99', '109', '10.99', 'NC-17', 'Commentaries'), ('168', 'COMANCHEROS ENEMY', 'A Boring Saga of a Lumberjack And a Monkey who must Find a Monkey in The Gulf of Mexico', '2006', '5', '0.99', '67', '23.99', 'R', 'Trailers,Behind the '), ('169', 'COMFORTS RUSH', 'A Unbelieveable Panorama of a Pioneer And a Husband who must Meet a Mad Cow in An Abandoned Mine Shaft', '2006', '3', '2.99', '76', '19.99', 'NC-17', 'Commentaries,Behind '), ('170', 'COMMAND DARLING', 'A Awe-Inspiring Tale of a Forensic Psychologist And a Woman who must Challenge a Database Administrator in Ancient Japan', '2006', '5', '4.99', '120', '28.99', 'PG-13', 'Behind the Scenes'), ('171', 'COMMANDMENTS EXPRESS', 'A Fanciful Saga of a Student And a Mad Scientist who must Battle a Hunter in An Abandoned Mine Shaft', '2006', '6', '4.99', '59', '13.99', 'R', 'Trailers,Commentarie'), ('172', 'CONEHEADS SMOOCHY', 'A Touching Story of a Womanizer And a Composer who must Pursue a Husband in Nigeria', '2006', '7', '4.99', '112', '12.99', 'NC-17', 'Deleted Scenes,Behin'), ('173', 'CONFESSIONS MAGUIRE', 'A Insightful Story of a Car And a Boy who must Battle a Technical Writer in A Baloon', '2006', '7', '4.99', '65', '25.99', 'PG-13', 'Behind the Scenes'), ('174', 'CONFIDENTIAL INTERVIEW', 'A Stunning Reflection of a Cat And a Woman who must Find a Astronaut in Ancient Japan', '2006', '6', '4.99', '180', '13.99', 'NC-17', 'Commentaries'), ('175', 'CONFUSED CANDLES', 'A Stunning Epistle of a Cat And a Forensic Psychologist who must Confront a Pioneer in A Baloon', '2006', '3', '2.99', '122', '27.99', 'PG-13', 'Trailers,Commentarie'), ('176', 'CONGENIALITY QUEST', 'A Touching Documentary of a Cat And a Pastry Chef who must Find a Lumberjack in A Baloon', '2006', '6', '0.99', '87', '21.99', 'PG-13', 'Commentaries,Behind '), ('177', 'CONNECTICUT TRAMP', 'A Unbelieveable Drama of a Crocodile And a Mad Cow who must Reach a Dentist in A Shark Tank', '2006', '4', '4.99', '172', '20.99', 'R', 'Commentaries,Deleted'), ('178', 'CONNECTION MICROCOSMOS', 'A Fateful Documentary of a Crocodile And a Husband who must Face a Husband in The First Manned Space Station', '2006', '6', '0.99', '115', '25.99', 'G', 'Deleted Scenes,Behin'), ('179', 'CONQUERER NUTS', 'A Taut Drama of a Mad Scientist And a Man who must Escape a Pioneer in An Abandoned Mine Shaft', '2006', '4', '4.99', '173', '14.99', 'G', 'Commentaries,Deleted'), ('180', 'CONSPIRACY SPIRIT', 'A Awe-Inspiring Story of a Student And a Frisbee who must Conquer a Crocodile in An Abandoned Mine Shaft', '2006', '4', '2.99', '184', '27.99', 'PG-13', 'Trailers,Commentarie'), ('181', 'CONTACT ANONYMOUS', 'A Insightful Display of a A Shark And a Monkey who must Face a Database Administrator in Ancient India', '2006', '7', '2.99', '166', '10.99', 'PG-13', 'Commentaries'), ('182', 'CONTROL ANTHEM', 'A Fateful Documentary of a Robot And a Student who must Battle a Cat in A Monastery', '2006', '7', '4.99', '185', '9.99', 'G', 'Commentaries'), ('183', 'CONVERSATION DOWNHILL', 'A Taut Character Study of a Husband And a Waitress who must Sink a Squirrel in A MySQL Convention', '2006', '4', '4.99', '112', '14.99', 'R', 'Commentaries'), ('184', 'CORE SUIT', 'A Unbelieveable Tale of a Car And a Explorer who must Confront a Boat in A Manhattan Penthouse', '2006', '3', '2.99', '92', '24.99', 'PG-13', 'Deleted Scenes'), ('185', 'COWBOY DOOM', 'A Astounding Drama of a Boy And a Lumberjack who must Fight a Butler in A Baloon', '2006', '3', '2.99', '146', '10.99', 'PG', 'Commentaries,Deleted'), ('186', 'CRAFT OUTFIELD', 'A Lacklusture Display of a Explorer And a Hunter who must Succumb a Database Administrator in A Baloon Factory', '2006', '6', '0.99', '64', '17.99', 'NC-17', 'Deleted Scenes,Behin'), ('187', 'CRANES RESERVOIR', 'A Fanciful Documentary of a Teacher And a Dog who must Outgun a Forensic Psychologist in A Baloon Factory', '2006', '5', '2.99', '57', '12.99', 'NC-17', 'Commentaries'), ('188', 'CRAZY HOME', 'A Fanciful Panorama of a Boy And a Woman who must Vanquish a Database Administrator in The Outback', '2006', '7', '2.99', '136', '24.99', 'PG', 'Commentaries,Deleted'), ('189', 'CREATURES SHAKESPEARE', 'A Emotional Drama of a Womanizer And a Squirrel who must Vanquish a Crocodile in Ancient India', '2006', '3', '0.99', '139', '23.99', 'NC-17', 'Trailers,Deleted Sce'), ('190', 'CREEPERS KANE', 'A Awe-Inspiring Reflection of a Squirrel And a Boat who must Outrace a Car in A Jet Boat', '2006', '5', '4.99', '172', '23.99', 'NC-17', 'Trailers,Behind the '), ('191', 'CROOKED FROGMEN', 'A Unbelieveable Drama of a Hunter And a Database Administrator who must Battle a Crocodile in An Abandoned Amusement Park', '2006', '6', '0.99', '143', '27.99', 'PG-13', 'Commentaries,Deleted'), ('192', 'CROSSING DIVORCE', 'A Beautiful Documentary of a Dog And a Robot who must Redeem a Womanizer in Berlin', '2006', '4', '4.99', '50', '19.99', 'R', 'Commentaries,Deleted'), ('193', 'CROSSROADS CASUALTIES', 'A Intrepid Documentary of a Sumo Wrestler And a Astronaut who must Battle a Composer in The Outback', '2006', '5', '2.99', '153', '20.99', 'G', 'Trailers,Commentarie'), ('194', 'CROW GREASE', 'A Awe-Inspiring Documentary of a Woman And a Husband who must Sink a Database Administrator in The First Manned Space Station', '2006', '6', '0.99', '104', '22.99', 'PG', 'Trailers,Commentarie'), ('195', 'CROWDS TELEMARK', 'A Intrepid Documentary of a Astronaut And a Forensic Psychologist who must Find a Frisbee in An Abandoned Fun House', '2006', '3', '4.99', '112', '16.99', 'R', 'Trailers,Behind the '), ('196', 'CRUELTY UNFORGIVEN', 'A Brilliant Tale of a Car And a Moose who must Battle a Dentist in Nigeria', '2006', '7', '0.99', '69', '29.99', 'G', 'Deleted Scenes,Behin'), ('197', 'CRUSADE HONEY', 'A Fast-Paced Reflection of a Explorer And a Butler who must Battle a Madman in An Abandoned Amusement Park', '2006', '4', '2.99', '112', '27.99', 'R', 'Commentaries'), ('198', 'CRYSTAL BREAKING', 'A Fast-Paced Character Study of a Feminist And a Explorer who must Face a Pastry Chef in Ancient Japan', '2006', '6', '2.99', '184', '22.99', 'NC-17', 'Trailers,Commentarie'), ('199', 'CUPBOARD SINNERS', 'A Emotional Reflection of a Frisbee And a Boat who must Reach a Pastry Chef in An Abandoned Amusement Park', '2006', '4', '2.99', '56', '29.99', 'R', 'Behind the Scenes'), ('200', 'CURTAIN VIDEOTAPE', 'A Boring Reflection of a Dentist And a Mad Cow who must Chase a Secret Agent in A Shark Tank', '2006', '7', '0.99', '133', '27.99', 'PG-13', 'Trailers,Commentarie'), ('201', 'CYCLONE FAMILY', 'A Lacklusture Drama of a Student And a Monkey who must Sink a Womanizer in A MySQL Convention', '2006', '7', '2.99', '176', '18.99', 'PG', 'Trailers,Deleted Sce'), ('202', 'DADDY PITTSBURGH', 'A Epic Story of a A Shark And a Student who must Confront a Explorer in The Gulf of Mexico', '2006', '5', '4.99', '161', '26.99', 'G', 'Deleted Scenes,Behin'), ('203', 'DAISY MENAGERIE', 'A Fast-Paced Saga of a Pastry Chef And a Monkey who must Sink a Composer in Ancient India', '2006', '5', '4.99', '84', '9.99', 'G', 'Trailers,Commentarie'), ('204', 'DALMATIONS SWEDEN', 'A Emotional Epistle of a Moose And a Hunter who must Overcome a Robot in A Manhattan Penthouse', '2006', '4', '0.99', '106', '25.99', 'PG', 'Trailers,Commentarie'), ('205', 'DANCES NONE', 'A Insightful Reflection of a A Shark And a Dog who must Kill a Butler in An Abandoned Amusement Park', '2006', '3', '0.99', '58', '22.99', 'NC-17', 'Trailers,Commentarie'), ('206', 'DANCING FEVER', 'A Stunning Story of a Explorer And a Forensic Psychologist who must Face a Crocodile in A Shark Tank', '2006', '6', '0.99', '144', '25.99', 'G', 'Commentaries,Behind '), ('207', 'DANGEROUS UPTOWN', 'A Unbelieveable Story of a Mad Scientist And a Woman who must Overcome a Dog in California', '2006', '7', '4.99', '121', '26.99', 'PG', 'Commentaries'), ('208', 'DARES PLUTO', 'A Fateful Story of a Robot And a Dentist who must Defeat a Astronaut in New Orleans', '2006', '7', '2.99', '89', '16.99', 'PG-13', 'Commentaries,Behind '), ('209', 'DARKNESS WAR', 'A Touching Documentary of a Husband And a Hunter who must Escape a Boy in The Sahara Desert', '2006', '6', '2.99', '99', '24.99', 'NC-17', 'Deleted Scenes,Behin'), ('210', 'DARKO DORADO', 'A Stunning Reflection of a Frisbee And a Husband who must Redeem a Dog in New Orleans', '2006', '3', '4.99', '130', '13.99', 'NC-17', 'Trailers,Commentarie'), ('211', 'DARLING BREAKING', 'A Brilliant Documentary of a Astronaut And a Squirrel who must Succumb a Student in The Gulf of Mexico', '2006', '7', '4.99', '165', '20.99', 'PG-13', 'Commentaries,Behind '), ('212', 'DARN FORRESTER', 'A Fateful Story of a A Shark And a Explorer who must Succumb a Technical Writer in A Jet Boat', '2006', '7', '4.99', '185', '14.99', 'G', 'Deleted Scenes'), ('213', 'DATE SPEED', 'A Touching Saga of a Composer And a Moose who must Discover a Dentist in A MySQL Convention', '2006', '4', '0.99', '104', '19.99', 'R', 'Commentaries'), ('214', 'DAUGHTER MADIGAN', 'A Beautiful Tale of a Hunter And a Mad Scientist who must Confront a Squirrel in The First Manned Space Station', '2006', '3', '4.99', '59', '13.99', 'PG-13', 'Trailers'), ('215', 'DAWN POND', 'A Thoughtful Documentary of a Dentist And a Forensic Psychologist who must Defeat a Waitress in Berlin', '2006', '4', '4.99', '57', '27.99', 'PG', 'Trailers,Deleted Sce'), ('216', 'DAY UNFAITHFUL', 'A Stunning Documentary of a Composer And a Mad Scientist who must Find a Technical Writer in A U-Boat', '2006', '3', '4.99', '113', '16.99', 'G', 'Trailers,Commentarie'), ('217', 'DAZED PUNK', 'A Action-Packed Story of a Pioneer And a Technical Writer who must Discover a Forensic Psychologist in An Abandoned Amusement Park', '2006', '6', '4.99', '120', '20.99', 'G', 'Commentaries,Deleted'), ('218', 'DECEIVER BETRAYED', 'A Taut Story of a Moose And a Squirrel who must Build a Husband in Ancient India', '2006', '7', '0.99', '122', '22.99', 'NC-17', 'Trailers,Commentarie'), ('219', 'DEEP CRUSADE', 'A Amazing Tale of a Crocodile And a Squirrel who must Discover a Composer in Australia', '2006', '6', '4.99', '51', '20.99', 'PG-13', 'Commentaries,Behind '), ('220', 'DEER VIRGINIAN', 'A Thoughtful Story of a Mad Cow And a Womanizer who must Overcome a Mad Scientist in Soviet Georgia', '2006', '7', '2.99', '106', '13.99', 'NC-17', 'Deleted Scenes'), ('221', 'DELIVERANCE MULHOLLAND', 'A Astounding Saga of a Monkey And a Moose who must Conquer a Butler in A Shark Tank', '2006', '4', '0.99', '100', '9.99', 'R', 'Deleted Scenes'), ('222', 'DESERT POSEIDON', 'A Brilliant Documentary of a Butler And a Frisbee who must Build a Astronaut in New Orleans', '2006', '4', '4.99', '64', '27.99', 'R', 'Trailers,Behind the '), ('223', 'DESIRE ALIEN', 'A Fast-Paced Tale of a Dog And a Forensic Psychologist who must Meet a Astronaut in The First Manned Space Station', '2006', '7', '2.99', '76', '24.99', 'NC-17', 'Deleted Scenes'), ('224', 'DESPERATE TRAINSPOTTING', 'A Epic Yarn of a Forensic Psychologist And a Teacher who must Face a Lumberjack in California', '2006', '7', '4.99', '81', '29.99', 'G', 'Deleted Scenes'), ('225', 'DESTINATION JERK', 'A Beautiful Yarn of a Teacher And a Cat who must Build a Car in A U-Boat', '2006', '3', '0.99', '76', '19.99', 'PG-13', 'Trailers,Commentarie'), ('226', 'DESTINY SATURDAY', 'A Touching Drama of a Crocodile And a Crocodile who must Conquer a Explorer in Soviet Georgia', '2006', '4', '4.99', '56', '20.99', 'G', 'Trailers,Commentarie'), ('227', 'DETAILS PACKER', 'A Epic Saga of a Waitress And a Composer who must Face a Boat in A U-Boat', '2006', '4', '4.99', '88', '17.99', 'R', 'Commentaries,Deleted'), ('228', 'DETECTIVE VISION', 'A Fanciful Documentary of a Pioneer And a Woman who must Redeem a Hunter in Ancient Japan', '2006', '4', '0.99', '143', '16.99', 'PG-13', 'Trailers,Commentarie'), ('229', 'DEVIL DESIRE', 'A Beautiful Reflection of a Monkey And a Dentist who must Face a Database Administrator in Ancient Japan', '2006', '6', '4.99', '87', '12.99', 'R', 'Trailers,Behind the '), ('230', 'DIARY PANIC', 'A Thoughtful Character Study of a Frisbee And a Mad Cow who must Outgun a Man in Ancient India', '2006', '7', '2.99', '107', '20.99', 'G', 'Commentaries,Behind '), ('231', 'DINOSAUR SECRETARY', 'A Action-Packed Drama of a Feminist And a Girl who must Reach a Robot in The Canadian Rockies', '2006', '7', '2.99', '63', '27.99', 'R', 'Trailers,Behind the '), ('232', 'DIRTY ACE', 'A Action-Packed Character Study of a Forensic Psychologist And a Girl who must Build a Dentist in The Outback', '2006', '7', '2.99', '147', '29.99', 'NC-17', 'Commentaries,Deleted'), ('233', 'DISCIPLE MOTHER', 'A Touching Reflection of a Mad Scientist And a Boat who must Face a Moose in A Shark Tank', '2006', '3', '0.99', '141', '17.99', 'PG', 'Trailers,Deleted Sce'), ('234', 'DISTURBING SCARFACE', 'A Lacklusture Display of a Crocodile And a Butler who must Overcome a Monkey in A U-Boat', '2006', '6', '2.99', '94', '27.99', 'R', 'Trailers,Behind the '), ('235', 'DIVIDE MONSTER', 'A Intrepid Saga of a Man And a Forensic Psychologist who must Reach a Squirrel in A Monastery', '2006', '6', '2.99', '68', '13.99', 'PG-13', 'Trailers,Commentarie'), ('236', 'DIVINE RESURRECTION', 'A Boring Character Study of a Man And a Womanizer who must Succumb a Teacher in An Abandoned Amusement Park', '2006', '4', '2.99', '100', '19.99', 'R', 'Trailers,Commentarie'), ('237', 'DIVORCE SHINING', 'A Unbelieveable Saga of a Crocodile And a Student who must Discover a Cat in Ancient India', '2006', '3', '2.99', '47', '21.99', 'G', 'Trailers,Commentarie'), ('238', 'DOCTOR GRAIL', 'A Insightful Drama of a Womanizer And a Waitress who must Reach a Forensic Psychologist in The Outback', '2006', '4', '2.99', '57', '29.99', 'G', 'Trailers,Commentarie'), ('239', 'DOGMA FAMILY', 'A Brilliant Character Study of a Database Administrator And a Monkey who must Succumb a Astronaut in New Orleans', '2006', '5', '4.99', '122', '16.99', 'G', 'Commentaries'), ('240', 'DOLLS RAGE', 'A Thrilling Display of a Pioneer And a Frisbee who must Escape a Teacher in The Outback', '2006', '7', '2.99', '120', '10.99', 'PG-13', 'Commentaries,Deleted'), ('241', 'DONNIE ALLEY', 'A Awe-Inspiring Tale of a Butler And a Frisbee who must Vanquish a Teacher in Ancient Japan', '2006', '4', '0.99', '125', '20.99', 'NC-17', 'Trailers,Commentarie'), ('242', 'DOOM DANCING', 'A Astounding Panorama of a Car And a Mad Scientist who must Battle a Lumberjack in A MySQL Convention', '2006', '4', '0.99', '68', '13.99', 'R', 'Trailers,Commentarie'), ('243', 'DOORS PRESIDENT', 'A Awe-Inspiring Display of a Squirrel And a Woman who must Overcome a Boy in The Gulf of Mexico', '2006', '3', '4.99', '49', '22.99', 'NC-17', 'Trailers,Commentarie'), ('244', 'DORADO NOTTING', 'A Action-Packed Tale of a Sumo Wrestler And a A Shark who must Meet a Frisbee in California', '2006', '5', '4.99', '139', '26.99', 'NC-17', 'Commentaries'), ('245', 'DOUBLE WRATH', 'A Thoughtful Yarn of a Womanizer And a Dog who must Challenge a Madman in The Gulf of Mexico', '2006', '4', '0.99', '177', '28.99', 'R', 'Trailers,Deleted Sce'), ('246', 'DOUBTFIRE LABYRINTH', 'A Intrepid Panorama of a Butler And a Composer who must Meet a Mad Cow in The Sahara Desert', '2006', '5', '4.99', '154', '16.99', 'R', 'Deleted Scenes,Behin'), ('247', 'DOWNHILL ENOUGH', 'A Emotional Tale of a Pastry Chef And a Forensic Psychologist who must Succumb a Monkey in The Sahara Desert', '2006', '3', '0.99', '47', '19.99', 'G', 'Trailers,Commentarie'), ('248', 'DOZEN LION', 'A Taut Drama of a Cat And a Girl who must Defeat a Frisbee in The Canadian Rockies', '2006', '6', '4.99', '177', '20.99', 'NC-17', 'Commentaries,Deleted'), ('249', 'DRACULA CRYSTAL', 'A Thrilling Reflection of a Feminist And a Cat who must Find a Frisbee in An Abandoned Fun House', '2006', '7', '0.99', '176', '26.99', 'G', 'Commentaries'), ('250', 'DRAGON SQUAD', 'A Taut Reflection of a Boy And a Waitress who must Outgun a Teacher in Ancient China', '2006', '4', '0.99', '170', '26.99', 'NC-17', 'Deleted Scenes,Behin'), ('251', 'DRAGONFLY STRANGERS', 'A Boring Documentary of a Pioneer And a Man who must Vanquish a Man in Nigeria', '2006', '6', '4.99', '133', '19.99', 'NC-17', 'Trailers,Behind the '), ('252', 'DREAM PICKUP', 'A Epic Display of a Car And a Composer who must Overcome a Forensic Psychologist in The Gulf of Mexico', '2006', '6', '2.99', '135', '18.99', 'PG', 'Trailers,Commentarie'), ('253', 'DRIFTER COMMANDMENTS', 'A Epic Reflection of a Womanizer And a Squirrel who must Discover a Husband in A Jet Boat', '2006', '5', '4.99', '61', '18.99', 'PG-13', 'Trailers,Behind the '), ('254', 'DRIVER ANNIE', 'A Lacklusture Character Study of a Butler And a Car who must Redeem a Boat in An Abandoned Fun House', '2006', '4', '2.99', '159', '11.99', 'PG-13', 'Trailers,Deleted Sce'), ('255', 'DRIVING POLISH', 'A Action-Packed Yarn of a Feminist And a Technical Writer who must Sink a Boat in An Abandoned Mine Shaft', '2006', '6', '4.99', '175', '21.99', 'NC-17', 'Trailers,Deleted Sce'), ('256', 'DROP WATERFRONT', 'A Fanciful Documentary of a Husband And a Explorer who must Reach a Madman in Ancient China', '2006', '6', '4.99', '178', '20.99', 'R', 'Trailers,Commentarie'), ('257', 'DRUMLINE CYCLONE', 'A Insightful Panorama of a Monkey And a Sumo Wrestler who must Outrace a Mad Scientist in The Canadian Rockies', '2006', '3', '0.99', '110', '14.99', 'G', 'Commentaries,Deleted'), ('258', 'DRUMS DYNAMITE', 'A Epic Display of a Crocodile And a Crocodile who must Confront a Dog in An Abandoned Amusement Park', '2006', '6', '0.99', '96', '11.99', 'PG', 'Trailers'), ('259', 'DUCK RACER', 'A Lacklusture Yarn of a Teacher And a Squirrel who must Overcome a Dog in A Shark Tank', '2006', '4', '2.99', '116', '15.99', 'NC-17', 'Behind the Scenes'), ('260', 'DUDE BLINDNESS', 'A Stunning Reflection of a Husband And a Lumberjack who must Face a Frisbee in An Abandoned Fun House', '2006', '3', '4.99', '132', '9.99', 'G', 'Trailers,Deleted Sce'), ('261', 'DUFFEL APOCALYPSE', 'A Emotional Display of a Boat And a Explorer who must Challenge a Madman in A MySQL Convention', '2006', '5', '0.99', '171', '13.99', 'G', 'Commentaries'), ('262', 'DUMBO LUST', 'A Touching Display of a Feminist And a Dentist who must Conquer a Husband in The Gulf of Mexico', '2006', '5', '0.99', '119', '17.99', 'NC-17', 'Behind the Scenes'), ('263', 'DURHAM PANKY', 'A Brilliant Panorama of a Girl And a Boy who must Face a Mad Scientist in An Abandoned Mine Shaft', '2006', '6', '4.99', '154', '14.99', 'R', 'Trailers,Commentarie'), ('264', 'DWARFS ALTER', 'A Emotional Yarn of a Girl And a Dog who must Challenge a Composer in Ancient Japan', '2006', '6', '2.99', '101', '13.99', 'G', 'Commentaries,Deleted'), ('265', 'DYING MAKER', 'A Intrepid Tale of a Boat And a Monkey who must Kill a Cat in California', '2006', '5', '4.99', '168', '28.99', 'PG', 'Behind the Scenes'), ('266', 'DYNAMITE TARZAN', 'A Intrepid Documentary of a Forensic Psychologist And a Mad Scientist who must Face a Explorer in A U-Boat', '2006', '4', '0.99', '141', '27.99', 'PG-13', 'Deleted Scenes'), ('267', 'EAGLES PANKY', 'A Thoughtful Story of a Car And a Boy who must Find a A Shark in The Sahara Desert', '2006', '4', '4.99', '140', '14.99', 'NC-17', 'Trailers,Commentarie'), ('268', 'EARLY HOME', 'A Amazing Panorama of a Mad Scientist And a Husband who must Meet a Woman in The Outback', '2006', '6', '4.99', '96', '27.99', 'NC-17', 'Trailers,Commentarie'), ('269', 'EARRING INSTINCT', 'A Stunning Character Study of a Dentist And a Mad Cow who must Find a Teacher in Nigeria', '2006', '3', '0.99', '98', '22.99', 'R', 'Behind the Scenes'), ('270', 'EARTH VISION', 'A Stunning Drama of a Butler And a Madman who must Outrace a Womanizer in Ancient India', '2006', '7', '0.99', '85', '29.99', 'NC-17', 'Trailers,Commentarie'), ('271', 'EASY GLADIATOR', 'A Fateful Story of a Monkey And a Girl who must Overcome a Pastry Chef in Ancient India', '2006', '5', '4.99', '148', '12.99', 'G', 'Trailers,Commentarie'), ('272', 'EDGE KISSING', 'A Beautiful Yarn of a Composer And a Mad Cow who must Redeem a Mad Scientist in A Jet Boat', '2006', '5', '4.99', '153', '9.99', 'NC-17', 'Deleted Scenes'), ('273', 'EFFECT GLADIATOR', 'A Beautiful Display of a Pastry Chef And a Pastry Chef who must Outgun a Forensic Psychologist in A Manhattan Penthouse', '2006', '6', '0.99', '107', '14.99', 'PG', 'Commentaries'), ('274', 'EGG IGBY', 'A Beautiful Documentary of a Boat And a Sumo Wrestler who must Succumb a Database Administrator in The First Manned Space Station', '2006', '4', '2.99', '67', '20.99', 'PG', 'Commentaries,Behind '), ('275', 'EGYPT TENENBAUMS', 'A Intrepid Story of a Madman And a Secret Agent who must Outrace a Astronaut in An Abandoned Amusement Park', '2006', '3', '0.99', '85', '11.99', 'PG', 'Commentaries,Deleted'), ('276', 'ELEMENT FREDDY', 'A Awe-Inspiring Reflection of a Waitress And a Squirrel who must Kill a Mad Cow in A Jet Boat', '2006', '6', '4.99', '115', '28.99', 'NC-17', 'Commentaries,Behind '), ('277', 'ELEPHANT TROJAN', 'A Beautiful Panorama of a Lumberjack And a Forensic Psychologist who must Overcome a Frisbee in A Baloon', '2006', '4', '4.99', '126', '24.99', 'PG-13', 'Behind the Scenes'), ('278', 'ELF MURDER', 'A Action-Packed Story of a Frisbee And a Woman who must Reach a Girl in An Abandoned Mine Shaft', '2006', '4', '4.99', '155', '19.99', 'NC-17', 'Trailers,Commentarie'), ('279', 'ELIZABETH SHANE', 'A Lacklusture Display of a Womanizer And a Dog who must Face a Sumo Wrestler in Ancient Japan', '2006', '7', '4.99', '152', '11.99', 'NC-17', 'Trailers,Deleted Sce'), ('280', 'EMPIRE MALKOVICH', 'A Amazing Story of a Feminist And a Cat who must Face a Car in An Abandoned Fun House', '2006', '7', '0.99', '177', '26.99', 'G', 'Deleted Scenes'), ('281', 'ENCINO ELF', 'A Astounding Drama of a Feminist And a Teacher who must Confront a Husband in A Baloon', '2006', '6', '0.99', '143', '9.99', 'G', 'Trailers,Behind the '), ('282', 'ENCOUNTERS CURTAIN', 'A Insightful Epistle of a Pastry Chef And a Womanizer who must Build a Boat in New Orleans', '2006', '5', '0.99', '92', '20.99', 'NC-17', 'Trailers'), ('283', 'ENDING CROWDS', 'A Unbelieveable Display of a Dentist And a Madman who must Vanquish a Squirrel in Berlin', '2006', '6', '0.99', '85', '10.99', 'NC-17', 'Commentaries,Behind '), ('284', 'ENEMY ODDS', 'A Fanciful Panorama of a Mad Scientist And a Woman who must Pursue a Astronaut in Ancient India', '2006', '5', '4.99', '77', '23.99', 'NC-17', 'Trailers'), ('285', 'ENGLISH BULWORTH', 'A Intrepid Epistle of a Pastry Chef And a Pastry Chef who must Pursue a Crocodile in Ancient China', '2006', '3', '0.99', '51', '18.99', 'PG-13', 'Deleted Scenes'), ('286', 'ENOUGH RAGING', 'A Astounding Character Study of a Boat And a Secret Agent who must Find a Mad Cow in The Sahara Desert', '2006', '7', '2.99', '158', '16.99', 'NC-17', 'Commentaries'), ('287', 'ENTRAPMENT SATISFACTION', 'A Thoughtful Panorama of a Hunter And a Teacher who must Reach a Mad Cow in A U-Boat', '2006', '5', '0.99', '176', '19.99', 'R', 'Commentaries,Deleted'), ('288', 'ESCAPE METROPOLIS', 'A Taut Yarn of a Astronaut And a Technical Writer who must Outgun a Boat in New Orleans', '2006', '7', '2.99', '167', '20.99', 'R', 'Trailers'), ('289', 'EVE RESURRECTION', 'A Awe-Inspiring Yarn of a Pastry Chef And a Database Administrator who must Challenge a Teacher in A Baloon', '2006', '5', '4.99', '66', '25.99', 'G', 'Trailers,Commentarie'), ('290', 'EVERYONE CRAFT', 'A Fateful Display of a Waitress And a Dentist who must Reach a Butler in Nigeria', '2006', '4', '0.99', '163', '29.99', 'PG', 'Trailers,Commentarie'), ('291', 'EVOLUTION ALTER', 'A Fanciful Character Study of a Feminist And a Madman who must Find a Explorer in A Baloon Factory', '2006', '5', '0.99', '174', '10.99', 'PG-13', 'Behind the Scenes'), ('292', 'EXCITEMENT EVE', 'A Brilliant Documentary of a Monkey And a Car who must Conquer a Crocodile in A Shark Tank', '2006', '3', '0.99', '51', '20.99', 'G', 'Commentaries'), ('293', 'EXORCIST STING', 'A Touching Drama of a Dog And a Sumo Wrestler who must Conquer a Mad Scientist in Berlin', '2006', '6', '2.99', '167', '17.99', 'G', 'Commentaries,Deleted'), ('294', 'EXPECATIONS NATURAL', 'A Amazing Drama of a Butler And a Husband who must Reach a A Shark in A U-Boat', '2006', '5', '4.99', '138', '26.99', 'PG-13', 'Deleted Scenes'), ('295', 'EXPENDABLE STALLION', 'A Amazing Character Study of a Mad Cow And a Squirrel who must Discover a Hunter in A U-Boat', '2006', '3', '0.99', '97', '14.99', 'PG', 'Trailers,Behind the '), ('296', 'EXPRESS LONELY', 'A Boring Drama of a Astronaut And a Boat who must Face a Boat in California', '2006', '5', '2.99', '178', '23.99', 'R', 'Trailers'), ('297', 'EXTRAORDINARY CONQUERER', 'A Stunning Story of a Dog And a Feminist who must Face a Forensic Psychologist in Berlin', '2006', '6', '2.99', '122', '29.99', 'G', 'Trailers,Commentarie'), ('298', 'EYES DRIVING', 'A Thrilling Story of a Cat And a Waitress who must Fight a Explorer in The Outback', '2006', '4', '2.99', '172', '13.99', 'PG-13', 'Trailers,Commentarie'), ('299', 'FACTORY DRAGON', 'A Action-Packed Saga of a Teacher And a Frisbee who must Escape a Lumberjack in The Sahara Desert', '2006', '4', '0.99', '144', '9.99', 'PG-13', 'Trailers,Commentarie'), ('300', 'FALCON VOLUME', 'A Fateful Saga of a Sumo Wrestler And a Hunter who must Redeem a A Shark in New Orleans', '2006', '5', '4.99', '102', '21.99', 'PG-13', 'Commentaries,Behind '), ('301', 'FAMILY SWEET', 'A Epic Documentary of a Teacher And a Boy who must Escape a Woman in Berlin', '2006', '4', '0.99', '155', '24.99', 'R', 'Trailers'), ('302', 'FANTASIA PARK', 'A Thoughtful Documentary of a Mad Scientist And a A Shark who must Outrace a Feminist in Australia', '2006', '5', '2.99', '131', '29.99', 'G', 'Commentaries'), ('303', 'FANTASY TROOPERS', 'A Touching Saga of a Teacher And a Monkey who must Overcome a Secret Agent in A MySQL Convention', '2006', '6', '0.99', '58', '27.99', 'PG-13', 'Behind the Scenes'), ('304', 'FARGO GANDHI', 'A Thrilling Reflection of a Pastry Chef And a Crocodile who must Reach a Teacher in The Outback', '2006', '3', '2.99', '130', '28.99', 'G', 'Deleted Scenes'), ('305', 'FATAL HAUNTED', 'A Beautiful Drama of a Student And a Secret Agent who must Confront a Dentist in Ancient Japan', '2006', '6', '2.99', '91', '24.99', 'PG', 'Trailers,Behind the '), ('306', 'FEATHERS METAL', 'A Thoughtful Yarn of a Monkey And a Teacher who must Find a Dog in Australia', '2006', '3', '0.99', '104', '12.99', 'PG-13', 'Trailers,Deleted Sce'), ('307', 'FELLOWSHIP AUTUMN', 'A Lacklusture Reflection of a Dentist And a Hunter who must Meet a Teacher in A Baloon', '2006', '6', '4.99', '77', '9.99', 'NC-17', 'Deleted Scenes,Behin'), ('308', 'FERRIS MOTHER', 'A Touching Display of a Frisbee And a Frisbee who must Kill a Girl in The Gulf of Mexico', '2006', '3', '2.99', '142', '13.99', 'PG', 'Trailers,Deleted Sce'), ('309', 'FEUD FROGMEN', 'A Brilliant Reflection of a Database Administrator And a Mad Cow who must Chase a Woman in The Canadian Rockies', '2006', '6', '0.99', '98', '29.99', 'R', 'Trailers,Commentarie'), ('310', 'FEVER EMPIRE', 'A Insightful Panorama of a Cat And a Boat who must Defeat a Boat in The Gulf of Mexico', '2006', '5', '4.99', '158', '20.99', 'R', 'Commentaries,Deleted'), ('311', 'FICTION CHRISTMAS', 'A Emotional Yarn of a A Shark And a Student who must Battle a Robot in An Abandoned Mine Shaft', '2006', '4', '0.99', '72', '14.99', 'PG', 'Trailers,Commentarie'), ('312', 'FIDDLER LOST', 'A Boring Tale of a Squirrel And a Dog who must Challenge a Madman in The Gulf of Mexico', '2006', '4', '4.99', '75', '20.99', 'R', 'Deleted Scenes,Behin'), ('313', 'FIDELITY DEVIL', 'A Awe-Inspiring Drama of a Technical Writer And a Composer who must Reach a Pastry Chef in A U-Boat', '2006', '5', '4.99', '118', '11.99', 'G', 'Trailers,Deleted Sce'), ('314', 'FIGHT JAWBREAKER', 'A Intrepid Panorama of a Womanizer And a Girl who must Escape a Girl in A Manhattan Penthouse', '2006', '3', '0.99', '91', '13.99', 'R', 'Trailers,Commentarie'), ('315', 'FINDING ANACONDA', 'A Fateful Tale of a Database Administrator And a Girl who must Battle a Squirrel in New Orleans', '2006', '4', '0.99', '156', '10.99', 'R', 'Trailers,Commentarie'), ('316', 'FIRE WOLVES', 'A Intrepid Documentary of a Frisbee And a Dog who must Outrace a Lumberjack in Nigeria', '2006', '5', '4.99', '173', '18.99', 'R', 'Trailers'), ('317', 'FIREBALL PHILADELPHIA', 'A Amazing Yarn of a Dentist And a A Shark who must Vanquish a Madman in An Abandoned Mine Shaft', '2006', '4', '0.99', '148', '25.99', 'PG', 'Trailers,Commentarie'), ('318', 'FIREHOUSE VIETNAM', 'A Awe-Inspiring Character Study of a Boat And a Boy who must Kill a Pastry Chef in The Sahara Desert', '2006', '7', '0.99', '103', '14.99', 'G', 'Commentaries,Deleted'), ('319', 'FISH OPUS', 'A Touching Display of a Feminist And a Girl who must Confront a Astronaut in Australia', '2006', '4', '2.99', '125', '22.99', 'R', 'Trailers,Deleted Sce'), ('320', 'FLAMINGOS CONNECTICUT', 'A Fast-Paced Reflection of a Composer And a Composer who must Meet a Cat in The Sahara Desert', '2006', '4', '4.99', '80', '28.99', 'PG-13', 'Trailers'), ('321', 'FLASH WARS', 'A Astounding Saga of a Moose And a Pastry Chef who must Chase a Student in The Gulf of Mexico', '2006', '3', '4.99', '123', '21.99', 'NC-17', 'Trailers,Commentarie'), ('322', 'FLATLINERS KILLER', 'A Taut Display of a Secret Agent And a Waitress who must Sink a Robot in An Abandoned Mine Shaft', '2006', '5', '2.99', '100', '29.99', 'G', 'Trailers,Commentarie'), ('323', 'FLIGHT LIES', 'A Stunning Character Study of a Crocodile And a Pioneer who must Pursue a Teacher in New Orleans', '2006', '7', '4.99', '179', '22.99', 'R', 'Trailers'), ('324', 'FLINTSTONES HAPPINESS', 'A Fateful Story of a Husband And a Moose who must Vanquish a Boy in California', '2006', '3', '4.99', '148', '11.99', 'PG-13', 'Trailers,Commentarie'), ('325', 'FLOATS GARDEN', 'A Action-Packed Epistle of a Robot And a Car who must Chase a Boat in Ancient Japan', '2006', '6', '2.99', '145', '29.99', 'PG-13', 'Trailers,Commentarie'), ('326', 'FLYING HOOK', 'A Thrilling Display of a Mad Cow And a Dog who must Challenge a Frisbee in Nigeria', '2006', '6', '2.99', '69', '18.99', 'NC-17', 'Trailers,Commentarie'), ('327', 'FOOL MOCKINGBIRD', 'A Lacklusture Tale of a Crocodile And a Composer who must Defeat a Madman in A U-Boat', '2006', '3', '4.99', '158', '24.99', 'PG', 'Trailers,Commentarie'), ('328', 'FOREVER CANDIDATE', 'A Unbelieveable Panorama of a Technical Writer And a Man who must Pursue a Frisbee in A U-Boat', '2006', '7', '2.99', '131', '28.99', 'NC-17', 'Commentaries,Deleted'), ('329', 'FORREST SONS', 'A Thrilling Documentary of a Forensic Psychologist And a Butler who must Defeat a Explorer in A Jet Boat', '2006', '4', '2.99', '63', '15.99', 'R', 'Commentaries'), ('330', 'FORRESTER COMANCHEROS', 'A Fateful Tale of a Squirrel And a Forensic Psychologist who must Redeem a Man in Nigeria', '2006', '7', '4.99', '112', '22.99', 'NC-17', 'Trailers,Behind the '), ('331', 'FORWARD TEMPLE', 'A Astounding Display of a Forensic Psychologist And a Mad Scientist who must Challenge a Girl in New Orleans', '2006', '6', '2.99', '90', '25.99', 'NC-17', 'Trailers,Commentarie'), ('332', 'FRANKENSTEIN STRANGER', 'A Insightful Character Study of a Feminist And a Pioneer who must Pursue a Pastry Chef in Nigeria', '2006', '7', '0.99', '159', '16.99', 'NC-17', 'Deleted Scenes,Behin'), ('333', 'FREAKY POCUS', 'A Fast-Paced Documentary of a Pastry Chef And a Crocodile who must Chase a Squirrel in The Gulf of Mexico', '2006', '7', '2.99', '126', '16.99', 'R', 'Trailers,Behind the '), ('334', 'FREDDY STORM', 'A Intrepid Saga of a Man And a Lumberjack who must Vanquish a Husband in The Outback', '2006', '6', '4.99', '65', '21.99', 'NC-17', 'Trailers,Commentarie'), ('335', 'FREEDOM CLEOPATRA', 'A Emotional Reflection of a Dentist And a Mad Cow who must Face a Squirrel in A Baloon', '2006', '5', '0.99', '133', '23.99', 'PG-13', 'Trailers,Commentarie'), ('336', 'FRENCH HOLIDAY', 'A Thrilling Epistle of a Dog And a Feminist who must Kill a Madman in Berlin', '2006', '5', '4.99', '99', '22.99', 'PG', 'Behind the Scenes'), ('337', 'FRIDA SLIPPER', 'A Fateful Story of a Lumberjack And a Car who must Escape a Boat in An Abandoned Mine Shaft', '2006', '6', '2.99', '73', '11.99', 'R', 'Trailers,Deleted Sce'), ('338', 'FRISCO FORREST', 'A Beautiful Documentary of a Woman And a Pioneer who must Pursue a Mad Scientist in A Shark Tank', '2006', '6', '4.99', '51', '23.99', 'PG', 'Commentaries,Deleted'), ('339', 'FROGMEN BREAKING', 'A Unbelieveable Yarn of a Mad Scientist And a Cat who must Chase a Lumberjack in Australia', '2006', '5', '0.99', '111', '17.99', 'R', 'Trailers,Deleted Sce'), ('340', 'FRONTIER CABIN', 'A Emotional Story of a Madman And a Waitress who must Battle a Teacher in An Abandoned Fun House', '2006', '6', '4.99', '183', '14.99', 'PG-13', 'Commentaries,Deleted'), ('341', 'FROST HEAD', 'A Amazing Reflection of a Lumberjack And a Cat who must Discover a Husband in A MySQL Convention', '2006', '5', '0.99', '82', '13.99', 'PG', 'Trailers,Deleted Sce'), ('342', 'FUGITIVE MAGUIRE', 'A Taut Epistle of a Feminist And a Sumo Wrestler who must Battle a Crocodile in Australia', '2006', '7', '4.99', '83', '28.99', 'R', 'Trailers,Commentarie'), ('343', 'FULL FLATLINERS', 'A Beautiful Documentary of a Astronaut And a Moose who must Pursue a Monkey in A Shark Tank', '2006', '6', '2.99', '94', '14.99', 'PG', 'Trailers,Deleted Sce');
INSERT INTO `film` VALUES ('344', 'FURY MURDER', 'A Lacklusture Reflection of a Boat And a Forensic Psychologist who must Fight a Waitress in A Monastery', '2006', '3', '0.99', '178', '28.99', 'PG-13', 'Deleted Scenes'), ('345', 'GABLES METROPOLIS', 'A Fateful Display of a Cat And a Pioneer who must Challenge a Pastry Chef in A Baloon Factory', '2006', '3', '0.99', '161', '17.99', 'PG', 'Trailers,Commentarie'), ('346', 'GALAXY SWEETHEARTS', 'A Emotional Reflection of a Womanizer And a Pioneer who must Face a Squirrel in Berlin', '2006', '4', '4.99', '128', '13.99', 'R', 'Deleted Scenes'), ('347', 'GAMES BOWFINGER', 'A Astounding Documentary of a Butler And a Explorer who must Challenge a Butler in A Monastery', '2006', '7', '4.99', '119', '17.99', 'PG-13', 'Behind the Scenes'), ('348', 'GANDHI KWAI', 'A Thoughtful Display of a Mad Scientist And a Secret Agent who must Chase a Boat in Berlin', '2006', '7', '0.99', '86', '9.99', 'PG-13', 'Trailers'), ('349', 'GANGS PRIDE', 'A Taut Character Study of a Woman And a A Shark who must Confront a Frisbee in Berlin', '2006', '4', '2.99', '185', '27.99', 'PG-13', 'Behind the Scenes'), ('350', 'GARDEN ISLAND', 'A Unbelieveable Character Study of a Womanizer And a Madman who must Reach a Man in The Outback', '2006', '3', '4.99', '80', '21.99', 'G', 'Trailers,Behind the '), ('351', 'GASLIGHT CRUSADE', 'A Amazing Epistle of a Boy And a Astronaut who must Redeem a Man in The Gulf of Mexico', '2006', '4', '2.99', '106', '10.99', 'PG', 'Trailers,Deleted Sce'), ('352', 'GATHERING CALENDAR', 'A Intrepid Tale of a Pioneer And a Moose who must Conquer a Frisbee in A MySQL Convention', '2006', '4', '0.99', '176', '22.99', 'PG-13', 'Commentaries,Behind '), ('353', 'GENTLEMEN STAGE', 'A Awe-Inspiring Reflection of a Monkey And a Student who must Overcome a Dentist in The First Manned Space Station', '2006', '6', '2.99', '125', '22.99', 'NC-17', 'Commentaries,Deleted'), ('354', 'GHOST GROUNDHOG', 'A Brilliant Panorama of a Madman And a Composer who must Succumb a Car in Ancient India', '2006', '6', '4.99', '85', '18.99', 'G', 'Trailers,Commentarie'), ('355', 'GHOSTBUSTERS ELF', 'A Thoughtful Epistle of a Dog And a Feminist who must Chase a Composer in Berlin', '2006', '7', '0.99', '101', '18.99', 'R', 'Trailers,Deleted Sce'), ('356', 'GIANT TROOPERS', 'A Fateful Display of a Feminist And a Monkey who must Vanquish a Monkey in The Canadian Rockies', '2006', '5', '2.99', '102', '10.99', 'R', 'Trailers,Commentarie'), ('357', 'GILBERT PELICAN', 'A Fateful Tale of a Man And a Feminist who must Conquer a Crocodile in A Manhattan Penthouse', '2006', '7', '0.99', '114', '13.99', 'G', 'Trailers,Commentarie'), ('358', 'GILMORE BOILED', 'A Unbelieveable Documentary of a Boat And a Husband who must Succumb a Student in A U-Boat', '2006', '5', '0.99', '163', '29.99', 'R', 'Trailers,Behind the '), ('359', 'GLADIATOR WESTWARD', 'A Astounding Reflection of a Squirrel And a Sumo Wrestler who must Sink a Dentist in Ancient Japan', '2006', '6', '4.99', '173', '20.99', 'PG', 'Commentaries,Deleted'), ('360', 'GLASS DYING', 'A Astounding Drama of a Frisbee And a Astronaut who must Fight a Dog in Ancient Japan', '2006', '4', '0.99', '103', '24.99', 'G', 'Trailers'), ('361', 'GLEAMING JAWBREAKER', 'A Amazing Display of a Composer And a Forensic Psychologist who must Discover a Car in The Canadian Rockies', '2006', '5', '2.99', '89', '25.99', 'NC-17', 'Trailers,Commentarie'), ('362', 'GLORY TRACY', 'A Amazing Saga of a Woman And a Womanizer who must Discover a Cat in The First Manned Space Station', '2006', '7', '2.99', '115', '13.99', 'PG-13', 'Trailers,Commentarie'), ('363', 'GO PURPLE', 'A Fast-Paced Display of a Car And a Database Administrator who must Battle a Woman in A Baloon', '2006', '3', '0.99', '54', '12.99', 'R', 'Trailers'), ('364', 'GODFATHER DIARY', 'A Stunning Saga of a Lumberjack And a Squirrel who must Chase a Car in The Outback', '2006', '3', '2.99', '73', '14.99', 'NC-17', 'Trailers'), ('365', 'GOLD RIVER', 'A Taut Documentary of a Database Administrator And a Waitress who must Reach a Mad Scientist in A Baloon Factory', '2006', '4', '4.99', '154', '21.99', 'R', 'Trailers,Commentarie'), ('366', 'GOLDFINGER SENSIBILITY', 'A Insightful Drama of a Mad Scientist And a Hunter who must Defeat a Pastry Chef in New Orleans', '2006', '3', '0.99', '93', '29.99', 'G', 'Trailers,Commentarie'), ('367', 'GOLDMINE TYCOON', 'A Brilliant Epistle of a Composer And a Frisbee who must Conquer a Husband in The Outback', '2006', '6', '0.99', '153', '20.99', 'R', 'Trailers,Behind the '), ('368', 'GONE TROUBLE', 'A Insightful Character Study of a Mad Cow And a Forensic Psychologist who must Conquer a A Shark in A Manhattan Penthouse', '2006', '7', '2.99', '84', '20.99', 'R', 'Deleted Scenes,Behin'), ('369', 'GOODFELLAS SALUTE', 'A Unbelieveable Tale of a Dog And a Explorer who must Sink a Mad Cow in A Baloon Factory', '2006', '4', '4.99', '56', '22.99', 'PG', 'Deleted Scenes'), ('370', 'GORGEOUS BINGO', 'A Action-Packed Display of a Sumo Wrestler And a Car who must Overcome a Waitress in A Baloon Factory', '2006', '4', '2.99', '108', '26.99', 'R', 'Deleted Scenes,Behin'), ('371', 'GOSFORD DONNIE', 'A Epic Panorama of a Mad Scientist And a Monkey who must Redeem a Secret Agent in Berlin', '2006', '5', '4.99', '129', '17.99', 'G', 'Commentaries'), ('372', 'GRACELAND DYNAMITE', 'A Taut Display of a Cat And a Girl who must Overcome a Database Administrator in New Orleans', '2006', '5', '4.99', '140', '26.99', 'R', 'Trailers,Commentarie'), ('373', 'GRADUATE LORD', 'A Lacklusture Epistle of a Girl And a A Shark who must Meet a Mad Scientist in Ancient China', '2006', '7', '2.99', '156', '14.99', 'G', 'Trailers,Behind the '), ('374', 'GRAFFITI LOVE', 'A Unbelieveable Epistle of a Sumo Wrestler And a Hunter who must Build a Composer in Berlin', '2006', '3', '0.99', '117', '29.99', 'PG', 'Trailers,Deleted Sce'), ('375', 'GRAIL FRANKENSTEIN', 'A Unbelieveable Saga of a Teacher And a Monkey who must Fight a Girl in An Abandoned Mine Shaft', '2006', '4', '2.99', '85', '17.99', 'NC-17', 'Commentaries,Deleted'), ('376', 'GRAPES FURY', 'A Boring Yarn of a Mad Cow And a Sumo Wrestler who must Meet a Robot in Australia', '2006', '4', '0.99', '155', '20.99', 'G', 'Commentaries,Behind '), ('377', 'GREASE YOUTH', 'A Emotional Panorama of a Secret Agent And a Waitress who must Escape a Composer in Soviet Georgia', '2006', '7', '0.99', '135', '20.99', 'G', 'Trailers,Deleted Sce'), ('378', 'GREATEST NORTH', 'A Astounding Character Study of a Secret Agent And a Robot who must Build a A Shark in Berlin', '2006', '5', '2.99', '93', '24.99', 'NC-17', 'Trailers,Commentarie'), ('379', 'GREEDY ROOTS', 'A Amazing Reflection of a A Shark And a Butler who must Chase a Hunter in The Canadian Rockies', '2006', '7', '0.99', '166', '14.99', 'R', 'Trailers,Commentarie'), ('380', 'GREEK EVERYONE', 'A Stunning Display of a Butler And a Teacher who must Confront a A Shark in The First Manned Space Station', '2006', '7', '2.99', '176', '11.99', 'PG', 'Trailers,Deleted Sce'), ('381', 'GRINCH MASSAGE', 'A Intrepid Display of a Madman And a Feminist who must Pursue a Pioneer in The First Manned Space Station', '2006', '7', '4.99', '150', '25.99', 'R', 'Trailers'), ('382', 'GRIT CLOCKWORK', 'A Thoughtful Display of a Dentist And a Squirrel who must Confront a Lumberjack in A Shark Tank', '2006', '3', '0.99', '137', '21.99', 'PG', 'Trailers,Deleted Sce'), ('383', 'GROOVE FICTION', 'A Unbelieveable Reflection of a Moose And a A Shark who must Defeat a Lumberjack in An Abandoned Mine Shaft', '2006', '6', '0.99', '111', '13.99', 'NC-17', 'Behind the Scenes'), ('384', 'GROSSE WONDERFUL', 'A Epic Drama of a Cat And a Explorer who must Redeem a Moose in Australia', '2006', '5', '4.99', '49', '19.99', 'R', 'Behind the Scenes'), ('385', 'GROUNDHOG UNCUT', 'A Brilliant Panorama of a Astronaut And a Technical Writer who must Discover a Butler in A Manhattan Penthouse', '2006', '6', '4.99', '139', '26.99', 'PG-13', 'Trailers,Commentarie'), ('386', 'GUMP DATE', 'A Intrepid Yarn of a Explorer And a Student who must Kill a Husband in An Abandoned Mine Shaft', '2006', '3', '4.99', '53', '12.99', 'NC-17', 'Deleted Scenes'), ('387', 'GUN BONNIE', 'A Boring Display of a Sumo Wrestler And a Husband who must Build a Waitress in The Gulf of Mexico', '2006', '7', '0.99', '100', '27.99', 'G', 'Behind the Scenes'), ('388', 'GUNFIGHT MOON', 'A Epic Reflection of a Pastry Chef And a Explorer who must Reach a Dentist in The Sahara Desert', '2006', '5', '0.99', '70', '16.99', 'NC-17', 'Deleted Scenes,Behin'), ('389', 'GUNFIGHTER MUSSOLINI', 'A Touching Saga of a Robot And a Boy who must Kill a Man in Ancient Japan', '2006', '3', '2.99', '127', '9.99', 'PG-13', 'Trailers,Commentarie'), ('390', 'GUYS FALCON', 'A Boring Story of a Woman And a Feminist who must Redeem a Squirrel in A U-Boat', '2006', '4', '4.99', '84', '20.99', 'R', 'Trailers,Commentarie'), ('391', 'HALF OUTFIELD', 'A Epic Epistle of a Database Administrator And a Crocodile who must Face a Madman in A Jet Boat', '2006', '6', '2.99', '146', '25.99', 'PG-13', 'Trailers,Commentarie'), ('392', 'HALL CASSIDY', 'A Beautiful Panorama of a Pastry Chef And a A Shark who must Battle a Pioneer in Soviet Georgia', '2006', '5', '4.99', '51', '13.99', 'NC-17', 'Commentaries,Behind '), ('393', 'HALLOWEEN NUTS', 'A Amazing Panorama of a Forensic Psychologist And a Technical Writer who must Fight a Dentist in A U-Boat', '2006', '6', '2.99', '47', '19.99', 'PG-13', 'Deleted Scenes'), ('394', 'HAMLET WISDOM', 'A Touching Reflection of a Man And a Man who must Sink a Robot in The Outback', '2006', '7', '2.99', '146', '21.99', 'R', 'Trailers,Deleted Sce'), ('395', 'HANDICAP BOONDOCK', 'A Beautiful Display of a Pioneer And a Squirrel who must Vanquish a Sumo Wrestler in Soviet Georgia', '2006', '4', '0.99', '108', '28.99', 'R', 'Commentaries,Deleted'), ('396', 'HANGING DEEP', 'A Action-Packed Yarn of a Boat And a Crocodile who must Build a Monkey in Berlin', '2006', '5', '4.99', '62', '18.99', 'G', 'Trailers,Commentarie'), ('397', 'HANKY OCTOBER', 'A Boring Epistle of a Database Administrator And a Explorer who must Pursue a Madman in Soviet Georgia', '2006', '5', '2.99', '107', '26.99', 'NC-17', 'Trailers,Commentarie'), ('398', 'HANOVER GALAXY', 'A Stunning Reflection of a Girl And a Secret Agent who must Succumb a Boy in A MySQL Convention', '2006', '5', '4.99', '47', '21.99', 'NC-17', 'Commentaries,Deleted'), ('399', 'HAPPINESS UNITED', 'A Action-Packed Panorama of a Husband And a Feminist who must Meet a Forensic Psychologist in Ancient Japan', '2006', '6', '2.99', '100', '23.99', 'G', 'Deleted Scenes'), ('400', 'HARDLY ROBBERS', 'A Emotional Character Study of a Hunter And a Car who must Kill a Woman in Berlin', '2006', '7', '2.99', '72', '15.99', 'R', 'Trailers,Behind the '), ('401', 'HAROLD FRENCH', 'A Stunning Saga of a Sumo Wrestler And a Student who must Outrace a Moose in The Sahara Desert', '2006', '6', '0.99', '168', '10.99', 'NC-17', 'Commentaries,Deleted'), ('402', 'HARPER DYING', 'A Awe-Inspiring Reflection of a Woman And a Cat who must Confront a Feminist in The Sahara Desert', '2006', '3', '0.99', '52', '15.99', 'G', 'Trailers'), ('403', 'HARRY IDAHO', 'A Taut Yarn of a Technical Writer And a Feminist who must Outrace a Dog in California', '2006', '5', '4.99', '121', '18.99', 'PG-13', 'Commentaries,Deleted'), ('404', 'HATE HANDICAP', 'A Intrepid Reflection of a Mad Scientist And a Pioneer who must Overcome a Hunter in The First Manned Space Station', '2006', '4', '0.99', '107', '26.99', 'PG', 'Trailers,Commentarie'), ('405', 'HAUNTED ANTITRUST', 'A Amazing Saga of a Man And a Dentist who must Reach a Technical Writer in Ancient India', '2006', '6', '4.99', '76', '13.99', 'NC-17', 'Trailers,Deleted Sce'), ('406', 'HAUNTING PIANIST', 'A Fast-Paced Story of a Database Administrator And a Composer who must Defeat a Squirrel in An Abandoned Amusement Park', '2006', '5', '0.99', '181', '22.99', 'R', 'Behind the Scenes'), ('407', 'HAWK CHILL', 'A Action-Packed Drama of a Mad Scientist And a Composer who must Outgun a Car in Australia', '2006', '5', '0.99', '47', '12.99', 'PG-13', 'Behind the Scenes'), ('408', 'HEAD STRANGER', 'A Thoughtful Saga of a Hunter And a Crocodile who must Confront a Dog in The Gulf of Mexico', '2006', '4', '4.99', '69', '28.99', 'R', 'Trailers,Commentarie'), ('409', 'HEARTBREAKERS BRIGHT', 'A Awe-Inspiring Documentary of a A Shark And a Dentist who must Outrace a Pastry Chef in The Canadian Rockies', '2006', '3', '4.99', '59', '9.99', 'G', 'Trailers,Deleted Sce'), ('410', 'HEAVEN FREEDOM', 'A Intrepid Story of a Butler And a Car who must Vanquish a Man in New Orleans', '2006', '7', '2.99', '48', '19.99', 'PG', 'Commentaries'), ('411', 'HEAVENLY GUN', 'A Beautiful Yarn of a Forensic Psychologist And a Frisbee who must Battle a Moose in A Jet Boat', '2006', '5', '4.99', '49', '13.99', 'NC-17', 'Behind the Scenes'), ('412', 'HEAVYWEIGHTS BEAST', 'A Unbelieveable Story of a Composer And a Dog who must Overcome a Womanizer in An Abandoned Amusement Park', '2006', '6', '4.99', '102', '25.99', 'G', 'Deleted Scenes'), ('413', 'HEDWIG ALTER', 'A Action-Packed Yarn of a Womanizer And a Lumberjack who must Chase a Sumo Wrestler in A Monastery', '2006', '7', '2.99', '169', '16.99', 'NC-17', 'Trailers,Commentarie'), ('414', 'HELLFIGHTERS SIERRA', 'A Taut Reflection of a A Shark And a Dentist who must Battle a Boat in Soviet Georgia', '2006', '3', '2.99', '75', '23.99', 'PG', 'Deleted Scenes,Behin'), ('415', 'HIGH ENCINO', 'A Fateful Saga of a Waitress And a Hunter who must Outrace a Sumo Wrestler in Australia', '2006', '3', '2.99', '84', '23.99', 'R', 'Trailers,Commentarie'), ('416', 'HIGHBALL POTTER', 'A Action-Packed Saga of a Husband And a Dog who must Redeem a Database Administrator in The Sahara Desert', '2006', '6', '0.99', '110', '10.99', 'R', 'Deleted Scenes'), ('417', 'HILLS NEIGHBORS', 'A Epic Display of a Hunter And a Feminist who must Sink a Car in A U-Boat', '2006', '5', '0.99', '93', '29.99', 'G', 'Trailers,Commentarie'), ('418', 'HOBBIT ALIEN', 'A Emotional Drama of a Husband And a Girl who must Outgun a Composer in The First Manned Space Station', '2006', '5', '0.99', '157', '27.99', 'PG-13', 'Commentaries'), ('419', 'HOCUS FRIDA', 'A Awe-Inspiring Tale of a Girl And a Madman who must Outgun a Student in A Shark Tank', '2006', '4', '2.99', '141', '19.99', 'G', 'Trailers,Deleted Sce'), ('420', 'HOLES BRANNIGAN', 'A Fast-Paced Reflection of a Technical Writer And a Student who must Fight a Boy in The Canadian Rockies', '2006', '7', '4.99', '128', '27.99', 'PG', 'Commentaries,Behind '), ('421', 'HOLIDAY GAMES', 'A Insightful Reflection of a Waitress And a Madman who must Pursue a Boy in Ancient Japan', '2006', '7', '4.99', '78', '10.99', 'PG-13', 'Trailers,Commentarie'), ('422', 'HOLLOW JEOPARDY', 'A Beautiful Character Study of a Robot And a Astronaut who must Overcome a Boat in A Monastery', '2006', '7', '4.99', '136', '25.99', 'NC-17', 'Behind the Scenes'), ('423', 'HOLLYWOOD ANONYMOUS', 'A Fast-Paced Epistle of a Boy And a Explorer who must Escape a Dog in A U-Boat', '2006', '7', '0.99', '69', '29.99', 'PG', 'Trailers,Behind the '), ('424', 'HOLOCAUST HIGHBALL', 'A Awe-Inspiring Yarn of a Composer And a Man who must Find a Robot in Soviet Georgia', '2006', '6', '0.99', '149', '12.99', 'R', 'Deleted Scenes'), ('425', 'HOLY TADPOLE', 'A Action-Packed Display of a Feminist And a Pioneer who must Pursue a Dog in A Baloon Factory', '2006', '6', '0.99', '88', '20.99', 'R', 'Behind the Scenes'), ('426', 'HOME PITY', 'A Touching Panorama of a Man And a Secret Agent who must Challenge a Teacher in A MySQL Convention', '2006', '7', '4.99', '185', '15.99', 'R', 'Trailers,Commentarie'), ('427', 'HOMEWARD CIDER', 'A Taut Reflection of a Astronaut And a Squirrel who must Fight a Squirrel in A Manhattan Penthouse', '2006', '5', '0.99', '103', '19.99', 'R', 'Trailers'), ('428', 'HOMICIDE PEACH', 'A Astounding Documentary of a Hunter And a Boy who must Confront a Boy in A MySQL Convention', '2006', '6', '2.99', '141', '21.99', 'PG-13', 'Commentaries'), ('429', 'HONEY TIES', 'A Taut Story of a Waitress And a Crocodile who must Outrace a Lumberjack in A Shark Tank', '2006', '3', '0.99', '84', '29.99', 'R', 'Trailers,Commentarie'), ('430', 'HOOK CHARIOTS', 'A Insightful Story of a Boy And a Dog who must Redeem a Boy in Australia', '2006', '7', '0.99', '49', '23.99', 'G', 'Trailers,Commentarie'), ('431', 'HOOSIERS BIRDCAGE', 'A Astounding Display of a Explorer And a Boat who must Vanquish a Car in The First Manned Space Station', '2006', '3', '2.99', '176', '12.99', 'G', 'Trailers,Commentarie'), ('432', 'HOPE TOOTSIE', 'A Amazing Documentary of a Student And a Sumo Wrestler who must Outgun a A Shark in A Shark Tank', '2006', '4', '2.99', '139', '22.99', 'NC-17', 'Trailers,Deleted Sce'), ('433', 'HORN WORKING', 'A Stunning Display of a Mad Scientist And a Technical Writer who must Succumb a Monkey in A Shark Tank', '2006', '4', '2.99', '95', '23.99', 'PG', 'Trailers'), ('434', 'HORROR REIGN', 'A Touching Documentary of a A Shark And a Car who must Build a Husband in Nigeria', '2006', '3', '0.99', '139', '25.99', 'R', 'Deleted Scenes,Behin'), ('435', 'HOTEL HAPPINESS', 'A Thrilling Yarn of a Pastry Chef And a A Shark who must Challenge a Mad Scientist in The Outback', '2006', '6', '4.99', '181', '28.99', 'PG-13', 'Behind the Scenes'), ('436', 'HOURS RAGE', 'A Fateful Story of a Explorer And a Feminist who must Meet a Technical Writer in Soviet Georgia', '2006', '4', '0.99', '122', '14.99', 'NC-17', 'Trailers,Deleted Sce'), ('437', 'HOUSE DYNAMITE', 'A Taut Story of a Pioneer And a Squirrel who must Battle a Student in Soviet Georgia', '2006', '7', '2.99', '109', '13.99', 'R', 'Commentaries,Deleted'), ('438', 'HUMAN GRAFFITI', 'A Beautiful Reflection of a Womanizer And a Sumo Wrestler who must Chase a Database Administrator in The Gulf of Mexico', '2006', '3', '2.99', '68', '22.99', 'NC-17', 'Trailers,Behind the '), ('439', 'HUNCHBACK IMPOSSIBLE', 'A Touching Yarn of a Frisbee And a Dentist who must Fight a Composer in Ancient Japan', '2006', '4', '4.99', '151', '28.99', 'PG-13', 'Trailers,Deleted Sce'), ('440', 'HUNGER ROOF', 'A Unbelieveable Yarn of a Student And a Database Administrator who must Outgun a Husband in An Abandoned Mine Shaft', '2006', '6', '0.99', '105', '21.99', 'G', 'Deleted Scenes,Behin'), ('441', 'HUNTER ALTER', 'A Emotional Drama of a Mad Cow And a Boat who must Redeem a Secret Agent in A Shark Tank', '2006', '5', '2.99', '125', '21.99', 'PG-13', 'Commentaries,Deleted'), ('442', 'HUNTING MUSKETEERS', 'A Thrilling Reflection of a Pioneer And a Dentist who must Outrace a Womanizer in An Abandoned Mine Shaft', '2006', '6', '2.99', '65', '24.99', 'NC-17', 'Trailers,Deleted Sce'), ('443', 'HURRICANE AFFAIR', 'A Lacklusture Epistle of a Database Administrator And a Woman who must Meet a Hunter in An Abandoned Mine Shaft', '2006', '6', '2.99', '49', '11.99', 'PG', 'Trailers,Commentarie'), ('444', 'HUSTLER PARTY', 'A Emotional Reflection of a Sumo Wrestler And a Monkey who must Conquer a Robot in The Sahara Desert', '2006', '3', '4.99', '83', '22.99', 'NC-17', 'Trailers,Commentarie'), ('445', 'HYDE DOCTOR', 'A Fanciful Documentary of a Boy And a Woman who must Redeem a Womanizer in A Jet Boat', '2006', '5', '2.99', '100', '11.99', 'G', 'Trailers,Deleted Sce'), ('446', 'HYSTERICAL GRAIL', 'A Amazing Saga of a Madman And a Dentist who must Build a Car in A Manhattan Penthouse', '2006', '5', '4.99', '150', '19.99', 'PG', 'Trailers,Commentarie'), ('447', 'ICE CROSSING', 'A Fast-Paced Tale of a Butler And a Moose who must Overcome a Pioneer in A Manhattan Penthouse', '2006', '5', '2.99', '131', '28.99', 'R', 'Deleted Scenes'), ('448', 'IDAHO LOVE', 'A Fast-Paced Drama of a Student And a Crocodile who must Meet a Database Administrator in The Outback', '2006', '3', '2.99', '172', '25.99', 'PG-13', 'Trailers,Commentarie'), ('449', 'IDENTITY LOVER', 'A Boring Tale of a Composer And a Mad Cow who must Defeat a Car in The Outback', '2006', '4', '2.99', '119', '12.99', 'PG-13', 'Deleted Scenes'), ('450', 'IDOLS SNATCHERS', 'A Insightful Drama of a Car And a Composer who must Fight a Man in A Monastery', '2006', '5', '2.99', '84', '29.99', 'NC-17', 'Trailers'), ('451', 'IGBY MAKER', 'A Epic Documentary of a Hunter And a Dog who must Outgun a Dog in A Baloon Factory', '2006', '7', '4.99', '160', '12.99', 'NC-17', 'Trailers,Behind the '), ('452', 'ILLUSION AMELIE', 'A Emotional Epistle of a Boat And a Mad Scientist who must Outrace a Robot in An Abandoned Mine Shaft', '2006', '4', '0.99', '122', '15.99', 'R', 'Commentaries,Behind '), ('453', 'IMAGE PRINCESS', 'A Lacklusture Panorama of a Secret Agent And a Crocodile who must Discover a Madman in The Canadian Rockies', '2006', '3', '2.99', '178', '17.99', 'PG-13', 'Trailers,Commentarie'), ('454', 'IMPACT ALADDIN', 'A Epic Character Study of a Frisbee And a Moose who must Outgun a Technical Writer in A Shark Tank', '2006', '6', '0.99', '180', '20.99', 'PG-13', 'Trailers,Deleted Sce'), ('455', 'IMPOSSIBLE PREJUDICE', 'A Awe-Inspiring Yarn of a Monkey And a Hunter who must Chase a Teacher in Ancient China', '2006', '7', '4.99', '103', '11.99', 'NC-17', 'Deleted Scenes'), ('456', 'INCH JET', 'A Fateful Saga of a Womanizer And a Student who must Defeat a Butler in A Monastery', '2006', '6', '4.99', '167', '18.99', 'NC-17', 'Deleted Scenes'), ('457', 'INDEPENDENCE HOTEL', 'A Thrilling Tale of a Technical Writer And a Boy who must Face a Pioneer in A Monastery', '2006', '5', '0.99', '157', '21.99', 'NC-17', 'Trailers,Behind the '), ('458', 'INDIAN LOVE', 'A Insightful Saga of a Mad Scientist And a Mad Scientist who must Kill a Astronaut in An Abandoned Fun House', '2006', '4', '0.99', '135', '26.99', 'NC-17', 'Trailers,Commentarie'), ('459', 'INFORMER DOUBLE', 'A Action-Packed Display of a Woman And a Dentist who must Redeem a Forensic Psychologist in The Canadian Rockies', '2006', '4', '4.99', '74', '23.99', 'NC-17', 'Trailers,Commentarie'), ('460', 'INNOCENT USUAL', 'A Beautiful Drama of a Pioneer And a Crocodile who must Challenge a Student in The Outback', '2006', '3', '4.99', '178', '26.99', 'PG-13', 'Trailers,Deleted Sce'), ('461', 'INSECTS STONE', 'A Epic Display of a Butler And a Dog who must Vanquish a Crocodile in A Manhattan Penthouse', '2006', '3', '0.99', '123', '14.99', 'NC-17', 'Trailers,Commentarie'), ('462', 'INSIDER ARIZONA', 'A Astounding Saga of a Mad Scientist And a Hunter who must Pursue a Robot in A Baloon Factory', '2006', '5', '2.99', '78', '17.99', 'NC-17', 'Commentaries'), ('463', 'INSTINCT AIRPORT', 'A Touching Documentary of a Mad Cow And a Explorer who must Confront a Butler in A Manhattan Penthouse', '2006', '4', '2.99', '116', '21.99', 'PG', 'Commentaries,Deleted'), ('464', 'INTENTIONS EMPIRE', 'A Astounding Epistle of a Cat And a Cat who must Conquer a Mad Cow in A U-Boat', '2006', '3', '2.99', '107', '13.99', 'PG-13', 'Trailers,Behind the '), ('465', 'INTERVIEW LIAISONS', 'A Action-Packed Reflection of a Student And a Butler who must Discover a Database Administrator in A Manhattan Penthouse', '2006', '4', '4.99', '59', '17.99', 'R', 'Commentaries,Behind '), ('466', 'INTOLERABLE INTENTIONS', 'A Awe-Inspiring Story of a Monkey And a Pastry Chef who must Succumb a Womanizer in A MySQL Convention', '2006', '6', '4.99', '63', '20.99', 'PG-13', 'Commentaries,Behind '), ('467', 'INTRIGUE WORST', 'A Fanciful Character Study of a Explorer And a Mad Scientist who must Vanquish a Squirrel in A Jet Boat', '2006', '6', '0.99', '181', '10.99', 'G', 'Deleted Scenes'), ('468', 'INVASION CYCLONE', 'A Lacklusture Character Study of a Mad Scientist And a Womanizer who must Outrace a Explorer in A Monastery', '2006', '5', '2.99', '97', '12.99', 'PG', 'Trailers,Deleted Sce'), ('469', 'IRON MOON', 'A Fast-Paced Documentary of a Mad Cow And a Boy who must Pursue a Dentist in A Baloon', '2006', '7', '4.99', '46', '27.99', 'PG', 'Commentaries,Behind '), ('470', 'ISHTAR ROCKETEER', 'A Astounding Saga of a Dog And a Squirrel who must Conquer a Dog in An Abandoned Fun House', '2006', '4', '4.99', '79', '24.99', 'R', 'Trailers,Commentarie'), ('471', 'ISLAND EXORCIST', 'A Fanciful Panorama of a Technical Writer And a Boy who must Find a Dentist in An Abandoned Fun House', '2006', '7', '2.99', '84', '23.99', 'NC-17', 'Trailers,Commentarie'), ('472', 'ITALIAN AFRICAN', 'A Astounding Character Study of a Monkey And a Moose who must Outgun a Cat in A U-Boat', '2006', '3', '4.99', '174', '24.99', 'G', 'Trailers,Commentarie'), ('473', 'JACKET FRISCO', 'A Insightful Reflection of a Womanizer And a Husband who must Conquer a Pastry Chef in A Baloon', '2006', '5', '2.99', '181', '16.99', 'PG-13', 'Trailers,Deleted Sce'), ('474', 'JADE BUNCH', 'A Insightful Panorama of a Squirrel And a Mad Cow who must Confront a Student in The First Manned Space Station', '2006', '6', '2.99', '174', '21.99', 'NC-17', 'Trailers,Commentarie'), ('475', 'JAPANESE RUN', 'A Awe-Inspiring Epistle of a Feminist And a Girl who must Sink a Girl in The Outback', '2006', '6', '0.99', '135', '29.99', 'G', 'Deleted Scenes'), ('476', 'JASON TRAP', 'A Thoughtful Tale of a Woman And a A Shark who must Conquer a Dog in A Monastery', '2006', '5', '2.99', '130', '9.99', 'NC-17', 'Trailers,Deleted Sce'), ('477', 'JAWBREAKER BROOKLYN', 'A Stunning Reflection of a Boat And a Pastry Chef who must Succumb a A Shark in A Jet Boat', '2006', '5', '0.99', '118', '15.99', 'PG', 'Trailers,Behind the '), ('478', 'JAWS HARRY', 'A Thrilling Display of a Database Administrator And a Monkey who must Overcome a Dog in An Abandoned Fun House', '2006', '4', '2.99', '112', '10.99', 'G', 'Deleted Scenes'), ('479', 'JEDI BENEATH', 'A Astounding Reflection of a Explorer And a Dentist who must Pursue a Student in Nigeria', '2006', '7', '0.99', '128', '12.99', 'PG', 'Trailers,Commentarie'), ('480', 'JEEPERS WEDDING', 'A Astounding Display of a Composer And a Dog who must Kill a Pastry Chef in Soviet Georgia', '2006', '3', '2.99', '84', '29.99', 'R', 'Trailers,Commentarie'), ('481', 'JEKYLL FROGMEN', 'A Fanciful Epistle of a Student And a Astronaut who must Kill a Waitress in A Shark Tank', '2006', '4', '2.99', '58', '22.99', 'PG', 'Commentaries,Deleted'), ('482', 'JEOPARDY ENCINO', 'A Boring Panorama of a Man And a Mad Cow who must Face a Explorer in Ancient India', '2006', '3', '0.99', '102', '12.99', 'R', 'Trailers,Commentarie'), ('483', 'JERICHO MULAN', 'A Amazing Yarn of a Hunter And a Butler who must Defeat a Boy in A Jet Boat', '2006', '3', '2.99', '171', '29.99', 'NC-17', 'Commentaries'), ('484', 'JERK PAYCHECK', 'A Touching Character Study of a Pastry Chef And a Database Administrator who must Reach a A Shark in Ancient Japan', '2006', '3', '2.99', '172', '13.99', 'NC-17', 'Trailers,Commentarie'), ('485', 'JERSEY SASSY', 'A Lacklusture Documentary of a Madman And a Mad Cow who must Find a Feminist in Ancient Japan', '2006', '6', '4.99', '60', '16.99', 'PG', 'Deleted Scenes,Behin'), ('486', 'JET NEIGHBORS', 'A Amazing Display of a Lumberjack And a Teacher who must Outrace a Woman in A U-Boat', '2006', '7', '4.99', '59', '14.99', 'R', 'Trailers,Commentarie'), ('487', 'JINGLE SAGEBRUSH', 'A Epic Character Study of a Feminist And a Student who must Meet a Woman in A Baloon', '2006', '6', '4.99', '124', '29.99', 'PG-13', 'Trailers,Commentarie'), ('488', 'JOON NORTHWEST', 'A Thrilling Panorama of a Technical Writer And a Car who must Discover a Forensic Psychologist in A Shark Tank', '2006', '3', '0.99', '105', '23.99', 'NC-17', 'Trailers,Commentarie'), ('489', 'JUGGLER HARDLY', 'A Epic Story of a Mad Cow And a Astronaut who must Challenge a Car in California', '2006', '4', '0.99', '54', '14.99', 'PG-13', 'Trailers,Commentarie'), ('490', 'JUMANJI BLADE', 'A Intrepid Yarn of a Husband And a Womanizer who must Pursue a Mad Scientist in New Orleans', '2006', '4', '2.99', '121', '13.99', 'G', 'Commentaries,Behind '), ('491', 'JUMPING WRATH', 'A Touching Epistle of a Monkey And a Feminist who must Discover a Boat in Berlin', '2006', '4', '0.99', '74', '18.99', 'NC-17', 'Commentaries,Behind '), ('492', 'JUNGLE CLOSER', 'A Boring Character Study of a Boy And a Woman who must Battle a Astronaut in Australia', '2006', '6', '0.99', '134', '11.99', 'NC-17', 'Trailers,Commentarie'), ('493', 'KANE EXORCIST', 'A Epic Documentary of a Composer And a Robot who must Overcome a Car in Berlin', '2006', '5', '0.99', '92', '18.99', 'R', 'Trailers,Commentarie'), ('494', 'KARATE MOON', 'A Astounding Yarn of a Womanizer And a Dog who must Reach a Waitress in A MySQL Convention', '2006', '4', '0.99', '120', '21.99', 'PG-13', 'Behind the Scenes'), ('495', 'KENTUCKIAN GIANT', 'A Stunning Yarn of a Woman And a Frisbee who must Escape a Waitress in A U-Boat', '2006', '5', '2.99', '169', '10.99', 'PG', 'Trailers,Commentarie'), ('496', 'KICK SAVANNAH', 'A Emotional Drama of a Monkey And a Robot who must Defeat a Monkey in New Orleans', '2006', '3', '0.99', '179', '10.99', 'PG-13', 'Trailers,Commentarie'), ('497', 'KILL BROTHERHOOD', 'A Touching Display of a Hunter And a Secret Agent who must Redeem a Husband in The Outback', '2006', '4', '0.99', '54', '15.99', 'G', 'Trailers,Commentarie'), ('498', 'KILLER INNOCENT', 'A Fanciful Character Study of a Student And a Explorer who must Succumb a Composer in An Abandoned Mine Shaft', '2006', '7', '2.99', '161', '11.99', 'R', 'Trailers,Commentarie'), ('499', 'KING EVOLUTION', 'A Action-Packed Tale of a Boy And a Lumberjack who must Chase a Madman in A Baloon', '2006', '3', '4.99', '184', '24.99', 'NC-17', 'Trailers,Deleted Sce'), ('500', 'KISS GLORY', 'A Lacklusture Reflection of a Girl And a Husband who must Find a Robot in The Canadian Rockies', '2006', '5', '4.99', '163', '11.99', 'PG-13', 'Trailers,Commentarie'), ('501', 'KISSING DOLLS', 'A Insightful Reflection of a Pioneer And a Teacher who must Build a Composer in The First Manned Space Station', '2006', '3', '4.99', '141', '9.99', 'R', 'Trailers'), ('502', 'KNOCK WARLOCK', 'A Unbelieveable Story of a Teacher And a Boat who must Confront a Moose in A Baloon', '2006', '4', '2.99', '71', '21.99', 'PG-13', 'Trailers'), ('503', 'KRAMER CHOCOLATE', 'A Amazing Yarn of a Robot And a Pastry Chef who must Redeem a Mad Scientist in The Outback', '2006', '3', '2.99', '171', '24.99', 'R', 'Trailers'), ('504', 'KWAI HOMEWARD', 'A Amazing Drama of a Car And a Squirrel who must Pursue a Car in Soviet Georgia', '2006', '5', '0.99', '46', '25.99', 'PG-13', 'Trailers,Commentarie'), ('505', 'LABYRINTH LEAGUE', 'A Awe-Inspiring Saga of a Composer And a Frisbee who must Succumb a Pioneer in The Sahara Desert', '2006', '6', '2.99', '46', '24.99', 'PG-13', 'Commentaries,Behind '), ('506', 'LADY STAGE', 'A Beautiful Character Study of a Woman And a Man who must Pursue a Explorer in A U-Boat', '2006', '4', '4.99', '67', '14.99', 'PG', 'Trailers,Deleted Sce'), ('507', 'LADYBUGS ARMAGEDDON', 'A Fateful Reflection of a Dog And a Mad Scientist who must Meet a Mad Scientist in New Orleans', '2006', '4', '0.99', '113', '13.99', 'NC-17', 'Deleted Scenes'), ('508', 'LAMBS CINCINATTI', 'A Insightful Story of a Man And a Feminist who must Fight a Composer in Australia', '2006', '6', '4.99', '144', '18.99', 'PG-13', 'Trailers,Behind the '), ('509', 'LANGUAGE COWBOY', 'A Epic Yarn of a Cat And a Madman who must Vanquish a Dentist in An Abandoned Amusement Park', '2006', '5', '0.99', '78', '26.99', 'NC-17', 'Trailers,Deleted Sce'), ('510', 'LAWLESS VISION', 'A Insightful Yarn of a Boy And a Sumo Wrestler who must Outgun a Car in The Outback', '2006', '6', '4.99', '181', '29.99', 'G', 'Deleted Scenes,Behin'), ('511', 'LAWRENCE LOVE', 'A Fanciful Yarn of a Database Administrator And a Mad Cow who must Pursue a Womanizer in Berlin', '2006', '7', '0.99', '175', '23.99', 'NC-17', 'Commentaries,Deleted'), ('512', 'LEAGUE HELLFIGHTERS', 'A Thoughtful Saga of a A Shark And a Monkey who must Outgun a Student in Ancient China', '2006', '5', '4.99', '110', '25.99', 'PG-13', 'Trailers'), ('513', 'LEATHERNECKS DWARFS', 'A Fateful Reflection of a Dog And a Mad Cow who must Outrace a Teacher in An Abandoned Mine Shaft', '2006', '6', '2.99', '153', '21.99', 'PG-13', 'Trailers,Commentarie'), ('514', 'LEBOWSKI SOLDIERS', 'A Beautiful Epistle of a Secret Agent And a Pioneer who must Chase a Astronaut in Ancient China', '2006', '6', '2.99', '69', '17.99', 'PG-13', 'Commentaries,Deleted'), ('515', 'LEGALLY SECRETARY', 'A Astounding Tale of a A Shark And a Moose who must Meet a Womanizer in The Sahara Desert', '2006', '7', '4.99', '113', '14.99', 'PG', 'Trailers,Commentarie'), ('516', 'LEGEND JEDI', 'A Awe-Inspiring Epistle of a Pioneer And a Student who must Outgun a Crocodile in The Outback', '2006', '7', '0.99', '59', '18.99', 'PG', 'Commentaries,Deleted'), ('517', 'LESSON CLEOPATRA', 'A Emotional Display of a Man And a Explorer who must Build a Boy in A Manhattan Penthouse', '2006', '3', '0.99', '167', '28.99', 'NC-17', 'Deleted Scenes,Behin'), ('518', 'LIAISONS SWEET', 'A Boring Drama of a A Shark And a Explorer who must Redeem a Waitress in The Canadian Rockies', '2006', '5', '4.99', '140', '15.99', 'PG', 'Commentaries,Behind '), ('519', 'LIBERTY MAGNIFICENT', 'A Boring Drama of a Student And a Cat who must Sink a Technical Writer in A Baloon', '2006', '3', '2.99', '138', '27.99', 'G', 'Commentaries,Deleted'), ('520', 'LICENSE WEEKEND', 'A Insightful Story of a Man And a Husband who must Overcome a Madman in A Monastery', '2006', '7', '2.99', '91', '28.99', 'NC-17', 'Deleted Scenes,Behin'), ('521', 'LIES TREATMENT', 'A Fast-Paced Character Study of a Dentist And a Moose who must Defeat a Composer in The First Manned Space Station', '2006', '7', '4.99', '147', '28.99', 'NC-17', 'Commentaries,Deleted'), ('522', 'LIFE TWISTED', 'A Thrilling Reflection of a Teacher And a Composer who must Find a Man in The First Manned Space Station', '2006', '4', '2.99', '137', '9.99', 'NC-17', 'Commentaries,Deleted'), ('523', 'LIGHTS DEER', 'A Unbelieveable Epistle of a Dog And a Woman who must Confront a Moose in The Gulf of Mexico', '2006', '7', '0.99', '174', '21.99', 'R', 'Commentaries'), ('524', 'LION UNCUT', 'A Intrepid Display of a Pastry Chef And a Cat who must Kill a A Shark in Ancient China', '2006', '6', '0.99', '50', '13.99', 'PG', 'Trailers,Deleted Sce'), ('525', 'LOATHING LEGALLY', 'A Boring Epistle of a Pioneer And a Mad Scientist who must Escape a Frisbee in The Gulf of Mexico', '2006', '4', '0.99', '140', '29.99', 'R', 'Deleted Scenes'), ('526', 'LOCK REAR', 'A Thoughtful Character Study of a Squirrel And a Technical Writer who must Outrace a Student in Ancient Japan', '2006', '7', '2.99', '120', '10.99', 'R', 'Trailers,Commentarie'), ('527', 'LOLA AGENT', 'A Astounding Tale of a Mad Scientist And a Husband who must Redeem a Database Administrator in Ancient Japan', '2006', '4', '4.99', '85', '24.99', 'PG', 'Trailers,Commentarie'), ('528', 'LOLITA WORLD', 'A Thrilling Drama of a Girl And a Robot who must Redeem a Waitress in An Abandoned Mine Shaft', '2006', '4', '2.99', '155', '25.99', 'NC-17', 'Trailers,Deleted Sce'), ('529', 'LONELY ELEPHANT', 'A Intrepid Story of a Student And a Dog who must Challenge a Explorer in Soviet Georgia', '2006', '3', '2.99', '67', '12.99', 'G', 'Trailers,Commentarie'), ('530', 'LORD ARIZONA', 'A Action-Packed Display of a Frisbee And a Pastry Chef who must Pursue a Crocodile in A Jet Boat', '2006', '5', '2.99', '108', '27.99', 'PG-13', 'Trailers'), ('531', 'LOSE INCH', 'A Stunning Reflection of a Student And a Technical Writer who must Battle a Butler in The First Manned Space Station', '2006', '3', '0.99', '137', '18.99', 'R', 'Trailers,Commentarie'), ('532', 'LOSER HUSTLER', 'A Stunning Drama of a Robot And a Feminist who must Outgun a Butler in Nigeria', '2006', '5', '4.99', '80', '28.99', 'PG', 'Deleted Scenes,Behin'), ('533', 'LOST BIRD', 'A Emotional Character Study of a Robot And a A Shark who must Defeat a Technical Writer in A Manhattan Penthouse', '2006', '4', '2.99', '98', '21.99', 'PG-13', 'Deleted Scenes'), ('534', 'LOUISIANA HARRY', 'A Lacklusture Drama of a Girl And a Technical Writer who must Redeem a Monkey in A Shark Tank', '2006', '5', '0.99', '70', '18.99', 'PG-13', 'Trailers'), ('535', 'LOVE SUICIDES', 'A Brilliant Panorama of a Hunter And a Explorer who must Pursue a Dentist in An Abandoned Fun House', '2006', '6', '0.99', '181', '21.99', 'R', 'Trailers,Behind the '), ('536', 'LOVELY JINGLE', 'A Fanciful Yarn of a Crocodile And a Forensic Psychologist who must Discover a Crocodile in The Outback', '2006', '3', '2.99', '65', '18.99', 'PG', 'Trailers,Behind the '), ('537', 'LOVER TRUMAN', 'A Emotional Yarn of a Robot And a Boy who must Outgun a Technical Writer in A U-Boat', '2006', '3', '2.99', '75', '29.99', 'G', 'Trailers'), ('538', 'LOVERBOY ATTACKS', 'A Boring Story of a Car And a Butler who must Build a Girl in Soviet Georgia', '2006', '7', '0.99', '162', '19.99', 'PG-13', 'Trailers,Behind the '), ('539', 'LUCK OPUS', 'A Boring Display of a Moose And a Squirrel who must Outrace a Teacher in A Shark Tank', '2006', '7', '2.99', '152', '21.99', 'NC-17', 'Trailers,Commentarie'), ('540', 'LUCKY FLYING', 'A Lacklusture Character Study of a A Shark And a Man who must Find a Forensic Psychologist in A U-Boat', '2006', '7', '2.99', '97', '10.99', 'PG-13', 'Trailers,Commentarie'), ('541', 'LUKE MUMMY', 'A Taut Character Study of a Boy And a Robot who must Redeem a Mad Scientist in Ancient India', '2006', '5', '2.99', '74', '21.99', 'NC-17', 'Trailers,Behind the '), ('542', 'LUST LOCK', 'A Fanciful Panorama of a Hunter And a Dentist who must Meet a Secret Agent in The Sahara Desert', '2006', '3', '2.99', '52', '28.99', 'G', 'Trailers,Commentarie'), ('543', 'MADIGAN DORADO', 'A Astounding Character Study of a A Shark And a A Shark who must Discover a Crocodile in The Outback', '2006', '5', '4.99', '116', '20.99', 'R', 'Deleted Scenes,Behin'), ('544', 'MADISON TRAP', 'A Awe-Inspiring Reflection of a Monkey And a Dentist who must Overcome a Pioneer in A U-Boat', '2006', '4', '2.99', '147', '11.99', 'R', 'Commentaries,Deleted'), ('545', 'MADNESS ATTACKS', 'A Fanciful Tale of a Squirrel And a Boat who must Defeat a Crocodile in The Gulf of Mexico', '2006', '4', '0.99', '178', '14.99', 'PG-13', 'Trailers'), ('546', 'MADRE GABLES', 'A Intrepid Panorama of a Sumo Wrestler And a Forensic Psychologist who must Discover a Moose in The First Manned Space Station', '2006', '7', '2.99', '98', '27.99', 'PG-13', 'Trailers,Commentarie'), ('547', 'MAGIC MALLRATS', 'A Touching Documentary of a Pastry Chef And a Pastry Chef who must Build a Mad Scientist in California', '2006', '3', '0.99', '117', '19.99', 'PG', 'Trailers,Commentarie'), ('548', 'MAGNIFICENT CHITTY', 'A Insightful Story of a Teacher And a Hunter who must Face a Mad Cow in California', '2006', '3', '2.99', '53', '27.99', 'R', 'Commentaries,Deleted'), ('549', 'MAGNOLIA FORRESTER', 'A Thoughtful Documentary of a Composer And a Explorer who must Conquer a Dentist in New Orleans', '2006', '4', '0.99', '171', '28.99', 'PG-13', 'Trailers,Commentarie'), ('550', 'MAGUIRE APACHE', 'A Fast-Paced Reflection of a Waitress And a Hunter who must Defeat a Forensic Psychologist in A Baloon', '2006', '6', '2.99', '74', '22.99', 'NC-17', 'Trailers,Commentarie'), ('551', 'MAIDEN HOME', 'A Lacklusture Saga of a Moose And a Teacher who must Kill a Forensic Psychologist in A MySQL Convention', '2006', '3', '4.99', '138', '9.99', 'PG', 'Behind the Scenes'), ('552', 'MAJESTIC FLOATS', 'A Thrilling Character Study of a Moose And a Student who must Escape a Butler in The First Manned Space Station', '2006', '5', '0.99', '130', '15.99', 'PG', 'Trailers'), ('553', 'MAKER GABLES', 'A Stunning Display of a Moose And a Database Administrator who must Pursue a Composer in A Jet Boat', '2006', '4', '0.99', '136', '12.99', 'PG-13', 'Deleted Scenes,Behin'), ('554', 'MALKOVICH PET', 'A Intrepid Reflection of a Waitress And a A Shark who must Kill a Squirrel in The Outback', '2006', '6', '2.99', '159', '22.99', 'G', 'Behind the Scenes'), ('555', 'MALLRATS UNITED', 'A Thrilling Yarn of a Waitress And a Dentist who must Find a Hunter in A Monastery', '2006', '4', '0.99', '133', '25.99', 'PG', 'Trailers,Commentarie'), ('556', 'MALTESE HOPE', 'A Fast-Paced Documentary of a Crocodile And a Sumo Wrestler who must Conquer a Explorer in California', '2006', '6', '4.99', '127', '26.99', 'PG-13', 'Behind the Scenes'), ('557', 'MANCHURIAN CURTAIN', 'A Stunning Tale of a Mad Cow And a Boy who must Battle a Boy in Berlin', '2006', '5', '2.99', '177', '27.99', 'PG', 'Trailers,Commentarie'), ('558', 'MANNEQUIN WORST', 'A Astounding Saga of a Mad Cow And a Pastry Chef who must Discover a Husband in Ancient India', '2006', '3', '2.99', '71', '18.99', 'PG-13', 'Trailers,Commentarie'), ('559', 'MARRIED GO', 'A Fanciful Story of a Womanizer And a Dog who must Face a Forensic Psychologist in The Sahara Desert', '2006', '7', '2.99', '114', '22.99', 'G', 'Behind the Scenes'), ('560', 'MARS ROMAN', 'A Boring Drama of a Car And a Dog who must Succumb a Madman in Soviet Georgia', '2006', '6', '0.99', '62', '21.99', 'NC-17', 'Commentaries,Deleted'), ('561', 'MASK PEACH', 'A Boring Character Study of a Student And a Robot who must Meet a Woman in California', '2006', '6', '2.99', '123', '26.99', 'NC-17', 'Commentaries,Deleted'), ('562', 'MASKED BUBBLE', 'A Fanciful Documentary of a Pioneer And a Boat who must Pursue a Pioneer in An Abandoned Mine Shaft', '2006', '6', '0.99', '151', '12.99', 'PG-13', 'Commentaries,Behind '), ('563', 'MASSACRE USUAL', 'A Fateful Reflection of a Waitress And a Crocodile who must Challenge a Forensic Psychologist in California', '2006', '6', '4.99', '165', '16.99', 'R', 'Commentaries'), ('564', 'MASSAGE IMAGE', 'A Fateful Drama of a Frisbee And a Crocodile who must Vanquish a Dog in The First Manned Space Station', '2006', '4', '2.99', '161', '11.99', 'PG', 'Commentaries,Behind '), ('565', 'MATRIX SNOWMAN', 'A Action-Packed Saga of a Womanizer And a Woman who must Overcome a Student in California', '2006', '6', '4.99', '56', '9.99', 'PG-13', 'Commentaries,Deleted'), ('566', 'MAUDE MOD', 'A Beautiful Documentary of a Forensic Psychologist And a Cat who must Reach a Astronaut in Nigeria', '2006', '6', '0.99', '72', '20.99', 'R', 'Trailers,Behind the '), ('567', 'MEET CHOCOLATE', 'A Boring Documentary of a Dentist And a Butler who must Confront a Monkey in A MySQL Convention', '2006', '3', '2.99', '80', '26.99', 'G', 'Trailers'), ('568', 'MEMENTO ZOOLANDER', 'A Touching Epistle of a Squirrel And a Explorer who must Redeem a Pastry Chef in The Sahara Desert', '2006', '4', '4.99', '77', '11.99', 'NC-17', 'Behind the Scenes'), ('569', 'MENAGERIE RUSHMORE', 'A Unbelieveable Panorama of a Composer And a Butler who must Overcome a Database Administrator in The First Manned Space Station', '2006', '7', '2.99', '147', '18.99', 'G', 'Trailers,Commentarie'), ('570', 'MERMAID INSECTS', 'A Lacklusture Drama of a Waitress And a Husband who must Fight a Husband in California', '2006', '5', '4.99', '104', '20.99', 'NC-17', 'Trailers,Behind the '), ('571', 'METAL ARMAGEDDON', 'A Thrilling Display of a Lumberjack And a Crocodile who must Meet a Monkey in A Baloon Factory', '2006', '6', '2.99', '161', '26.99', 'PG-13', 'Trailers,Commentarie'), ('572', 'METROPOLIS COMA', 'A Emotional Saga of a Database Administrator And a Pastry Chef who must Confront a Teacher in A Baloon Factory', '2006', '4', '2.99', '64', '9.99', 'PG-13', 'Trailers,Commentarie'), ('573', 'MICROCOSMOS PARADISE', 'A Touching Character Study of a Boat And a Student who must Sink a A Shark in Nigeria', '2006', '6', '2.99', '105', '22.99', 'PG-13', 'Commentaries'), ('574', 'MIDNIGHT WESTWARD', 'A Taut Reflection of a Husband And a A Shark who must Redeem a Pastry Chef in A Monastery', '2006', '3', '0.99', '86', '19.99', 'G', 'Trailers,Deleted Sce'), ('575', 'MIDSUMMER GROUNDHOG', 'A Fateful Panorama of a Moose And a Dog who must Chase a Crocodile in Ancient Japan', '2006', '3', '4.99', '48', '27.99', 'G', 'Trailers,Deleted Sce'), ('576', 'MIGHTY LUCK', 'A Astounding Epistle of a Mad Scientist And a Pioneer who must Escape a Database Administrator in A MySQL Convention', '2006', '7', '2.99', '122', '13.99', 'PG', 'Behind the Scenes'), ('577', 'MILE MULAN', 'A Lacklusture Epistle of a Cat And a Husband who must Confront a Boy in A MySQL Convention', '2006', '4', '0.99', '64', '10.99', 'PG', 'Deleted Scenes,Behin'), ('578', 'MILLION ACE', 'A Brilliant Documentary of a Womanizer And a Squirrel who must Find a Technical Writer in The Sahara Desert', '2006', '4', '4.99', '142', '16.99', 'PG-13', 'Deleted Scenes'), ('579', 'MINDS TRUMAN', 'A Taut Yarn of a Mad Scientist And a Crocodile who must Outgun a Database Administrator in A Monastery', '2006', '3', '4.99', '149', '22.99', 'PG-13', 'Deleted Scenes,Behin'), ('580', 'MINE TITANS', 'A Amazing Yarn of a Robot And a Womanizer who must Discover a Forensic Psychologist in Berlin', '2006', '3', '4.99', '166', '12.99', 'PG-13', 'Trailers,Deleted Sce'), ('581', 'MINORITY KISS', 'A Insightful Display of a Lumberjack And a Sumo Wrestler who must Meet a Man in The Outback', '2006', '4', '0.99', '59', '16.99', 'G', 'Trailers'), ('582', 'MIRACLE VIRTUAL', 'A Touching Epistle of a Butler And a Boy who must Find a Mad Scientist in The Sahara Desert', '2006', '3', '2.99', '162', '19.99', 'PG-13', 'Trailers,Deleted Sce'), ('583', 'MISSION ZOOLANDER', 'A Intrepid Story of a Sumo Wrestler And a Teacher who must Meet a A Shark in An Abandoned Fun House', '2006', '3', '4.99', '164', '26.99', 'PG-13', 'Behind the Scenes'), ('584', 'MIXED DOORS', 'A Taut Drama of a Womanizer And a Lumberjack who must Succumb a Pioneer in Ancient India', '2006', '6', '2.99', '180', '26.99', 'PG-13', 'Behind the Scenes'), ('585', 'MOB DUFFEL', 'A Unbelieveable Documentary of a Frisbee And a Boat who must Meet a Boy in The Canadian Rockies', '2006', '4', '0.99', '105', '25.99', 'G', 'Trailers'), ('586', 'MOCKINGBIRD HOLLYWOOD', 'A Thoughtful Panorama of a Man And a Car who must Sink a Composer in Berlin', '2006', '4', '0.99', '60', '27.99', 'PG', 'Behind the Scenes'), ('587', 'MOD SECRETARY', 'A Boring Documentary of a Mad Cow And a Cat who must Build a Lumberjack in New Orleans', '2006', '6', '4.99', '77', '20.99', 'NC-17', 'Commentaries,Behind '), ('588', 'MODEL FISH', 'A Beautiful Panorama of a Boat And a Crocodile who must Outrace a Dog in Australia', '2006', '4', '4.99', '175', '11.99', 'NC-17', 'Trailers,Commentarie'), ('589', 'MODERN DORADO', 'A Awe-Inspiring Story of a Butler And a Sumo Wrestler who must Redeem a Boy in New Orleans', '2006', '3', '0.99', '74', '20.99', 'PG', 'Trailers,Commentarie'), ('590', 'MONEY HAROLD', 'A Touching Tale of a Explorer And a Boat who must Defeat a Robot in Australia', '2006', '3', '2.99', '135', '17.99', 'PG', 'Trailers,Commentarie'), ('591', 'MONSOON CAUSE', 'A Astounding Tale of a Crocodile And a Car who must Outrace a Squirrel in A U-Boat', '2006', '6', '4.99', '182', '20.99', 'PG', 'Commentaries,Behind '), ('592', 'MONSTER SPARTACUS', 'A Fast-Paced Story of a Waitress And a Cat who must Fight a Girl in Australia', '2006', '6', '2.99', '107', '28.99', 'PG', 'Commentaries,Behind '), ('593', 'MONTEREY LABYRINTH', 'A Awe-Inspiring Drama of a Monkey And a Composer who must Escape a Feminist in A U-Boat', '2006', '6', '0.99', '158', '13.99', 'G', 'Trailers,Commentarie'), ('594', 'MONTEZUMA COMMAND', 'A Thrilling Reflection of a Waitress And a Butler who must Battle a Butler in A Jet Boat', '2006', '6', '0.99', '126', '22.99', 'NC-17', 'Trailers'), ('595', 'MOON BUNCH', 'A Beautiful Tale of a Astronaut And a Mad Cow who must Challenge a Cat in A Baloon Factory', '2006', '7', '0.99', '83', '20.99', 'PG', 'Deleted Scenes,Behin'), ('596', 'MOONSHINE CABIN', 'A Thoughtful Display of a Astronaut And a Feminist who must Chase a Frisbee in A Jet Boat', '2006', '4', '4.99', '171', '25.99', 'PG-13', 'Behind the Scenes'), ('597', 'MOONWALKER FOOL', 'A Epic Drama of a Feminist And a Pioneer who must Sink a Composer in New Orleans', '2006', '5', '4.99', '184', '12.99', 'G', 'Trailers,Deleted Sce'), ('598', 'MOSQUITO ARMAGEDDON', 'A Thoughtful Character Study of a Waitress And a Feminist who must Build a Teacher in Ancient Japan', '2006', '6', '0.99', '57', '22.99', 'G', 'Trailers'), ('599', 'MOTHER OLEANDER', 'A Boring Tale of a Husband And a Boy who must Fight a Squirrel in Ancient China', '2006', '3', '0.99', '103', '20.99', 'R', 'Trailers,Commentarie'), ('600', 'MOTIONS DETAILS', 'A Awe-Inspiring Reflection of a Dog And a Student who must Kill a Car in An Abandoned Fun House', '2006', '5', '0.99', '166', '16.99', 'PG', 'Trailers,Commentarie'), ('601', 'MOULIN WAKE', 'A Astounding Story of a Forensic Psychologist And a Cat who must Battle a Teacher in An Abandoned Mine Shaft', '2006', '4', '0.99', '79', '20.99', 'PG-13', 'Trailers'), ('602', 'MOURNING PURPLE', 'A Lacklusture Display of a Waitress And a Lumberjack who must Chase a Pioneer in New Orleans', '2006', '5', '0.99', '146', '14.99', 'PG', 'Trailers,Commentarie'), ('603', 'MOVIE SHAKESPEARE', 'A Insightful Display of a Database Administrator And a Student who must Build a Hunter in Berlin', '2006', '6', '4.99', '53', '27.99', 'PG', 'Commentaries,Deleted'), ('604', 'MULAN MOON', 'A Emotional Saga of a Womanizer And a Pioneer who must Overcome a Dentist in A Baloon', '2006', '4', '0.99', '160', '10.99', 'G', 'Behind the Scenes'), ('605', 'MULHOLLAND BEAST', 'A Awe-Inspiring Display of a Husband And a Squirrel who must Battle a Sumo Wrestler in A Jet Boat', '2006', '7', '2.99', '157', '13.99', 'PG', 'Trailers,Deleted Sce'), ('606', 'MUMMY CREATURES', 'A Fateful Character Study of a Crocodile And a Monkey who must Meet a Dentist in Australia', '2006', '3', '0.99', '160', '15.99', 'NC-17', 'Trailers,Behind the '), ('607', 'MUPPET MILE', 'A Lacklusture Story of a Madman And a Teacher who must Kill a Frisbee in The Gulf of Mexico', '2006', '5', '4.99', '50', '18.99', 'PG', 'Trailers,Deleted Sce'), ('608', 'MURDER ANTITRUST', 'A Brilliant Yarn of a Car And a Database Administrator who must Escape a Boy in A MySQL Convention', '2006', '6', '2.99', '166', '11.99', 'PG', 'Trailers,Deleted Sce'), ('609', 'MUSCLE BRIGHT', 'A Stunning Panorama of a Sumo Wrestler And a Husband who must Redeem a Madman in Ancient India', '2006', '7', '2.99', '185', '23.99', 'G', 'Deleted Scenes'), ('610', 'MUSIC BOONDOCK', 'A Thrilling Tale of a Butler And a Astronaut who must Battle a Explorer in The First Manned Space Station', '2006', '7', '0.99', '129', '17.99', 'R', 'Trailers,Commentarie'), ('611', 'MUSKETEERS WAIT', 'A Touching Yarn of a Student And a Moose who must Fight a Mad Cow in Australia', '2006', '7', '4.99', '73', '17.99', 'PG', 'Deleted Scenes,Behin'), ('612', 'MUSSOLINI SPOILERS', 'A Thrilling Display of a Boat And a Monkey who must Meet a Composer in Ancient China', '2006', '6', '2.99', '180', '10.99', 'G', 'Deleted Scenes,Behin'), ('613', 'MYSTIC TRUMAN', 'A Epic Yarn of a Teacher And a Hunter who must Outgun a Explorer in Soviet Georgia', '2006', '5', '0.99', '92', '19.99', 'NC-17', 'Commentaries,Behind '), ('614', 'NAME DETECTIVE', 'A Touching Saga of a Sumo Wrestler And a Cat who must Pursue a Mad Scientist in Nigeria', '2006', '5', '4.99', '178', '11.99', 'PG-13', 'Trailers,Commentarie'), ('615', 'NASH CHOCOLAT', 'A Epic Reflection of a Monkey And a Mad Cow who must Kill a Forensic Psychologist in An Abandoned Mine Shaft', '2006', '6', '2.99', '180', '21.99', 'PG-13', 'Commentaries,Behind '), ('616', 'NATIONAL STORY', 'A Taut Epistle of a Mad Scientist And a Girl who must Escape a Monkey in California', '2006', '4', '2.99', '92', '19.99', 'NC-17', 'Trailers'), ('617', 'NATURAL STOCK', 'A Fast-Paced Story of a Sumo Wrestler And a Girl who must Defeat a Car in A Baloon Factory', '2006', '4', '0.99', '50', '24.99', 'PG-13', 'Commentaries,Deleted'), ('618', 'NECKLACE OUTBREAK', 'A Astounding Epistle of a Database Administrator And a Mad Scientist who must Pursue a Cat in California', '2006', '3', '0.99', '132', '21.99', 'PG', 'Trailers,Commentarie'), ('619', 'NEIGHBORS CHARADE', 'A Fanciful Reflection of a Crocodile And a Astronaut who must Outrace a Feminist in An Abandoned Amusement Park', '2006', '3', '0.99', '161', '20.99', 'R', 'Trailers,Commentarie'), ('620', 'NEMO CAMPUS', 'A Lacklusture Reflection of a Monkey And a Squirrel who must Outrace a Womanizer in A Manhattan Penthouse', '2006', '5', '2.99', '131', '23.99', 'NC-17', 'Trailers'), ('621', 'NETWORK PEAK', 'A Unbelieveable Reflection of a Butler And a Boat who must Outgun a Mad Scientist in California', '2006', '5', '2.99', '75', '23.99', 'PG-13', 'Commentaries,Deleted'), ('622', 'NEWSIES STORY', 'A Action-Packed Character Study of a Dog And a Lumberjack who must Outrace a Moose in The Gulf of Mexico', '2006', '4', '0.99', '159', '25.99', 'G', 'Trailers,Deleted Sce'), ('623', 'NEWTON LABYRINTH', 'A Intrepid Character Study of a Moose And a Waitress who must Find a A Shark in Ancient India', '2006', '4', '0.99', '75', '9.99', 'PG', 'Trailers,Commentarie'), ('624', 'NIGHTMARE CHILL', 'A Brilliant Display of a Robot And a Butler who must Fight a Waitress in An Abandoned Mine Shaft', '2006', '3', '4.99', '149', '25.99', 'PG', 'Trailers,Deleted Sce'), ('625', 'NONE SPIKING', 'A Boring Reflection of a Secret Agent And a Astronaut who must Face a Composer in A Manhattan Penthouse', '2006', '3', '0.99', '83', '18.99', 'NC-17', 'Trailers,Commentarie'), ('626', 'NOON PAPI', 'A Unbelieveable Character Study of a Mad Scientist And a Astronaut who must Find a Pioneer in A Manhattan Penthouse', '2006', '5', '2.99', '57', '12.99', 'G', 'Behind the Scenes'), ('627', 'NORTH TEQUILA', 'A Beautiful Character Study of a Mad Cow And a Robot who must Reach a Womanizer in New Orleans', '2006', '4', '4.99', '67', '9.99', 'NC-17', 'Commentaries,Deleted'), ('628', 'NORTHWEST POLISH', 'A Boring Character Study of a Boy And a A Shark who must Outrace a Womanizer in The Outback', '2006', '5', '2.99', '172', '24.99', 'PG', 'Trailers'), ('629', 'NOTORIOUS REUNION', 'A Amazing Epistle of a Woman And a Squirrel who must Fight a Hunter in A Baloon', '2006', '7', '0.99', '128', '9.99', 'NC-17', 'Trailers,Commentarie'), ('630', 'NOTTING SPEAKEASY', 'A Thoughtful Display of a Butler And a Womanizer who must Find a Waitress in The Canadian Rockies', '2006', '7', '0.99', '48', '19.99', 'PG-13', 'Trailers,Commentarie'), ('631', 'NOVOCAINE FLIGHT', 'A Fanciful Display of a Student And a Teacher who must Outgun a Crocodile in Nigeria', '2006', '4', '0.99', '64', '11.99', 'G', 'Trailers,Commentarie'), ('632', 'NUTS TIES', 'A Thoughtful Drama of a Explorer And a Womanizer who must Meet a Teacher in California', '2006', '5', '4.99', '145', '10.99', 'NC-17', 'Trailers,Behind the '), ('633', 'OCTOBER SUBMARINE', 'A Taut Epistle of a Monkey And a Boy who must Confront a Husband in A Jet Boat', '2006', '6', '4.99', '54', '10.99', 'PG-13', 'Trailers,Commentarie'), ('634', 'ODDS BOOGIE', 'A Thrilling Yarn of a Feminist And a Madman who must Battle a Hunter in Berlin', '2006', '6', '0.99', '48', '14.99', 'NC-17', 'Trailers,Commentarie'), ('635', 'OKLAHOMA JUMANJI', 'A Thoughtful Drama of a Dentist And a Womanizer who must Meet a Husband in The Sahara Desert', '2006', '7', '0.99', '58', '15.99', 'PG', 'Behind the Scenes'), ('636', 'OLEANDER CLUE', 'A Boring Story of a Teacher And a Monkey who must Succumb a Forensic Psychologist in A Jet Boat', '2006', '5', '0.99', '161', '12.99', 'PG', 'Commentaries,Deleted'), ('637', 'OPEN AFRICAN', 'A Lacklusture Drama of a Secret Agent And a Explorer who must Discover a Car in A U-Boat', '2006', '7', '4.99', '131', '16.99', 'PG', 'Trailers,Commentarie'), ('638', 'OPERATION OPERATION', 'A Intrepid Character Study of a Man And a Frisbee who must Overcome a Madman in Ancient China', '2006', '7', '2.99', '156', '23.99', 'G', 'Trailers,Commentarie'), ('639', 'OPPOSITE NECKLACE', 'A Fateful Epistle of a Crocodile And a Moose who must Kill a Explorer in Nigeria', '2006', '7', '4.99', '92', '9.99', 'PG', 'Deleted Scenes'), ('640', 'OPUS ICE', 'A Fast-Paced Drama of a Hunter And a Boy who must Discover a Feminist in The Sahara Desert', '2006', '5', '4.99', '102', '21.99', 'R', 'Commentaries,Deleted'), ('641', 'ORANGE GRAPES', 'A Astounding Documentary of a Butler And a Womanizer who must Face a Dog in A U-Boat', '2006', '4', '0.99', '76', '21.99', 'PG-13', 'Trailers,Commentarie'), ('642', 'ORDER BETRAYED', 'A Amazing Saga of a Dog And a A Shark who must Challenge a Cat in The Sahara Desert', '2006', '7', '2.99', '120', '13.99', 'PG-13', 'Deleted Scenes,Behin'), ('643', 'ORIENT CLOSER', 'A Astounding Epistle of a Technical Writer And a Teacher who must Fight a Squirrel in The Sahara Desert', '2006', '3', '2.99', '118', '22.99', 'R', 'Commentaries,Deleted'), ('644', 'OSCAR GOLD', 'A Insightful Tale of a Database Administrator And a Dog who must Face a Madman in Soviet Georgia', '2006', '7', '2.99', '115', '29.99', 'PG', 'Behind the Scenes'), ('645', 'OTHERS SOUP', 'A Lacklusture Documentary of a Mad Cow And a Madman who must Sink a Moose in The Gulf of Mexico', '2006', '7', '2.99', '118', '18.99', 'PG', 'Deleted Scenes'), ('646', 'OUTBREAK DIVINE', 'A Unbelieveable Yarn of a Database Administrator And a Woman who must Succumb a A Shark in A U-Boat', '2006', '6', '0.99', '169', '12.99', 'NC-17', 'Trailers,Deleted Sce'), ('647', 'OUTFIELD MASSACRE', 'A Thoughtful Drama of a Husband And a Secret Agent who must Pursue a Database Administrator in Ancient India', '2006', '4', '0.99', '129', '18.99', 'NC-17', 'Trailers,Deleted Sce'), ('648', 'OUTLAW HANKY', 'A Thoughtful Story of a Astronaut And a Composer who must Conquer a Dog in The Sahara Desert', '2006', '7', '4.99', '148', '17.99', 'PG-13', 'Trailers,Commentarie'), ('649', 'OZ LIAISONS', 'A Epic Yarn of a Mad Scientist And a Cat who must Confront a Womanizer in A Baloon Factory', '2006', '4', '2.99', '85', '14.99', 'R', 'Commentaries,Deleted'), ('650', 'PACIFIC AMISTAD', 'A Thrilling Yarn of a Dog And a Moose who must Kill a Pastry Chef in A Manhattan Penthouse', '2006', '3', '0.99', '144', '27.99', 'G', 'Trailers,Commentarie'), ('651', 'PACKER MADIGAN', 'A Epic Display of a Sumo Wrestler And a Forensic Psychologist who must Build a Woman in An Abandoned Amusement Park', '2006', '3', '0.99', '84', '20.99', 'PG-13', 'Trailers'), ('652', 'PAJAMA JAWBREAKER', 'A Emotional Drama of a Boy And a Technical Writer who must Redeem a Sumo Wrestler in California', '2006', '3', '0.99', '126', '14.99', 'R', 'Trailers,Deleted Sce'), ('653', 'PANIC CLUB', 'A Fanciful Display of a Teacher And a Crocodile who must Succumb a Girl in A Baloon', '2006', '3', '4.99', '102', '15.99', 'G', 'Commentaries,Deleted'), ('654', 'PANKY SUBMARINE', 'A Touching Documentary of a Dentist And a Sumo Wrestler who must Overcome a Boy in The Gulf of Mexico', '2006', '4', '4.99', '93', '19.99', 'G', 'Trailers,Commentarie'), ('655', 'PANTHER REDS', 'A Brilliant Panorama of a Moose And a Man who must Reach a Teacher in The Gulf of Mexico', '2006', '5', '4.99', '109', '22.99', 'NC-17', 'Deleted Scenes,Behin'), ('656', 'PAPI NECKLACE', 'A Fanciful Display of a Car And a Monkey who must Escape a Squirrel in Ancient Japan', '2006', '3', '0.99', '128', '9.99', 'PG', 'Trailers,Deleted Sce'), ('657', 'PARADISE SABRINA', 'A Intrepid Yarn of a Car And a Moose who must Outrace a Crocodile in A Manhattan Penthouse', '2006', '5', '2.99', '48', '12.99', 'PG-13', 'Commentaries,Deleted'), ('658', 'PARIS WEEKEND', 'A Intrepid Story of a Squirrel And a Crocodile who must Defeat a Monkey in The Outback', '2006', '7', '2.99', '121', '19.99', 'PG-13', 'Trailers,Commentarie'), ('659', 'PARK CITIZEN', 'A Taut Epistle of a Sumo Wrestler And a Girl who must Face a Husband in Ancient Japan', '2006', '3', '4.99', '109', '14.99', 'PG-13', 'Trailers,Deleted Sce'), ('660', 'PARTY KNOCK', 'A Fateful Display of a Technical Writer And a Butler who must Battle a Sumo Wrestler in An Abandoned Mine Shaft', '2006', '7', '2.99', '107', '11.99', 'PG', 'Trailers,Behind the '), ('661', 'PAST SUICIDES', 'A Intrepid Tale of a Madman And a Astronaut who must Challenge a Hunter in A Monastery', '2006', '5', '4.99', '157', '17.99', 'PG-13', 'Trailers,Deleted Sce'), ('662', 'PATHS CONTROL', 'A Astounding Documentary of a Butler And a Cat who must Find a Frisbee in Ancient China', '2006', '3', '4.99', '118', '9.99', 'PG', 'Trailers,Behind the '), ('663', 'PATIENT SISTER', 'A Emotional Epistle of a Squirrel And a Robot who must Confront a Lumberjack in Soviet Georgia', '2006', '7', '0.99', '99', '29.99', 'NC-17', 'Trailers,Commentarie'), ('664', 'PATRIOT ROMAN', 'A Taut Saga of a Robot And a Database Administrator who must Challenge a Astronaut in California', '2006', '6', '2.99', '65', '12.99', 'PG', 'Trailers,Deleted Sce'), ('665', 'PATTON INTERVIEW', 'A Thrilling Documentary of a Composer And a Secret Agent who must Succumb a Cat in Berlin', '2006', '4', '2.99', '175', '22.99', 'PG', 'Commentaries'), ('666', 'PAYCHECK WAIT', 'A Awe-Inspiring Reflection of a Boy And a Man who must Discover a Moose in The Sahara Desert', '2006', '4', '4.99', '145', '27.99', 'PG-13', 'Commentaries,Deleted'), ('667', 'PEACH INNOCENT', 'A Action-Packed Drama of a Monkey And a Dentist who must Chase a Butler in Berlin', '2006', '3', '2.99', '160', '20.99', 'PG-13', 'Commentaries,Behind '), ('668', 'PEAK FOREVER', 'A Insightful Reflection of a Boat And a Secret Agent who must Vanquish a Astronaut in An Abandoned Mine Shaft', '2006', '7', '4.99', '80', '25.99', 'PG', 'Trailers,Commentarie'), ('669', 'PEARL DESTINY', 'A Lacklusture Yarn of a Astronaut And a Pastry Chef who must Sink a Dog in A U-Boat', '2006', '3', '2.99', '74', '10.99', 'NC-17', 'Trailers'), ('670', 'PELICAN COMFORTS', 'A Epic Documentary of a Boy And a Monkey who must Pursue a Astronaut in Berlin', '2006', '4', '4.99', '48', '17.99', 'PG', 'Commentaries,Deleted'), ('671', 'PERDITION FARGO', 'A Fast-Paced Story of a Car And a Cat who must Outgun a Hunter in Berlin', '2006', '7', '4.99', '99', '27.99', 'NC-17', 'Trailers,Behind the '), ('672', 'PERFECT GROOVE', 'A Thrilling Yarn of a Dog And a Dog who must Build a Husband in A Baloon', '2006', '7', '2.99', '82', '17.99', 'PG-13', 'Commentaries,Deleted'), ('673', 'PERSONAL LADYBUGS', 'A Epic Saga of a Hunter And a Technical Writer who must Conquer a Cat in Ancient Japan', '2006', '3', '0.99', '118', '19.99', 'PG-13', 'Deleted Scenes,Behin'), ('674', 'PET HAUNTING', 'A Unbelieveable Reflection of a Explorer And a Boat who must Conquer a Woman in California', '2006', '3', '0.99', '99', '11.99', 'PG', 'Trailers,Commentarie'), ('675', 'PHANTOM GLORY', 'A Beautiful Documentary of a Astronaut And a Crocodile who must Discover a Madman in A Monastery', '2006', '6', '2.99', '60', '17.99', 'NC-17', 'Commentaries,Behind '), ('676', 'PHILADELPHIA WIFE', 'A Taut Yarn of a Hunter And a Astronaut who must Conquer a Database Administrator in The Sahara Desert', '2006', '7', '4.99', '137', '16.99', 'PG-13', 'Trailers,Commentarie'), ('677', 'PIANIST OUTFIELD', 'A Intrepid Story of a Boy And a Technical Writer who must Pursue a Lumberjack in A Monastery', '2006', '6', '0.99', '136', '25.99', 'NC-17', 'Trailers,Commentarie'), ('678', 'PICKUP DRIVING', 'A Touching Documentary of a Husband And a Boat who must Meet a Pastry Chef in A Baloon Factory', '2006', '3', '2.99', '77', '23.99', 'G', 'Trailers,Commentarie'), ('679', 'PILOT HOOSIERS', 'A Awe-Inspiring Reflection of a Crocodile And a Sumo Wrestler who must Meet a Forensic Psychologist in An Abandoned Mine Shaft', '2006', '6', '2.99', '50', '17.99', 'PG', 'Trailers,Deleted Sce'), ('680', 'PINOCCHIO SIMON', 'A Action-Packed Reflection of a Mad Scientist And a A Shark who must Find a Feminist in California', '2006', '4', '4.99', '103', '21.99', 'PG', 'Commentaries,Behind '), ('681', 'PIRATES ROXANNE', 'A Stunning Drama of a Woman And a Lumberjack who must Overcome a A Shark in The Canadian Rockies', '2006', '4', '0.99', '100', '20.99', 'PG', 'Commentaries,Deleted'), ('682', 'PITTSBURGH HUNCHBACK', 'A Thrilling Epistle of a Boy And a Boat who must Find a Student in Soviet Georgia', '2006', '4', '4.99', '134', '17.99', 'PG-13', 'Trailers,Deleted Sce'), ('683', 'PITY BOUND', 'A Boring Panorama of a Feminist And a Moose who must Defeat a Database Administrator in Nigeria', '2006', '5', '4.99', '60', '19.99', 'NC-17', 'Commentaries'), ('684', 'PIZZA JUMANJI', 'A Epic Saga of a Cat And a Squirrel who must Outgun a Robot in A U-Boat', '2006', '4', '2.99', '173', '11.99', 'NC-17', 'Commentaries'), ('685', 'PLATOON INSTINCT', 'A Thrilling Panorama of a Man And a Woman who must Reach a Woman in Australia', '2006', '6', '4.99', '132', '10.99', 'PG-13', 'Trailers,Commentarie'), ('686', 'PLUTO OLEANDER', 'A Action-Packed Reflection of a Car And a Moose who must Outgun a Car in A Shark Tank', '2006', '5', '4.99', '84', '9.99', 'R', 'Behind the Scenes'), ('687', 'POCUS PULP', 'A Intrepid Yarn of a Frisbee And a Dog who must Build a Astronaut in A Baloon Factory', '2006', '6', '0.99', '138', '15.99', 'NC-17', 'Commentaries,Deleted'), ('688', 'POLISH BROOKLYN', 'A Boring Character Study of a Database Administrator And a Lumberjack who must Reach a Madman in The Outback', '2006', '6', '0.99', '61', '12.99', 'PG', 'Trailers,Commentarie'), ('689', 'POLLOCK DELIVERANCE', 'A Intrepid Story of a Madman And a Frisbee who must Outgun a Boat in The Sahara Desert', '2006', '5', '2.99', '137', '14.99', 'PG', 'Commentaries');
INSERT INTO `film` VALUES ('690', 'POND SEATTLE', 'A Stunning Drama of a Teacher And a Boat who must Battle a Feminist in Ancient China', '2006', '7', '2.99', '185', '25.99', 'PG-13', 'Trailers,Commentarie'), ('691', 'POSEIDON FOREVER', 'A Thoughtful Epistle of a Womanizer And a Monkey who must Vanquish a Dentist in A Monastery', '2006', '6', '4.99', '159', '29.99', 'PG-13', 'Commentaries'), ('692', 'POTLUCK MIXED', 'A Beautiful Story of a Dog And a Technical Writer who must Outgun a Student in A Baloon', '2006', '3', '2.99', '179', '10.99', 'G', 'Behind the Scenes'), ('693', 'POTTER CONNECTICUT', 'A Thrilling Epistle of a Frisbee And a Cat who must Fight a Technical Writer in Berlin', '2006', '5', '2.99', '115', '16.99', 'PG', 'Trailers,Commentarie'), ('694', 'PREJUDICE OLEANDER', 'A Epic Saga of a Boy And a Dentist who must Outrace a Madman in A U-Boat', '2006', '6', '4.99', '98', '15.99', 'PG-13', 'Trailers,Commentarie'), ('695', 'PRESIDENT BANG', 'A Fateful Panorama of a Technical Writer And a Moose who must Battle a Robot in Soviet Georgia', '2006', '6', '4.99', '144', '12.99', 'PG', 'Behind the Scenes'), ('696', 'PRIDE ALAMO', 'A Thoughtful Drama of a A Shark And a Forensic Psychologist who must Vanquish a Student in Ancient India', '2006', '6', '0.99', '114', '20.99', 'NC-17', 'Deleted Scenes'), ('697', 'PRIMARY GLASS', 'A Fateful Documentary of a Pastry Chef And a Butler who must Build a Dog in The Canadian Rockies', '2006', '7', '0.99', '53', '16.99', 'G', 'Trailers,Deleted Sce'), ('698', 'PRINCESS GIANT', 'A Thrilling Yarn of a Pastry Chef And a Monkey who must Battle a Monkey in A Shark Tank', '2006', '3', '2.99', '71', '29.99', 'NC-17', 'Trailers,Deleted Sce'), ('699', 'PRIVATE DROP', 'A Stunning Story of a Technical Writer And a Hunter who must Succumb a Secret Agent in A Baloon', '2006', '7', '4.99', '106', '26.99', 'PG', 'Trailers'), ('700', 'PRIX UNDEFEATED', 'A Stunning Saga of a Mad Scientist And a Boat who must Overcome a Dentist in Ancient China', '2006', '4', '2.99', '115', '13.99', 'R', 'Trailers,Deleted Sce'), ('701', 'PSYCHO SHRUNK', 'A Amazing Panorama of a Crocodile And a Explorer who must Fight a Husband in Nigeria', '2006', '5', '2.99', '155', '11.99', 'PG-13', 'Behind the Scenes'), ('702', 'PULP BEVERLY', 'A Unbelieveable Display of a Dog And a Crocodile who must Outrace a Man in Nigeria', '2006', '4', '2.99', '89', '12.99', 'G', 'Trailers,Behind the '), ('703', 'PUNK DIVORCE', 'A Fast-Paced Tale of a Pastry Chef And a Boat who must Face a Frisbee in The Canadian Rockies', '2006', '6', '4.99', '100', '18.99', 'PG', 'Trailers,Commentarie'), ('704', 'PURE RUNNER', 'A Thoughtful Documentary of a Student And a Madman who must Challenge a Squirrel in A Manhattan Penthouse', '2006', '3', '2.99', '121', '25.99', 'NC-17', 'Trailers,Deleted Sce'), ('705', 'PURPLE MOVIE', 'A Boring Display of a Pastry Chef And a Sumo Wrestler who must Discover a Frisbee in An Abandoned Amusement Park', '2006', '4', '2.99', '88', '9.99', 'R', 'Commentaries,Deleted'), ('706', 'QUEEN LUKE', 'A Astounding Story of a Girl And a Boy who must Challenge a Composer in New Orleans', '2006', '5', '4.99', '163', '22.99', 'PG', 'Commentaries,Deleted'), ('707', 'QUEST MUSSOLINI', 'A Fateful Drama of a Husband And a Sumo Wrestler who must Battle a Pastry Chef in A Baloon Factory', '2006', '5', '2.99', '177', '29.99', 'R', 'Behind the Scenes'), ('708', 'QUILLS BULL', 'A Thoughtful Story of a Pioneer And a Woman who must Reach a Moose in Australia', '2006', '4', '4.99', '112', '19.99', 'R', 'Trailers,Behind the '), ('709', 'RACER EGG', 'A Emotional Display of a Monkey And a Waitress who must Reach a Secret Agent in California', '2006', '7', '2.99', '147', '19.99', 'NC-17', 'Trailers,Commentarie'), ('710', 'RAGE GAMES', 'A Fast-Paced Saga of a Astronaut And a Secret Agent who must Escape a Hunter in An Abandoned Amusement Park', '2006', '4', '4.99', '120', '18.99', 'R', 'Trailers,Behind the '), ('711', 'RAGING AIRPLANE', 'A Astounding Display of a Secret Agent And a Technical Writer who must Escape a Mad Scientist in A Jet Boat', '2006', '4', '4.99', '154', '18.99', 'R', 'Commentaries,Deleted'), ('712', 'RAIDERS ANTITRUST', 'A Amazing Drama of a Teacher And a Feminist who must Meet a Woman in The First Manned Space Station', '2006', '4', '0.99', '82', '11.99', 'PG-13', 'Deleted Scenes'), ('713', 'RAINBOW SHOCK', 'A Action-Packed Story of a Hunter And a Boy who must Discover a Lumberjack in Ancient India', '2006', '3', '4.99', '74', '14.99', 'PG', 'Trailers,Commentarie'), ('714', 'RANDOM GO', 'A Fateful Drama of a Frisbee And a Student who must Confront a Cat in A Shark Tank', '2006', '6', '2.99', '73', '29.99', 'NC-17', 'Trailers'), ('715', 'RANGE MOONWALKER', 'A Insightful Documentary of a Hunter And a Dentist who must Confront a Crocodile in A Baloon', '2006', '3', '4.99', '147', '25.99', 'PG', 'Trailers,Commentarie'), ('716', 'REAP UNFAITHFUL', 'A Thrilling Epistle of a Composer And a Sumo Wrestler who must Challenge a Mad Cow in A MySQL Convention', '2006', '6', '2.99', '136', '26.99', 'PG-13', 'Trailers,Commentarie'), ('717', 'REAR TRADING', 'A Awe-Inspiring Reflection of a Forensic Psychologist And a Secret Agent who must Succumb a Pastry Chef in Soviet Georgia', '2006', '6', '0.99', '97', '23.99', 'NC-17', 'Trailers,Commentarie'), ('718', 'REBEL AIRPORT', 'A Intrepid Yarn of a Database Administrator And a Boat who must Outrace a Husband in Ancient India', '2006', '7', '0.99', '73', '24.99', 'G', 'Trailers,Behind the '), ('719', 'RECORDS ZORRO', 'A Amazing Drama of a Mad Scientist And a Composer who must Build a Husband in The Outback', '2006', '7', '4.99', '182', '11.99', 'PG', 'Behind the Scenes'), ('720', 'REDEMPTION COMFORTS', 'A Emotional Documentary of a Dentist And a Woman who must Battle a Mad Scientist in Ancient China', '2006', '3', '2.99', '179', '20.99', 'NC-17', 'Trailers,Deleted Sce'), ('721', 'REDS POCUS', 'A Lacklusture Yarn of a Sumo Wrestler And a Squirrel who must Redeem a Monkey in Soviet Georgia', '2006', '7', '4.99', '182', '23.99', 'PG-13', 'Trailers,Behind the '), ('722', 'REEF SALUTE', 'A Action-Packed Saga of a Teacher And a Lumberjack who must Battle a Dentist in A Baloon', '2006', '5', '0.99', '123', '26.99', 'NC-17', 'Behind the Scenes'), ('723', 'REIGN GENTLEMEN', 'A Emotional Yarn of a Composer And a Man who must Escape a Butler in The Gulf of Mexico', '2006', '3', '2.99', '82', '29.99', 'PG-13', 'Deleted Scenes,Behin'), ('724', 'REMEMBER DIARY', 'A Insightful Tale of a Technical Writer And a Waitress who must Conquer a Monkey in Ancient India', '2006', '5', '2.99', '110', '15.99', 'R', 'Trailers,Commentarie'), ('725', 'REQUIEM TYCOON', 'A Unbelieveable Character Study of a Cat And a Database Administrator who must Pursue a Teacher in A Monastery', '2006', '6', '4.99', '167', '25.99', 'R', 'Trailers,Commentarie'), ('726', 'RESERVOIR ADAPTATION', 'A Intrepid Drama of a Teacher And a Moose who must Kill a Car in California', '2006', '7', '2.99', '61', '29.99', 'PG-13', 'Commentaries'), ('727', 'RESURRECTION SILVERADO', 'A Epic Yarn of a Robot And a Explorer who must Challenge a Girl in A MySQL Convention', '2006', '6', '0.99', '117', '12.99', 'PG', 'Trailers,Deleted Sce'), ('728', 'REUNION WITCHES', 'A Unbelieveable Documentary of a Database Administrator And a Frisbee who must Redeem a Mad Scientist in A Baloon Factory', '2006', '3', '0.99', '63', '26.99', 'R', 'Commentaries'), ('729', 'RIDER CADDYSHACK', 'A Taut Reflection of a Monkey And a Womanizer who must Chase a Moose in Nigeria', '2006', '5', '2.99', '177', '28.99', 'PG', 'Commentaries,Behind '), ('730', 'RIDGEMONT SUBMARINE', 'A Unbelieveable Drama of a Waitress And a Composer who must Sink a Mad Cow in Ancient Japan', '2006', '3', '0.99', '46', '28.99', 'PG-13', 'Commentaries,Deleted'), ('731', 'RIGHT CRANES', 'A Fateful Character Study of a Boat And a Cat who must Find a Database Administrator in A Jet Boat', '2006', '7', '4.99', '153', '29.99', 'PG-13', 'Trailers,Commentarie'), ('732', 'RINGS HEARTBREAKERS', 'A Amazing Yarn of a Sumo Wrestler And a Boat who must Conquer a Waitress in New Orleans', '2006', '5', '0.99', '58', '17.99', 'G', 'Trailers,Commentarie'), ('733', 'RIVER OUTLAW', 'A Thrilling Character Study of a Squirrel And a Lumberjack who must Face a Hunter in A MySQL Convention', '2006', '4', '0.99', '149', '29.99', 'PG-13', 'Commentaries'), ('734', 'ROAD ROXANNE', 'A Boring Character Study of a Waitress And a Astronaut who must Fight a Crocodile in Ancient Japan', '2006', '4', '4.99', '158', '12.99', 'R', 'Behind the Scenes'), ('735', 'ROBBERS JOON', 'A Thoughtful Story of a Mad Scientist And a Waitress who must Confront a Forensic Psychologist in Soviet Georgia', '2006', '7', '2.99', '102', '26.99', 'PG-13', 'Commentaries'), ('736', 'ROBBERY BRIGHT', 'A Taut Reflection of a Robot And a Squirrel who must Fight a Boat in Ancient Japan', '2006', '4', '0.99', '134', '21.99', 'R', 'Trailers'), ('737', 'ROCK INSTINCT', 'A Astounding Character Study of a Robot And a Moose who must Overcome a Astronaut in Ancient India', '2006', '4', '0.99', '102', '28.99', 'G', 'Trailers,Commentarie'), ('738', 'ROCKETEER MOTHER', 'A Awe-Inspiring Character Study of a Robot And a Sumo Wrestler who must Discover a Womanizer in A Shark Tank', '2006', '3', '0.99', '178', '27.99', 'PG-13', 'Deleted Scenes,Behin'), ('739', 'ROCKY WAR', 'A Fast-Paced Display of a Squirrel And a Explorer who must Outgun a Mad Scientist in Nigeria', '2006', '4', '4.99', '145', '17.99', 'PG-13', 'Trailers,Commentarie'), ('740', 'ROLLERCOASTER BRINGING', 'A Beautiful Drama of a Robot And a Lumberjack who must Discover a Technical Writer in A Shark Tank', '2006', '5', '2.99', '153', '13.99', 'PG-13', 'Trailers,Commentarie'), ('741', 'ROMAN PUNK', 'A Thoughtful Panorama of a Mad Cow And a Student who must Battle a Forensic Psychologist in Berlin', '2006', '7', '0.99', '81', '28.99', 'NC-17', 'Trailers'), ('742', 'ROOF CHAMPION', 'A Lacklusture Reflection of a Car And a Explorer who must Find a Monkey in A Baloon', '2006', '7', '0.99', '101', '25.99', 'R', 'Deleted Scenes,Behin'), ('743', 'ROOM ROMAN', 'A Awe-Inspiring Panorama of a Composer And a Secret Agent who must Sink a Composer in A Shark Tank', '2006', '7', '0.99', '60', '27.99', 'PG', 'Trailers,Deleted Sce'), ('744', 'ROOTS REMEMBER', 'A Brilliant Drama of a Mad Cow And a Hunter who must Escape a Hunter in Berlin', '2006', '4', '0.99', '89', '23.99', 'PG-13', 'Commentaries,Deleted'), ('745', 'ROSES TREASURE', 'A Astounding Panorama of a Monkey And a Secret Agent who must Defeat a Woman in The First Manned Space Station', '2006', '5', '4.99', '162', '23.99', 'PG-13', 'Commentaries,Deleted'), ('746', 'ROUGE SQUAD', 'A Awe-Inspiring Drama of a Astronaut And a Frisbee who must Conquer a Mad Scientist in Australia', '2006', '3', '0.99', '118', '10.99', 'NC-17', 'Commentaries,Deleted'), ('747', 'ROXANNE REBEL', 'A Astounding Story of a Pastry Chef And a Database Administrator who must Fight a Man in The Outback', '2006', '5', '0.99', '171', '9.99', 'R', 'Deleted Scenes,Behin'), ('748', 'RUGRATS SHAKESPEARE', 'A Touching Saga of a Crocodile And a Crocodile who must Discover a Technical Writer in Nigeria', '2006', '4', '0.99', '109', '16.99', 'PG-13', 'Trailers,Commentarie'), ('749', 'RULES HUMAN', 'A Beautiful Epistle of a Astronaut And a Student who must Confront a Monkey in An Abandoned Fun House', '2006', '6', '4.99', '153', '19.99', 'R', 'Deleted Scenes,Behin'), ('750', 'RUN PACIFIC', 'A Touching Tale of a Cat And a Pastry Chef who must Conquer a Pastry Chef in A MySQL Convention', '2006', '3', '0.99', '145', '25.99', 'R', 'Commentaries,Deleted'), ('751', 'RUNAWAY TENENBAUMS', 'A Thoughtful Documentary of a Boat And a Man who must Meet a Boat in An Abandoned Fun House', '2006', '6', '0.99', '181', '17.99', 'NC-17', 'Commentaries'), ('752', 'RUNNER MADIGAN', 'A Thoughtful Documentary of a Crocodile And a Robot who must Outrace a Womanizer in The Outback', '2006', '6', '0.99', '101', '27.99', 'NC-17', 'Commentaries,Deleted'), ('753', 'RUSH GOODFELLAS', 'A Emotional Display of a Man And a Dentist who must Challenge a Squirrel in Australia', '2006', '3', '0.99', '48', '20.99', 'PG', 'Deleted Scenes'), ('754', 'RUSHMORE MERMAID', 'A Boring Story of a Woman And a Moose who must Reach a Husband in A Shark Tank', '2006', '6', '2.99', '150', '17.99', 'PG-13', 'Trailers,Commentarie'), ('755', 'SABRINA MIDNIGHT', 'A Emotional Story of a Squirrel And a Crocodile who must Succumb a Husband in The Sahara Desert', '2006', '5', '4.99', '99', '11.99', 'PG', 'Trailers,Behind the '), ('756', 'SADDLE ANTITRUST', 'A Stunning Epistle of a Feminist And a A Shark who must Battle a Woman in An Abandoned Fun House', '2006', '7', '2.99', '80', '10.99', 'PG-13', 'Trailers,Deleted Sce'), ('757', 'SAGEBRUSH CLUELESS', 'A Insightful Story of a Lumberjack And a Hunter who must Kill a Boy in Ancient Japan', '2006', '4', '2.99', '106', '28.99', 'G', 'Trailers'), ('758', 'SAINTS BRIDE', 'A Fateful Tale of a Technical Writer And a Composer who must Pursue a Explorer in The Gulf of Mexico', '2006', '5', '2.99', '125', '11.99', 'G', 'Deleted Scenes'), ('759', 'SALUTE APOLLO', 'A Awe-Inspiring Character Study of a Boy And a Feminist who must Sink a Crocodile in Ancient China', '2006', '4', '2.99', '73', '29.99', 'R', 'Trailers,Commentarie'), ('760', 'SAMURAI LION', 'A Fast-Paced Story of a Pioneer And a Astronaut who must Reach a Boat in A Baloon', '2006', '5', '2.99', '110', '21.99', 'G', 'Commentaries'), ('761', 'SANTA PARIS', 'A Emotional Documentary of a Moose And a Car who must Redeem a Mad Cow in A Baloon Factory', '2006', '7', '2.99', '154', '23.99', 'PG', 'Commentaries,Behind '), ('762', 'SASSY PACKER', 'A Fast-Paced Documentary of a Dog And a Teacher who must Find a Moose in A Manhattan Penthouse', '2006', '6', '0.99', '154', '29.99', 'G', 'Deleted Scenes,Behin'), ('763', 'SATISFACTION CONFIDENTIAL', 'A Lacklusture Yarn of a Dentist And a Butler who must Meet a Secret Agent in Ancient China', '2006', '3', '4.99', '75', '26.99', 'G', 'Commentaries,Deleted'), ('764', 'SATURDAY LAMBS', 'A Thoughtful Reflection of a Mad Scientist And a Moose who must Kill a Husband in A Baloon', '2006', '3', '4.99', '150', '28.99', 'G', 'Commentaries,Deleted'), ('765', 'SATURN NAME', 'A Fateful Epistle of a Butler And a Boy who must Redeem a Teacher in Berlin', '2006', '7', '4.99', '182', '18.99', 'R', 'Trailers,Commentarie'), ('766', 'SAVANNAH TOWN', 'A Awe-Inspiring Tale of a Astronaut And a Database Administrator who must Chase a Secret Agent in The Gulf of Mexico', '2006', '5', '0.99', '84', '25.99', 'PG-13', 'Commentaries,Deleted'), ('767', 'SCALAWAG DUCK', 'A Fateful Reflection of a Car And a Teacher who must Confront a Waitress in A Monastery', '2006', '6', '4.99', '183', '13.99', 'NC-17', 'Commentaries,Behind '), ('768', 'SCARFACE BANG', 'A Emotional Yarn of a Teacher And a Girl who must Find a Teacher in A Baloon Factory', '2006', '3', '4.99', '102', '11.99', 'PG-13', 'Commentaries,Deleted'), ('769', 'SCHOOL JACKET', 'A Intrepid Yarn of a Monkey And a Boy who must Fight a Composer in A Manhattan Penthouse', '2006', '5', '4.99', '151', '21.99', 'PG-13', 'Trailers'), ('770', 'SCISSORHANDS SLUMS', 'A Awe-Inspiring Drama of a Girl And a Technical Writer who must Meet a Feminist in The Canadian Rockies', '2006', '5', '2.99', '147', '13.99', 'G', 'Commentaries,Deleted'), ('771', 'SCORPION APOLLO', 'A Awe-Inspiring Documentary of a Technical Writer And a Husband who must Meet a Monkey in An Abandoned Fun House', '2006', '3', '4.99', '137', '23.99', 'NC-17', 'Commentaries,Deleted'), ('772', 'SEA VIRGIN', 'A Fast-Paced Documentary of a Technical Writer And a Pastry Chef who must Escape a Moose in A U-Boat', '2006', '4', '2.99', '80', '24.99', 'PG', 'Deleted Scenes'), ('773', 'SEABISCUIT PUNK', 'A Insightful Saga of a Man And a Forensic Psychologist who must Discover a Mad Cow in A MySQL Convention', '2006', '6', '2.99', '112', '28.99', 'NC-17', 'Commentaries,Deleted'), ('774', 'SEARCHERS WAIT', 'A Fast-Paced Tale of a Car And a Mad Scientist who must Kill a Womanizer in Ancient Japan', '2006', '3', '2.99', '182', '22.99', 'NC-17', 'Trailers,Commentarie'), ('775', 'SEATTLE EXPECATIONS', 'A Insightful Reflection of a Crocodile And a Sumo Wrestler who must Meet a Technical Writer in The Sahara Desert', '2006', '4', '4.99', '110', '18.99', 'PG-13', 'Trailers'), ('776', 'SECRET GROUNDHOG', 'A Astounding Story of a Cat And a Database Administrator who must Build a Technical Writer in New Orleans', '2006', '6', '4.99', '90', '11.99', 'PG', 'Commentaries,Deleted'), ('777', 'SECRETARY ROUGE', 'A Action-Packed Panorama of a Mad Cow And a Composer who must Discover a Robot in A Baloon Factory', '2006', '5', '4.99', '158', '10.99', 'PG', 'Commentaries,Behind '), ('778', 'SECRETS PARADISE', 'A Fateful Saga of a Cat And a Frisbee who must Kill a Girl in A Manhattan Penthouse', '2006', '3', '4.99', '109', '24.99', 'G', 'Trailers,Commentarie'), ('779', 'SENSE GREEK', 'A Taut Saga of a Lumberjack And a Pastry Chef who must Escape a Sumo Wrestler in An Abandoned Fun House', '2006', '4', '4.99', '54', '23.99', 'R', 'Deleted Scenes,Behin'), ('780', 'SENSIBILITY REAR', 'A Emotional Tale of a Robot And a Sumo Wrestler who must Redeem a Pastry Chef in A Baloon Factory', '2006', '7', '4.99', '98', '15.99', 'PG', 'Behind the Scenes'), ('781', 'SEVEN SWARM', 'A Unbelieveable Character Study of a Dog And a Mad Cow who must Kill a Monkey in Berlin', '2006', '4', '4.99', '127', '15.99', 'R', 'Deleted Scenes'), ('782', 'SHAKESPEARE SADDLE', 'A Fast-Paced Panorama of a Lumberjack And a Database Administrator who must Defeat a Madman in A MySQL Convention', '2006', '6', '2.99', '60', '26.99', 'PG-13', 'Commentaries,Behind '), ('783', 'SHANE DARKNESS', 'A Action-Packed Saga of a Moose And a Lumberjack who must Find a Woman in Berlin', '2006', '5', '2.99', '93', '22.99', 'PG', 'Commentaries,Deleted'), ('784', 'SHANGHAI TYCOON', 'A Fast-Paced Character Study of a Crocodile And a Lumberjack who must Build a Husband in An Abandoned Fun House', '2006', '7', '2.99', '47', '20.99', 'PG', 'Commentaries,Deleted'), ('785', 'SHAWSHANK BUBBLE', 'A Lacklusture Story of a Moose And a Monkey who must Confront a Butler in An Abandoned Amusement Park', '2006', '6', '4.99', '80', '20.99', 'PG', 'Commentaries,Deleted'), ('786', 'SHEPHERD MIDSUMMER', 'A Thoughtful Drama of a Robot And a Womanizer who must Kill a Lumberjack in A Baloon', '2006', '7', '0.99', '113', '14.99', 'R', 'Deleted Scenes'), ('787', 'SHINING ROSES', 'A Awe-Inspiring Character Study of a Astronaut And a Forensic Psychologist who must Challenge a Madman in Ancient India', '2006', '4', '0.99', '125', '12.99', 'G', 'Trailers,Commentarie'), ('788', 'SHIP WONDERLAND', 'A Thrilling Saga of a Monkey And a Frisbee who must Escape a Explorer in The Outback', '2006', '5', '2.99', '104', '15.99', 'R', 'Commentaries'), ('789', 'SHOCK CABIN', 'A Fateful Tale of a Mad Cow And a Crocodile who must Meet a Husband in New Orleans', '2006', '7', '2.99', '79', '15.99', 'PG-13', 'Trailers,Commentarie'), ('790', 'SHOOTIST SUPERFLY', 'A Fast-Paced Story of a Crocodile And a A Shark who must Sink a Pioneer in Berlin', '2006', '6', '0.99', '67', '22.99', 'PG-13', 'Trailers'), ('791', 'SHOW LORD', 'A Fanciful Saga of a Student And a Girl who must Find a Butler in Ancient Japan', '2006', '3', '4.99', '167', '24.99', 'PG-13', 'Deleted Scenes'), ('792', 'SHREK LICENSE', 'A Fateful Yarn of a Secret Agent And a Feminist who must Find a Feminist in A Jet Boat', '2006', '7', '2.99', '154', '15.99', 'PG-13', 'Commentaries'), ('793', 'SHRUNK DIVINE', 'A Fateful Character Study of a Waitress And a Technical Writer who must Battle a Hunter in A Baloon', '2006', '6', '2.99', '139', '14.99', 'R', 'Trailers,Deleted Sce'), ('794', 'SIDE ARK', 'A Stunning Panorama of a Crocodile And a Womanizer who must Meet a Feminist in The Canadian Rockies', '2006', '5', '0.99', '52', '28.99', 'G', 'Deleted Scenes,Behin'), ('795', 'SIEGE MADRE', 'A Boring Tale of a Frisbee And a Crocodile who must Vanquish a Moose in An Abandoned Mine Shaft', '2006', '7', '0.99', '111', '23.99', 'R', 'Trailers,Deleted Sce'), ('796', 'SIERRA DIVIDE', 'A Emotional Character Study of a Frisbee And a Mad Scientist who must Build a Madman in California', '2006', '3', '0.99', '135', '12.99', 'NC-17', 'Commentaries,Deleted'), ('797', 'SILENCE KANE', 'A Emotional Drama of a Sumo Wrestler And a Dentist who must Confront a Sumo Wrestler in A Baloon', '2006', '7', '0.99', '67', '23.99', 'R', 'Trailers,Deleted Sce'), ('798', 'SILVERADO GOLDFINGER', 'A Stunning Epistle of a Sumo Wrestler And a Man who must Challenge a Waitress in Ancient India', '2006', '4', '4.99', '74', '11.99', 'PG', 'Trailers,Commentarie'), ('799', 'SIMON NORTH', 'A Thrilling Documentary of a Technical Writer And a A Shark who must Face a Pioneer in A Shark Tank', '2006', '3', '0.99', '51', '26.99', 'NC-17', 'Trailers,Commentarie'), ('800', 'SINNERS ATLANTIS', 'A Epic Display of a Dog And a Boat who must Succumb a Mad Scientist in An Abandoned Mine Shaft', '2006', '7', '2.99', '126', '19.99', 'PG-13', 'Trailers,Commentarie'), ('801', 'SISTER FREDDY', 'A Stunning Saga of a Butler And a Woman who must Pursue a Explorer in Australia', '2006', '5', '4.99', '152', '19.99', 'PG-13', 'Trailers,Behind the '), ('802', 'SKY MIRACLE', 'A Epic Drama of a Mad Scientist And a Explorer who must Succumb a Waitress in An Abandoned Fun House', '2006', '7', '2.99', '132', '15.99', 'PG', 'Trailers,Commentarie'), ('803', 'SLACKER LIAISONS', 'A Fast-Paced Tale of a A Shark And a Student who must Meet a Crocodile in Ancient China', '2006', '7', '4.99', '179', '29.99', 'R', 'Trailers,Commentarie'), ('804', 'SLEEPING SUSPECTS', 'A Stunning Reflection of a Sumo Wrestler And a Explorer who must Sink a Frisbee in A MySQL Convention', '2006', '7', '4.99', '129', '13.99', 'PG-13', 'Trailers,Commentarie'), ('805', 'SLEEPLESS MONSOON', 'A Amazing Saga of a Moose And a Pastry Chef who must Escape a Butler in Australia', '2006', '5', '4.99', '64', '12.99', 'G', 'Trailers,Deleted Sce'), ('806', 'SLEEPY JAPANESE', 'A Emotional Epistle of a Moose And a Composer who must Fight a Technical Writer in The Outback', '2006', '4', '2.99', '137', '25.99', 'PG', 'Trailers,Commentarie'), ('807', 'SLEUTH ORIENT', 'A Fateful Character Study of a Husband And a Dog who must Find a Feminist in Ancient India', '2006', '4', '0.99', '87', '25.99', 'NC-17', 'Deleted Scenes,Behin'), ('808', 'SLING LUKE', 'A Intrepid Character Study of a Robot And a Monkey who must Reach a Secret Agent in An Abandoned Amusement Park', '2006', '5', '0.99', '84', '10.99', 'R', 'Behind the Scenes'), ('809', 'SLIPPER FIDELITY', 'A Taut Reflection of a Secret Agent And a Man who must Redeem a Explorer in A MySQL Convention', '2006', '5', '0.99', '156', '14.99', 'PG-13', 'Trailers,Deleted Sce'), ('810', 'SLUMS DUCK', 'A Amazing Character Study of a Teacher And a Database Administrator who must Defeat a Waitress in A Jet Boat', '2006', '5', '0.99', '147', '21.99', 'PG', 'Commentaries,Deleted'), ('811', 'SMILE EARRING', 'A Intrepid Drama of a Teacher And a Butler who must Build a Pastry Chef in Berlin', '2006', '4', '2.99', '60', '29.99', 'G', 'Commentaries,Behind '), ('812', 'SMOKING BARBARELLA', 'A Lacklusture Saga of a Mad Cow And a Mad Scientist who must Sink a Cat in A MySQL Convention', '2006', '7', '0.99', '50', '13.99', 'PG-13', 'Behind the Scenes'), ('813', 'SMOOCHY CONTROL', 'A Thrilling Documentary of a Husband And a Feminist who must Face a Mad Scientist in Ancient China', '2006', '7', '0.99', '184', '18.99', 'R', 'Behind the Scenes'), ('814', 'SNATCH SLIPPER', 'A Insightful Panorama of a Woman And a Feminist who must Defeat a Forensic Psychologist in Berlin', '2006', '6', '4.99', '110', '15.99', 'PG', 'Commentaries'), ('815', 'SNATCHERS MONTEZUMA', 'A Boring Epistle of a Sumo Wrestler And a Woman who must Escape a Man in The Canadian Rockies', '2006', '4', '2.99', '74', '14.99', 'PG-13', 'Commentaries'), ('816', 'SNOWMAN ROLLERCOASTER', 'A Fateful Display of a Lumberjack And a Girl who must Succumb a Mad Cow in A Manhattan Penthouse', '2006', '3', '0.99', '62', '27.99', 'G', 'Trailers'), ('817', 'SOLDIERS EVOLUTION', 'A Lacklusture Panorama of a A Shark And a Pioneer who must Confront a Student in The First Manned Space Station', '2006', '7', '4.99', '185', '27.99', 'R', 'Trailers,Commentarie'), ('818', 'SOMETHING DUCK', 'A Boring Character Study of a Car And a Husband who must Outgun a Frisbee in The First Manned Space Station', '2006', '4', '4.99', '180', '17.99', 'NC-17', 'Commentaries,Behind '), ('819', 'SONG HEDWIG', 'A Amazing Documentary of a Man And a Husband who must Confront a Squirrel in A MySQL Convention', '2006', '3', '0.99', '165', '29.99', 'PG-13', 'Trailers,Deleted Sce'), ('820', 'SONS INTERVIEW', 'A Taut Character Study of a Explorer And a Mad Cow who must Battle a Hunter in Ancient China', '2006', '3', '2.99', '184', '11.99', 'NC-17', 'Commentaries,Behind '), ('821', 'SORORITY QUEEN', 'A Fast-Paced Display of a Squirrel And a Composer who must Fight a Forensic Psychologist in A Jet Boat', '2006', '6', '0.99', '184', '17.99', 'NC-17', 'Trailers,Deleted Sce'), ('822', 'SOUP WISDOM', 'A Fast-Paced Display of a Robot And a Butler who must Defeat a Butler in A MySQL Convention', '2006', '6', '0.99', '169', '12.99', 'R', 'Behind the Scenes'), ('823', 'SOUTH WAIT', 'A Amazing Documentary of a Car And a Robot who must Escape a Lumberjack in An Abandoned Amusement Park', '2006', '4', '2.99', '143', '21.99', 'R', 'Commentaries,Behind '), ('824', 'SPARTACUS CHEAPER', 'A Thrilling Panorama of a Pastry Chef And a Secret Agent who must Overcome a Student in A Manhattan Penthouse', '2006', '4', '4.99', '52', '19.99', 'NC-17', 'Deleted Scenes,Behin'), ('825', 'SPEAKEASY DATE', 'A Lacklusture Drama of a Forensic Psychologist And a Car who must Redeem a Man in A Manhattan Penthouse', '2006', '6', '2.99', '165', '22.99', 'PG-13', 'Deleted Scenes,Behin'), ('826', 'SPEED SUIT', 'A Brilliant Display of a Frisbee And a Mad Scientist who must Succumb a Robot in Ancient China', '2006', '7', '4.99', '124', '19.99', 'PG-13', 'Commentaries,Behind '), ('827', 'SPICE SORORITY', 'A Fateful Display of a Pioneer And a Hunter who must Defeat a Husband in An Abandoned Mine Shaft', '2006', '5', '4.99', '141', '22.99', 'NC-17', 'Trailers,Commentarie'), ('828', 'SPIKING ELEMENT', 'A Lacklusture Epistle of a Dentist And a Technical Writer who must Find a Dog in A Monastery', '2006', '7', '2.99', '79', '12.99', 'G', 'Trailers,Deleted Sce'), ('829', 'SPINAL ROCKY', 'A Lacklusture Epistle of a Sumo Wrestler And a Squirrel who must Defeat a Explorer in California', '2006', '7', '2.99', '138', '12.99', 'PG-13', 'Commentaries,Deleted'), ('830', 'SPIRIT FLINTSTONES', 'A Brilliant Yarn of a Cat And a Car who must Confront a Explorer in Ancient Japan', '2006', '7', '0.99', '149', '23.99', 'R', 'Commentaries,Deleted'), ('831', 'SPIRITED CASUALTIES', 'A Taut Story of a Waitress And a Man who must Face a Car in A Baloon Factory', '2006', '5', '0.99', '138', '20.99', 'PG-13', 'Commentaries,Behind '), ('832', 'SPLASH GUMP', 'A Taut Saga of a Crocodile And a Boat who must Conquer a Hunter in A Shark Tank', '2006', '5', '0.99', '175', '16.99', 'PG', 'Trailers,Commentarie'), ('833', 'SPLENDOR PATTON', 'A Taut Story of a Dog And a Explorer who must Find a Astronaut in Berlin', '2006', '5', '0.99', '134', '20.99', 'R', 'Trailers,Commentarie'), ('834', 'SPOILERS HELLFIGHTERS', 'A Fanciful Story of a Technical Writer And a Squirrel who must Defeat a Dog in The Gulf of Mexico', '2006', '4', '0.99', '151', '26.99', 'G', 'Trailers,Commentarie'), ('835', 'SPY MILE', 'A Thrilling Documentary of a Feminist And a Feminist who must Confront a Feminist in A Baloon', '2006', '6', '2.99', '112', '13.99', 'PG-13', 'Trailers,Commentarie'), ('836', 'SQUAD FISH', 'A Fast-Paced Display of a Pastry Chef And a Dog who must Kill a Teacher in Berlin', '2006', '3', '2.99', '136', '14.99', 'PG', 'Commentaries,Deleted'), ('837', 'STAGE WORLD', 'A Lacklusture Panorama of a Woman And a Frisbee who must Chase a Crocodile in A Jet Boat', '2006', '4', '2.99', '85', '19.99', 'PG', 'Commentaries,Behind '), ('838', 'STAGECOACH ARMAGEDDON', 'A Touching Display of a Pioneer And a Butler who must Chase a Car in California', '2006', '5', '4.99', '112', '25.99', 'R', 'Trailers,Deleted Sce'), ('839', 'STALLION SUNDANCE', 'A Fast-Paced Tale of a Car And a Dog who must Outgun a A Shark in Australia', '2006', '5', '0.99', '130', '23.99', 'PG-13', 'Deleted Scenes,Behin'), ('840', 'STAMPEDE DISTURBING', 'A Unbelieveable Tale of a Woman And a Lumberjack who must Fight a Frisbee in A U-Boat', '2006', '5', '0.99', '75', '26.99', 'R', 'Commentaries,Deleted'), ('841', 'STAR OPERATION', 'A Insightful Character Study of a Girl And a Car who must Pursue a Mad Cow in A Shark Tank', '2006', '5', '2.99', '181', '9.99', 'PG', 'Commentaries'), ('842', 'STATE WASTELAND', 'A Beautiful Display of a Cat And a Pastry Chef who must Outrace a Mad Cow in A Jet Boat', '2006', '4', '2.99', '113', '13.99', 'NC-17', 'Trailers,Commentarie'), ('843', 'STEEL SANTA', 'A Fast-Paced Yarn of a Composer And a Frisbee who must Face a Moose in Nigeria', '2006', '4', '4.99', '143', '15.99', 'NC-17', 'Commentaries,Deleted'), ('844', 'STEERS ARMAGEDDON', 'A Stunning Character Study of a Car And a Girl who must Succumb a Car in A MySQL Convention', '2006', '6', '4.99', '140', '16.99', 'PG', 'Trailers,Commentarie'), ('845', 'STEPMOM DREAM', 'A Touching Epistle of a Crocodile And a Teacher who must Build a Forensic Psychologist in A MySQL Convention', '2006', '7', '4.99', '48', '9.99', 'NC-17', 'Deleted Scenes,Behin'), ('846', 'STING PERSONAL', 'A Fanciful Drama of a Frisbee And a Dog who must Fight a Madman in A Jet Boat', '2006', '3', '4.99', '93', '9.99', 'NC-17', 'Commentaries,Deleted'), ('847', 'STOCK GLASS', 'A Boring Epistle of a Crocodile And a Lumberjack who must Outgun a Moose in Ancient China', '2006', '7', '2.99', '160', '10.99', 'PG', 'Commentaries'), ('848', 'STONE FIRE', 'A Intrepid Drama of a Astronaut And a Crocodile who must Find a Boat in Soviet Georgia', '2006', '3', '0.99', '94', '19.99', 'G', 'Trailers'), ('849', 'STORM HAPPINESS', 'A Insightful Drama of a Feminist And a A Shark who must Vanquish a Boat in A Shark Tank', '2006', '6', '0.99', '57', '28.99', 'NC-17', 'Trailers,Commentarie'), ('850', 'STORY SIDE', 'A Lacklusture Saga of a Boy And a Cat who must Sink a Dentist in An Abandoned Mine Shaft', '2006', '7', '0.99', '163', '27.99', 'R', 'Trailers,Behind the '), ('851', 'STRAIGHT HOURS', 'A Boring Panorama of a Secret Agent And a Girl who must Sink a Waitress in The Outback', '2006', '3', '0.99', '151', '19.99', 'R', 'Commentaries,Behind '), ('852', 'STRANGELOVE DESIRE', 'A Awe-Inspiring Panorama of a Lumberjack And a Waitress who must Defeat a Crocodile in An Abandoned Amusement Park', '2006', '4', '0.99', '103', '27.99', 'NC-17', 'Trailers,Commentarie'), ('853', 'STRANGER STRANGERS', 'A Awe-Inspiring Yarn of a Womanizer And a Explorer who must Fight a Woman in The First Manned Space Station', '2006', '3', '4.99', '139', '12.99', 'G', 'Commentaries,Deleted'), ('854', 'STRANGERS GRAFFITI', 'A Brilliant Character Study of a Secret Agent And a Man who must Find a Cat in The Gulf of Mexico', '2006', '4', '4.99', '119', '22.99', 'R', 'Trailers,Behind the '), ('855', 'STREAK RIDGEMONT', 'A Astounding Character Study of a Hunter And a Waitress who must Sink a Man in New Orleans', '2006', '7', '0.99', '132', '28.99', 'PG-13', 'Trailers,Behind the '), ('856', 'STREETCAR INTENTIONS', 'A Insightful Character Study of a Waitress And a Crocodile who must Sink a Waitress in The Gulf of Mexico', '2006', '5', '4.99', '73', '11.99', 'R', 'Commentaries'), ('857', 'STRICTLY SCARFACE', 'A Touching Reflection of a Crocodile And a Dog who must Chase a Hunter in An Abandoned Fun House', '2006', '3', '2.99', '144', '24.99', 'PG-13', 'Commentaries,Deleted'), ('858', 'SUBMARINE BED', 'A Amazing Display of a Car And a Monkey who must Fight a Teacher in Soviet Georgia', '2006', '5', '4.99', '127', '21.99', 'R', 'Trailers'), ('859', 'SUGAR WONKA', 'A Touching Story of a Dentist And a Database Administrator who must Conquer a Astronaut in An Abandoned Amusement Park', '2006', '3', '4.99', '114', '20.99', 'PG', 'Trailers,Commentarie'), ('860', 'SUICIDES SILENCE', 'A Emotional Character Study of a Car And a Girl who must Face a Composer in A U-Boat', '2006', '4', '4.99', '93', '13.99', 'G', 'Deleted Scenes'), ('861', 'SUIT WALLS', 'A Touching Panorama of a Lumberjack And a Frisbee who must Build a Dog in Australia', '2006', '3', '4.99', '111', '12.99', 'R', 'Commentaries'), ('862', 'SUMMER SCARFACE', 'A Emotional Panorama of a Lumberjack And a Hunter who must Meet a Girl in A Shark Tank', '2006', '5', '0.99', '53', '25.99', 'G', 'Deleted Scenes,Behin'), ('863', 'SUN CONFESSIONS', 'A Beautiful Display of a Mad Cow And a Dog who must Redeem a Waitress in An Abandoned Amusement Park', '2006', '5', '0.99', '141', '9.99', 'R', 'Trailers,Behind the '), ('864', 'SUNDANCE INVASION', 'A Epic Drama of a Lumberjack And a Explorer who must Confront a Hunter in A Baloon Factory', '2006', '5', '0.99', '92', '21.99', 'NC-17', 'Commentaries,Behind '), ('865', 'SUNRISE LEAGUE', 'A Beautiful Epistle of a Madman And a Butler who must Face a Crocodile in A Manhattan Penthouse', '2006', '3', '4.99', '135', '19.99', 'PG-13', 'Behind the Scenes'), ('866', 'SUNSET RACER', 'A Awe-Inspiring Reflection of a Astronaut And a A Shark who must Defeat a Forensic Psychologist in California', '2006', '6', '0.99', '48', '28.99', 'NC-17', 'Commentaries,Behind '), ('867', 'SUPER WYOMING', 'A Action-Packed Saga of a Pastry Chef And a Explorer who must Discover a A Shark in The Outback', '2006', '5', '4.99', '58', '10.99', 'PG', 'Trailers,Commentarie'), ('868', 'SUPERFLY TRIP', 'A Beautiful Saga of a Lumberjack And a Teacher who must Build a Technical Writer in An Abandoned Fun House', '2006', '5', '0.99', '114', '27.99', 'PG', 'Commentaries,Behind '), ('869', 'SUSPECTS QUILLS', 'A Emotional Epistle of a Pioneer And a Crocodile who must Battle a Man in A Manhattan Penthouse', '2006', '4', '2.99', '47', '22.99', 'PG', 'Trailers'), ('870', 'SWARM GOLD', 'A Insightful Panorama of a Crocodile And a Boat who must Conquer a Sumo Wrestler in A MySQL Convention', '2006', '4', '0.99', '123', '12.99', 'PG-13', 'Trailers,Commentarie'), ('871', 'SWEDEN SHINING', 'A Taut Documentary of a Car And a Robot who must Conquer a Boy in The Canadian Rockies', '2006', '6', '4.99', '176', '19.99', 'PG', 'Deleted Scenes,Behin'), ('872', 'SWEET BROTHERHOOD', 'A Unbelieveable Epistle of a Sumo Wrestler And a Hunter who must Chase a Forensic Psychologist in A Baloon', '2006', '3', '2.99', '185', '27.99', 'R', 'Deleted Scenes'), ('873', 'SWEETHEARTS SUSPECTS', 'A Brilliant Character Study of a Frisbee And a Sumo Wrestler who must Confront a Woman in The Gulf of Mexico', '2006', '3', '0.99', '108', '13.99', 'G', 'Trailers,Commentarie'), ('874', 'TADPOLE PARK', 'A Beautiful Tale of a Frisbee And a Moose who must Vanquish a Dog in An Abandoned Amusement Park', '2006', '6', '2.99', '155', '13.99', 'PG', 'Trailers,Commentarie'), ('875', 'TALENTED HOMICIDE', 'A Lacklusture Panorama of a Dentist And a Forensic Psychologist who must Outrace a Pioneer in A U-Boat', '2006', '6', '0.99', '173', '9.99', 'PG', 'Commentaries,Deleted'), ('876', 'TARZAN VIDEOTAPE', 'A Fast-Paced Display of a Lumberjack And a Mad Scientist who must Succumb a Sumo Wrestler in The Sahara Desert', '2006', '3', '2.99', '91', '11.99', 'PG-13', 'Trailers'), ('877', 'TAXI KICK', 'A Amazing Epistle of a Girl And a Woman who must Outrace a Waitress in Soviet Georgia', '2006', '4', '0.99', '64', '23.99', 'PG-13', 'Commentaries,Deleted'), ('878', 'TEEN APOLLO', 'A Awe-Inspiring Drama of a Dog And a Man who must Escape a Robot in A Shark Tank', '2006', '3', '4.99', '74', '25.99', 'G', 'Trailers,Deleted Sce'), ('879', 'TELEGRAPH VOYAGE', 'A Fateful Yarn of a Husband And a Dog who must Battle a Waitress in A Jet Boat', '2006', '3', '4.99', '148', '20.99', 'PG', 'Commentaries'), ('880', 'TELEMARK HEARTBREAKERS', 'A Action-Packed Panorama of a Technical Writer And a Man who must Build a Forensic Psychologist in A Manhattan Penthouse', '2006', '6', '2.99', '152', '9.99', 'PG-13', 'Trailers,Commentarie'), ('881', 'TEMPLE ATTRACTION', 'A Action-Packed Saga of a Forensic Psychologist And a Woman who must Battle a Womanizer in Soviet Georgia', '2006', '5', '4.99', '71', '13.99', 'PG', 'Commentaries,Deleted'), ('882', 'TENENBAUMS COMMAND', 'A Taut Display of a Pioneer And a Man who must Reach a Girl in The Gulf of Mexico', '2006', '4', '0.99', '99', '24.99', 'PG-13', 'Trailers,Commentarie'), ('883', 'TEQUILA PAST', 'A Action-Packed Panorama of a Mad Scientist And a Robot who must Challenge a Student in Nigeria', '2006', '6', '4.99', '53', '17.99', 'PG', 'Commentaries,Behind '), ('884', 'TERMINATOR CLUB', 'A Touching Story of a Crocodile And a Girl who must Sink a Man in The Gulf of Mexico', '2006', '5', '4.99', '88', '11.99', 'R', 'Trailers,Deleted Sce'), ('885', 'TEXAS WATCH', 'A Awe-Inspiring Yarn of a Student And a Teacher who must Fight a Teacher in An Abandoned Amusement Park', '2006', '7', '0.99', '179', '22.99', 'NC-17', 'Trailers'), ('886', 'THEORY MERMAID', 'A Fateful Yarn of a Composer And a Monkey who must Vanquish a Womanizer in The First Manned Space Station', '2006', '5', '0.99', '184', '9.99', 'PG-13', 'Deleted Scenes,Behin'), ('887', 'THIEF PELICAN', 'A Touching Documentary of a Madman And a Mad Scientist who must Outrace a Feminist in An Abandoned Mine Shaft', '2006', '5', '4.99', '135', '28.99', 'PG-13', 'Deleted Scenes,Behin'), ('888', 'THIN SAGEBRUSH', 'A Emotional Drama of a Husband And a Lumberjack who must Build a Cat in Ancient India', '2006', '5', '4.99', '53', '9.99', 'PG-13', 'Behind the Scenes'), ('889', 'TIES HUNGER', 'A Insightful Saga of a Astronaut And a Explorer who must Pursue a Mad Scientist in A U-Boat', '2006', '3', '4.99', '111', '28.99', 'R', 'Deleted Scenes'), ('890', 'TIGHTS DAWN', 'A Thrilling Epistle of a Boat And a Secret Agent who must Face a Boy in A Baloon', '2006', '5', '0.99', '172', '14.99', 'R', 'Trailers,Behind the '), ('891', 'TIMBERLAND SKY', 'A Boring Display of a Man And a Dog who must Redeem a Girl in A U-Boat', '2006', '3', '0.99', '69', '13.99', 'G', 'Commentaries'), ('892', 'TITANIC BOONDOCK', 'A Brilliant Reflection of a Feminist And a Dog who must Fight a Boy in A Baloon Factory', '2006', '3', '4.99', '104', '18.99', 'R', 'Trailers,Commentarie'), ('893', 'TITANS JERK', 'A Unbelieveable Panorama of a Feminist And a Sumo Wrestler who must Challenge a Technical Writer in Ancient China', '2006', '4', '4.99', '91', '11.99', 'PG', 'Behind the Scenes'), ('894', 'TOMATOES HELLFIGHTERS', 'A Thoughtful Epistle of a Madman And a Astronaut who must Overcome a Monkey in A Shark Tank', '2006', '6', '0.99', '68', '23.99', 'PG', 'Behind the Scenes'), ('895', 'TOMORROW HUSTLER', 'A Thoughtful Story of a Moose And a Husband who must Face a Secret Agent in The Sahara Desert', '2006', '3', '2.99', '142', '21.99', 'R', 'Commentaries'), ('896', 'TOOTSIE PILOT', 'A Awe-Inspiring Documentary of a Womanizer And a Pastry Chef who must Kill a Lumberjack in Berlin', '2006', '3', '0.99', '157', '10.99', 'PG', 'Commentaries,Deleted'), ('897', 'TORQUE BOUND', 'A Emotional Display of a Crocodile And a Husband who must Reach a Man in Ancient Japan', '2006', '3', '4.99', '179', '27.99', 'G', 'Trailers,Commentarie'), ('898', 'TOURIST PELICAN', 'A Boring Story of a Butler And a Astronaut who must Outrace a Pioneer in Australia', '2006', '4', '4.99', '152', '18.99', 'PG-13', 'Deleted Scenes'), ('899', 'TOWERS HURRICANE', 'A Fateful Display of a Monkey And a Car who must Sink a Husband in A MySQL Convention', '2006', '7', '0.99', '144', '14.99', 'NC-17', 'Commentaries,Behind '), ('900', 'TOWN ARK', 'A Awe-Inspiring Documentary of a Moose And a Madman who must Meet a Dog in An Abandoned Mine Shaft', '2006', '6', '2.99', '136', '17.99', 'R', 'Behind the Scenes'), ('901', 'TRACY CIDER', 'A Touching Reflection of a Database Administrator And a Madman who must Build a Lumberjack in Nigeria', '2006', '3', '0.99', '142', '29.99', 'G', 'Trailers,Commentarie'), ('902', 'TRADING PINOCCHIO', 'A Emotional Character Study of a Student And a Explorer who must Discover a Frisbee in The First Manned Space Station', '2006', '6', '4.99', '170', '22.99', 'PG', 'Trailers,Deleted Sce'), ('903', 'TRAFFIC HOBBIT', 'A Amazing Epistle of a Squirrel And a Lumberjack who must Succumb a Database Administrator in A U-Boat', '2006', '5', '4.99', '139', '13.99', 'G', 'Trailers,Commentarie'), ('904', 'TRAIN BUNCH', 'A Thrilling Character Study of a Robot And a Squirrel who must Face a Dog in Ancient India', '2006', '3', '4.99', '71', '26.99', 'R', 'Trailers,Deleted Sce'), ('905', 'TRAINSPOTTING STRANGERS', 'A Fast-Paced Drama of a Pioneer And a Mad Cow who must Challenge a Madman in Ancient Japan', '2006', '7', '4.99', '132', '10.99', 'PG-13', 'Trailers'), ('906', 'TRAMP OTHERS', 'A Brilliant Display of a Composer And a Cat who must Succumb a A Shark in Ancient India', '2006', '4', '0.99', '171', '27.99', 'PG', 'Deleted Scenes'), ('907', 'TRANSLATION SUMMER', 'A Touching Reflection of a Man And a Monkey who must Pursue a Womanizer in A MySQL Convention', '2006', '4', '0.99', '168', '10.99', 'PG-13', 'Trailers'), ('908', 'TRAP GUYS', 'A Unbelieveable Story of a Boy And a Mad Cow who must Challenge a Database Administrator in The Sahara Desert', '2006', '3', '4.99', '110', '11.99', 'G', 'Commentaries,Behind '), ('909', 'TREASURE COMMAND', 'A Emotional Saga of a Car And a Madman who must Discover a Pioneer in California', '2006', '3', '0.99', '102', '28.99', 'PG-13', 'Trailers,Commentarie'), ('910', 'TREATMENT JEKYLL', 'A Boring Story of a Teacher And a Student who must Outgun a Cat in An Abandoned Mine Shaft', '2006', '3', '0.99', '87', '19.99', 'PG', 'Trailers,Deleted Sce'), ('911', 'TRIP NEWTON', 'A Fanciful Character Study of a Lumberjack And a Car who must Discover a Cat in An Abandoned Amusement Park', '2006', '7', '4.99', '64', '14.99', 'PG-13', 'Commentaries,Deleted'), ('912', 'TROJAN TOMORROW', 'A Astounding Panorama of a Husband And a Sumo Wrestler who must Pursue a Boat in Ancient India', '2006', '3', '2.99', '52', '9.99', 'PG', 'Commentaries,Deleted'), ('913', 'TROOPERS METAL', 'A Fanciful Drama of a Monkey And a Feminist who must Sink a Man in Berlin', '2006', '3', '0.99', '115', '20.99', 'R', 'Deleted Scenes,Behin'), ('914', 'TROUBLE DATE', 'A Lacklusture Panorama of a Forensic Psychologist And a Woman who must Kill a Explorer in Ancient Japan', '2006', '6', '2.99', '61', '13.99', 'PG', 'Trailers,Commentarie'), ('915', 'TRUMAN CRAZY', 'A Thrilling Epistle of a Moose And a Boy who must Meet a Database Administrator in A Monastery', '2006', '7', '4.99', '92', '9.99', 'G', 'Trailers,Commentarie'), ('916', 'TURN STAR', 'A Stunning Tale of a Man And a Monkey who must Chase a Student in New Orleans', '2006', '3', '2.99', '80', '10.99', 'G', 'Commentaries,Behind '), ('917', 'TUXEDO MILE', 'A Boring Drama of a Man And a Forensic Psychologist who must Face a Frisbee in Ancient India', '2006', '3', '2.99', '152', '24.99', 'R', 'Commentaries,Deleted'), ('918', 'TWISTED PIRATES', 'A Touching Display of a Frisbee And a Boat who must Kill a Girl in A MySQL Convention', '2006', '4', '4.99', '152', '23.99', 'PG', 'Trailers,Commentarie'), ('919', 'TYCOON GATHERING', 'A Emotional Display of a Husband And a A Shark who must Succumb a Madman in A Manhattan Penthouse', '2006', '3', '4.99', '82', '17.99', 'G', 'Trailers,Commentarie'), ('920', 'UNBREAKABLE KARATE', 'A Amazing Character Study of a Robot And a Student who must Chase a Robot in Australia', '2006', '3', '0.99', '62', '16.99', 'G', 'Deleted Scenes,Behin'), ('921', 'UNCUT SUICIDES', 'A Intrepid Yarn of a Explorer And a Pastry Chef who must Pursue a Mad Cow in A U-Boat', '2006', '7', '2.99', '172', '29.99', 'PG-13', 'Trailers,Commentarie'), ('922', 'UNDEFEATED DALMATIONS', 'A Unbelieveable Display of a Crocodile And a Feminist who must Overcome a Moose in An Abandoned Amusement Park', '2006', '7', '4.99', '107', '22.99', 'PG-13', 'Commentaries'), ('923', 'UNFAITHFUL KILL', 'A Taut Documentary of a Waitress And a Mad Scientist who must Battle a Technical Writer in New Orleans', '2006', '7', '2.99', '78', '12.99', 'R', 'Commentaries,Deleted'), ('924', 'UNFORGIVEN ZOOLANDER', 'A Taut Epistle of a Monkey And a Sumo Wrestler who must Vanquish a A Shark in A Baloon Factory', '2006', '7', '0.99', '129', '15.99', 'PG', 'Trailers,Commentarie'), ('925', 'UNITED PILOT', 'A Fast-Paced Reflection of a Cat And a Mad Cow who must Fight a Car in The Sahara Desert', '2006', '3', '0.99', '164', '27.99', 'R', 'Trailers,Deleted Sce'), ('926', 'UNTOUCHABLES SUNRISE', 'A Amazing Documentary of a Woman And a Astronaut who must Outrace a Teacher in An Abandoned Fun House', '2006', '5', '2.99', '120', '11.99', 'NC-17', 'Trailers,Deleted Sce'), ('927', 'UPRISING UPTOWN', 'A Fanciful Reflection of a Boy And a Butler who must Pursue a Woman in Berlin', '2006', '6', '2.99', '174', '16.99', 'NC-17', 'Trailers,Behind the '), ('928', 'UPTOWN YOUNG', 'A Fateful Documentary of a Dog And a Hunter who must Pursue a Teacher in An Abandoned Amusement Park', '2006', '5', '2.99', '84', '16.99', 'PG', 'Commentaries'), ('929', 'USUAL UNTOUCHABLES', 'A Touching Display of a Explorer And a Lumberjack who must Fight a Forensic Psychologist in A Shark Tank', '2006', '5', '4.99', '128', '21.99', 'PG-13', 'Trailers,Commentarie'), ('930', 'VACATION BOONDOCK', 'A Fanciful Character Study of a Secret Agent And a Mad Scientist who must Reach a Teacher in Australia', '2006', '4', '2.99', '145', '23.99', 'R', 'Commentaries'), ('931', 'VALENTINE VANISHING', 'A Thrilling Display of a Husband And a Butler who must Reach a Pastry Chef in California', '2006', '7', '0.99', '48', '9.99', 'PG-13', 'Trailers,Behind the '), ('932', 'VALLEY PACKER', 'A Astounding Documentary of a Astronaut And a Boy who must Outrace a Sumo Wrestler in Berlin', '2006', '3', '0.99', '73', '21.99', 'G', 'Commentaries,Deleted'), ('933', 'VAMPIRE WHALE', 'A Epic Story of a Lumberjack And a Monkey who must Confront a Pioneer in A MySQL Convention', '2006', '4', '4.99', '126', '11.99', 'NC-17', 'Trailers,Commentarie'), ('934', 'VANILLA DAY', 'A Fast-Paced Saga of a Girl And a Forensic Psychologist who must Redeem a Girl in Nigeria', '2006', '7', '4.99', '122', '20.99', 'NC-17', 'Deleted Scenes,Behin'), ('935', 'VANISHED GARDEN', 'A Intrepid Character Study of a Squirrel And a A Shark who must Kill a Lumberjack in California', '2006', '5', '0.99', '142', '17.99', 'R', 'Trailers,Commentarie'), ('936', 'VANISHING ROCKY', 'A Brilliant Reflection of a Man And a Woman who must Conquer a Pioneer in A MySQL Convention', '2006', '3', '2.99', '123', '21.99', 'NC-17', 'Trailers,Commentarie'), ('937', 'VARSITY TRIP', 'A Action-Packed Character Study of a Astronaut And a Explorer who must Reach a Monkey in A MySQL Convention', '2006', '7', '2.99', '85', '14.99', 'NC-17', 'Commentaries,Deleted'), ('938', 'VELVET TERMINATOR', 'A Lacklusture Tale of a Pastry Chef And a Technical Writer who must Confront a Crocodile in An Abandoned Amusement Park', '2006', '3', '4.99', '173', '14.99', 'R', 'Behind the Scenes'), ('939', 'VERTIGO NORTHWEST', 'A Unbelieveable Display of a Mad Scientist And a Mad Scientist who must Outgun a Mad Cow in Ancient Japan', '2006', '4', '2.99', '90', '17.99', 'R', 'Commentaries,Behind '), ('940', 'VICTORY ACADEMY', 'A Insightful Epistle of a Mad Scientist And a Explorer who must Challenge a Cat in The Sahara Desert', '2006', '6', '0.99', '64', '19.99', 'PG-13', 'Trailers,Behind the '), ('941', 'VIDEOTAPE ARSENIC', 'A Lacklusture Display of a Girl And a Astronaut who must Succumb a Student in Australia', '2006', '4', '4.99', '145', '10.99', 'NC-17', 'Commentaries,Deleted'), ('942', 'VIETNAM SMOOCHY', 'A Lacklusture Display of a Butler And a Man who must Sink a Explorer in Soviet Georgia', '2006', '7', '0.99', '174', '27.99', 'PG-13', 'Deleted Scenes,Behin'), ('943', 'VILLAIN DESPERATE', 'A Boring Yarn of a Pioneer And a Feminist who must Redeem a Cat in An Abandoned Amusement Park', '2006', '4', '4.99', '76', '27.99', 'PG-13', 'Trailers,Commentarie'), ('944', 'VIRGIN DAISY', 'A Awe-Inspiring Documentary of a Robot And a Mad Scientist who must Reach a Database Administrator in A Shark Tank', '2006', '6', '4.99', '179', '29.99', 'PG-13', 'Trailers,Behind the '), ('945', 'VIRGINIAN PLUTO', 'A Emotional Panorama of a Dentist And a Crocodile who must Meet a Boy in Berlin', '2006', '5', '0.99', '164', '22.99', 'R', 'Deleted Scenes'), ('946', 'VIRTUAL SPOILERS', 'A Fateful Tale of a Database Administrator And a Squirrel who must Discover a Student in Soviet Georgia', '2006', '3', '4.99', '144', '14.99', 'NC-17', 'Commentaries,Deleted'), ('947', 'VISION TORQUE', 'A Thoughtful Documentary of a Dog And a Man who must Sink a Man in A Shark Tank', '2006', '5', '0.99', '59', '16.99', 'PG-13', 'Commentaries,Deleted'), ('948', 'VOICE PEACH', 'A Amazing Panorama of a Pioneer And a Student who must Overcome a Mad Scientist in A Manhattan Penthouse', '2006', '6', '0.99', '139', '22.99', 'PG-13', 'Commentaries,Behind '), ('949', 'VOLCANO TEXAS', 'A Awe-Inspiring Yarn of a Hunter And a Feminist who must Challenge a Dentist in The Outback', '2006', '6', '0.99', '157', '27.99', 'NC-17', 'Trailers,Commentarie'), ('950', 'VOLUME HOUSE', 'A Boring Tale of a Dog And a Woman who must Meet a Dentist in California', '2006', '7', '4.99', '132', '12.99', 'PG', 'Commentaries'), ('951', 'VOYAGE LEGALLY', 'A Epic Tale of a Squirrel And a Hunter who must Conquer a Boy in An Abandoned Mine Shaft', '2006', '6', '0.99', '78', '28.99', 'PG-13', 'Commentaries,Behind '), ('952', 'WAGON JAWS', 'A Intrepid Drama of a Moose And a Boat who must Kill a Explorer in A Manhattan Penthouse', '2006', '7', '2.99', '152', '17.99', 'PG', 'Deleted Scenes,Behin'), ('953', 'WAIT CIDER', 'A Intrepid Epistle of a Woman And a Forensic Psychologist who must Succumb a Astronaut in A Manhattan Penthouse', '2006', '3', '0.99', '112', '9.99', 'PG-13', 'Trailers'), ('954', 'WAKE JAWS', 'A Beautiful Saga of a Feminist And a Composer who must Challenge a Moose in Berlin', '2006', '7', '4.99', '73', '18.99', 'G', 'Trailers,Commentarie'), ('955', 'WALLS ARTIST', 'A Insightful Panorama of a Teacher And a Teacher who must Overcome a Mad Cow in An Abandoned Fun House', '2006', '7', '4.99', '135', '19.99', 'PG', 'Trailers,Behind the '), ('956', 'WANDA CHAMBER', 'A Insightful Drama of a A Shark And a Pioneer who must Find a Womanizer in The Outback', '2006', '7', '4.99', '107', '23.99', 'PG-13', 'Commentaries,Deleted'), ('957', 'WAR NOTTING', 'A Boring Drama of a Teacher And a Sumo Wrestler who must Challenge a Secret Agent in The Canadian Rockies', '2006', '7', '4.99', '80', '26.99', 'G', 'Deleted Scenes,Behin'), ('958', 'WARDROBE PHANTOM', 'A Action-Packed Display of a Mad Cow And a Astronaut who must Kill a Car in Ancient India', '2006', '6', '2.99', '178', '19.99', 'G', 'Trailers,Commentarie'), ('959', 'WARLOCK WEREWOLF', 'A Astounding Yarn of a Pioneer And a Crocodile who must Defeat a A Shark in The Outback', '2006', '6', '2.99', '83', '10.99', 'G', 'Commentaries,Behind '), ('960', 'WARS PLUTO', 'A Taut Reflection of a Teacher And a Database Administrator who must Chase a Madman in The Sahara Desert', '2006', '5', '2.99', '128', '15.99', 'G', 'Commentaries,Behind '), ('961', 'WASH HEAVENLY', 'A Awe-Inspiring Reflection of a Cat And a Pioneer who must Escape a Hunter in Ancient China', '2006', '7', '4.99', '161', '22.99', 'R', 'Commentaries'), ('962', 'WASTELAND DIVINE', 'A Fanciful Story of a Database Administrator And a Womanizer who must Fight a Database Administrator in Ancient China', '2006', '7', '2.99', '85', '18.99', 'PG', 'Trailers,Deleted Sce'), ('963', 'WATCH TRACY', 'A Fast-Paced Yarn of a Dog And a Frisbee who must Conquer a Hunter in Nigeria', '2006', '5', '0.99', '78', '12.99', 'PG', 'Trailers,Deleted Sce'), ('964', 'WATERFRONT DELIVERANCE', 'A Unbelieveable Documentary of a Dentist And a Technical Writer who must Build a Womanizer in Nigeria', '2006', '4', '4.99', '61', '17.99', 'G', 'Behind the Scenes'), ('965', 'WATERSHIP FRONTIER', 'A Emotional Yarn of a Boat And a Crocodile who must Meet a Moose in Soviet Georgia', '2006', '6', '0.99', '112', '28.99', 'G', 'Commentaries'), ('966', 'WEDDING APOLLO', 'A Action-Packed Tale of a Student And a Waitress who must Conquer a Lumberjack in An Abandoned Mine Shaft', '2006', '3', '0.99', '70', '14.99', 'PG', 'Trailers'), ('967', 'WEEKEND PERSONAL', 'A Fast-Paced Documentary of a Car And a Butler who must Find a Frisbee in A Jet Boat', '2006', '5', '2.99', '134', '26.99', 'R', 'Trailers,Commentarie'), ('968', 'WEREWOLF LOLA', 'A Fanciful Story of a Man And a Sumo Wrestler who must Outrace a Student in A Monastery', '2006', '6', '4.99', '79', '19.99', 'G', 'Trailers,Behind the '), ('969', 'WEST LION', 'A Intrepid Drama of a Butler And a Lumberjack who must Challenge a Database Administrator in A Manhattan Penthouse', '2006', '4', '4.99', '159', '29.99', 'G', 'Trailers'), ('970', 'WESTWARD SEABISCUIT', 'A Lacklusture Tale of a Butler And a Husband who must Face a Boy in Ancient China', '2006', '7', '0.99', '52', '11.99', 'NC-17', 'Commentaries,Deleted'), ('971', 'WHALE BIKINI', 'A Intrepid Story of a Pastry Chef And a Database Administrator who must Kill a Feminist in A MySQL Convention', '2006', '4', '4.99', '109', '11.99', 'PG-13', 'Commentaries,Deleted'), ('972', 'WHISPERER GIANT', 'A Intrepid Story of a Dentist And a Hunter who must Confront a Monkey in Ancient Japan', '2006', '4', '4.99', '59', '24.99', 'PG-13', 'Trailers,Deleted Sce'), ('973', 'WIFE TURN', 'A Awe-Inspiring Epistle of a Teacher And a Feminist who must Confront a Pioneer in Ancient Japan', '2006', '3', '4.99', '183', '27.99', 'NC-17', 'Deleted Scenes,Behin'), ('974', 'WILD APOLLO', 'A Beautiful Story of a Monkey And a Sumo Wrestler who must Conquer a A Shark in A MySQL Convention', '2006', '4', '0.99', '181', '24.99', 'R', 'Trailers,Commentarie'), ('975', 'WILLOW TRACY', 'A Brilliant Panorama of a Boat And a Astronaut who must Challenge a Teacher in A Manhattan Penthouse', '2006', '6', '2.99', '137', '22.99', 'R', 'Trailers,Commentarie'), ('976', 'WIND PHANTOM', 'A Touching Saga of a Madman And a Forensic Psychologist who must Build a Sumo Wrestler in An Abandoned Mine Shaft', '2006', '6', '0.99', '111', '12.99', 'R', 'Commentaries,Deleted'), ('977', 'WINDOW SIDE', 'A Astounding Character Study of a Womanizer And a Hunter who must Escape a Robot in A Monastery', '2006', '3', '2.99', '85', '25.99', 'R', 'Deleted Scenes,Behin'), ('978', 'WISDOM WORKER', 'A Unbelieveable Saga of a Forensic Psychologist And a Student who must Face a Squirrel in The First Manned Space Station', '2006', '3', '0.99', '98', '12.99', 'R', 'Deleted Scenes,Behin'), ('979', 'WITCHES PANIC', 'A Awe-Inspiring Drama of a Secret Agent And a Hunter who must Fight a Moose in Nigeria', '2006', '6', '4.99', '100', '10.99', 'NC-17', 'Commentaries,Behind '), ('980', 'WIZARD COLDBLOODED', 'A Lacklusture Display of a Robot And a Girl who must Defeat a Sumo Wrestler in A MySQL Convention', '2006', '4', '4.99', '75', '12.99', 'PG', 'Commentaries,Deleted'), ('981', 'WOLVES DESIRE', 'A Fast-Paced Drama of a Squirrel And a Robot who must Succumb a Technical Writer in A Manhattan Penthouse', '2006', '7', '0.99', '55', '13.99', 'NC-17', 'Behind the Scenes'), ('982', 'WOMEN DORADO', 'A Insightful Documentary of a Waitress And a Butler who must Vanquish a Composer in Australia', '2006', '4', '0.99', '126', '23.99', 'R', 'Deleted Scenes,Behin'), ('983', 'WON DARES', 'A Unbelieveable Documentary of a Teacher And a Monkey who must Defeat a Explorer in A U-Boat', '2006', '7', '2.99', '105', '18.99', 'PG', 'Behind the Scenes'), ('984', 'WONDERFUL DROP', 'A Boring Panorama of a Woman And a Madman who must Overcome a Butler in A U-Boat', '2006', '3', '2.99', '126', '20.99', 'NC-17', 'Commentaries'), ('985', 'WONDERLAND CHRISTMAS', 'A Awe-Inspiring Character Study of a Waitress And a Car who must Pursue a Mad Scientist in The First Manned Space Station', '2006', '4', '4.99', '111', '19.99', 'PG', 'Commentaries'), ('986', 'WONKA SEA', 'A Brilliant Saga of a Boat And a Mad Scientist who must Meet a Moose in Ancient India', '2006', '6', '2.99', '85', '24.99', 'NC-17', 'Trailers,Commentarie'), ('987', 'WORDS HUNTER', 'A Action-Packed Reflection of a Composer And a Mad Scientist who must Face a Pioneer in A MySQL Convention', '2006', '3', '2.99', '116', '13.99', 'PG', 'Trailers,Commentarie'), ('988', 'WORKER TARZAN', 'A Action-Packed Yarn of a Secret Agent And a Technical Writer who must Battle a Sumo Wrestler in The First Manned Space Station', '2006', '7', '2.99', '139', '26.99', 'R', 'Trailers,Commentarie'), ('989', 'WORKING MICROCOSMOS', 'A Stunning Epistle of a Dentist And a Dog who must Kill a Madman in Ancient China', '2006', '4', '4.99', '74', '22.99', 'R', 'Commentaries,Deleted'), ('990', 'WORLD LEATHERNECKS', 'A Unbelieveable Tale of a Pioneer And a Astronaut who must Overcome a Robot in An Abandoned Amusement Park', '2006', '3', '0.99', '171', '13.99', 'PG-13', 'Trailers,Behind the '), ('991', 'WORST BANGER', 'A Thrilling Drama of a Madman And a Dentist who must Conquer a Boy in The Outback', '2006', '4', '2.99', '185', '26.99', 'PG', 'Deleted Scenes,Behin'), ('992', 'WRATH MILE', 'A Intrepid Reflection of a Technical Writer And a Hunter who must Defeat a Sumo Wrestler in A Monastery', '2006', '5', '0.99', '176', '17.99', 'NC-17', 'Trailers,Commentarie'), ('993', 'WRONG BEHAVIOR', 'A Emotional Saga of a Crocodile And a Sumo Wrestler who must Discover a Mad Cow in New Orleans', '2006', '6', '2.99', '178', '10.99', 'PG-13', 'Trailers,Behind the '), ('994', 'WYOMING STORM', 'A Awe-Inspiring Panorama of a Robot And a Boat who must Overcome a Feminist in A U-Boat', '2006', '6', '4.99', '100', '29.99', 'PG-13', 'Deleted Scenes'), ('995', 'YENTL IDAHO', 'A Amazing Display of a Robot And a Astronaut who must Fight a Womanizer in Berlin', '2006', '5', '4.99', '86', '11.99', 'R', 'Trailers,Commentarie'), ('996', 'YOUNG LANGUAGE', 'A Unbelieveable Yarn of a Boat And a Database Administrator who must Meet a Boy in The First Manned Space Station', '2006', '6', '0.99', '183', '9.99', 'G', 'Trailers,Behind the '), ('997', 'YOUTH KICK', 'A Touching Drama of a Teacher And a Cat who must Challenge a Technical Writer in A U-Boat', '2006', '4', '0.99', '179', '14.99', 'NC-17', 'Trailers,Behind the '), ('998', 'ZHIVAGO CORE', 'A Fateful Yarn of a Composer And a Man who must Face a Boy in The Canadian Rockies', '2006', '6', '0.99', '105', '10.99', 'NC-17', 'Deleted Scenes'), ('999', 'ZOOLANDER FICTION', 'A Fateful Reflection of a Waitress And a Boat who must Discover a Sumo Wrestler in Ancient China', '2006', '5', '2.99', '101', '28.99', 'R', 'Trailers,Deleted Sce'), ('1000', 'ZORRO ARK', 'A Intrepid Panorama of a Mad Scientist And a Boy who must Redeem a Boy in A Monastery', '2006', '3', '4.99', '50', '18.99', 'NC-17', 'Trailers,Commentarie');
COMMIT;

-- ----------------------------
--  Table structure for `FILM_ACTOR`
-- ----------------------------
DROP TABLE IF EXISTS `film_actor`;
CREATE TABLE `film_actor` (
  `ACTOR_ID` int(11) NOT NULL,
  `FILM_ID` int(11) NOT NULL,
  PRIMARY KEY (`ACTOR_ID`,`FILM_ID`),
  KEY `FK7981CF5AB4F427A` (`ACTOR_ID`),
  KEY `FK7981CF5A5CFCA65A` (`FILM_ID`),
  CONSTRAINT `FK7981CF5A5CFCA65A` FOREIGN KEY (`FILM_ID`) REFERENCES `film` (`FILM_ID`),
  CONSTRAINT `FK7981CF5AB4F427A` FOREIGN KEY (`ACTOR_ID`) REFERENCES `actor` (`ACTOR_ID`)
) ENGINE=InnoDB DEFAULT CHARSET=latin1;

-- ----------------------------
--  Records of `FILM_ACTOR`
-- ----------------------------
BEGIN;
INSERT INTO `film_actor` VALUES ('1', '1'), ('1', '23'), ('1', '25'), ('1', '106'), ('1', '140'), ('1', '166'), ('1', '277'), ('1', '361'), ('1', '438'), ('1', '499'), ('1', '506'), ('1', '509'), ('1', '605'), ('1', '635'), ('1', '749'), ('1', '832'), ('1', '939'), ('1', '970'), ('1', '980'), ('2', '3'), ('2', '31'), ('2', '47'), ('2', '105'), ('2', '132'), ('2', '145'), ('2', '226'), ('2', '249'), ('2', '314'), ('2', '321'), ('2', '357'), ('2', '369'), ('2', '399'), ('2', '458'), ('2', '481'), ('2', '485'), ('2', '518'), ('2', '540'), ('2', '550'), ('2', '555'), ('2', '561'), ('2', '742'), ('2', '754'), ('2', '811'), ('2', '958'), ('3', '17'), ('3', '40'), ('3', '42'), ('3', '87'), ('3', '111'), ('3', '185'), ('3', '289'), ('3', '329'), ('3', '336'), ('3', '341'), ('3', '393'), ('3', '441'), ('3', '453'), ('3', '480'), ('3', '539'), ('3', '618'), ('3', '685'), ('3', '827'), ('3', '966'), ('3', '967'), ('3', '971'), ('3', '996'), ('4', '23'), ('4', '25'), ('4', '56'), ('4', '62'), ('4', '79'), ('4', '87'), ('4', '355'), ('4', '379'), ('4', '398'), ('4', '463'), ('4', '490'), ('4', '616'), ('4', '635'), ('4', '691'), ('4', '712'), ('4', '714'), ('4', '721'), ('4', '798'), ('4', '832'), ('4', '858'), ('4', '909'), ('4', '924'), ('5', '19'), ('5', '54'), ('5', '85'), ('5', '146'), ('5', '171'), ('5', '172'), ('5', '202'), ('5', '203'), ('5', '286'), ('5', '288'), ('5', '316'), ('5', '340'), ('5', '369'), ('5', '375'), ('5', '383'), ('5', '392'), ('5', '411'), ('5', '503'), ('5', '535'), ('5', '571'), ('5', '650'), ('5', '665'), ('5', '687'), ('5', '730'), ('5', '732'), ('5', '811'), ('5', '817'), ('5', '841'), ('5', '865'), ('6', '29'), ('6', '53'), ('6', '60'), ('6', '70'), ('6', '112'), ('6', '164'), ('6', '165'), ('6', '193'), ('6', '256'), ('6', '451'), ('6', '503'), ('6', '509'), ('6', '517'), ('6', '519'), ('6', '605'), ('6', '692'), ('6', '826'), ('6', '892'), ('6', '902'), ('6', '994'), ('7', '25'), ('7', '27'), ('7', '35'), ('7', '67'), ('7', '96'), ('7', '170'), ('7', '173'), ('7', '217'), ('7', '218'), ('7', '225'), ('7', '292'), ('7', '351'), ('7', '414'), ('7', '463'), ('7', '554'), ('7', '618'), ('7', '633'), ('7', '637'), ('7', '691'), ('7', '758'), ('7', '766'), ('7', '770'), ('7', '805'), ('7', '806'), ('7', '846'), ('7', '900'), ('7', '901'), ('7', '910'), ('7', '957'), ('7', '959'), ('8', '47'), ('8', '115'), ('8', '158'), ('8', '179'), ('8', '195'), ('8', '205'), ('8', '255'), ('8', '263'), ('8', '321'), ('8', '396'), ('8', '458'), ('8', '523'), ('8', '532'), ('8', '554'), ('8', '752'), ('8', '769'), ('8', '771'), ('8', '859'), ('8', '895'), ('8', '936'), ('9', '30'), ('9', '74'), ('9', '147'), ('9', '148'), ('9', '191'), ('9', '200'), ('9', '204'), ('9', '434'), ('9', '510'), ('9', '514'), ('9', '552'), ('9', '650'), ('9', '671'), ('9', '697'), ('9', '722'), ('9', '752'), ('9', '811'), ('9', '815'), ('9', '865'), ('9', '873'), ('9', '889'), ('9', '903'), ('9', '926'), ('9', '964'), ('9', '974'), ('10', '1'), ('10', '9'), ('10', '191'), ('10', '236'), ('10', '251'), ('10', '366'), ('10', '477'), ('10', '480'), ('10', '522'), ('10', '530'), ('10', '587'), ('10', '694'), ('10', '703'), ('10', '716'), ('10', '782'), ('10', '914'), ('10', '929'), ('10', '930'), ('10', '964'), ('10', '966'), ('10', '980'), ('10', '983'), ('11', '118'), ('11', '205'), ('11', '281'), ('11', '283'), ('11', '348'), ('11', '364'), ('11', '395'), ('11', '429'), ('11', '433'), ('11', '453'), ('11', '485'), ('11', '532'), ('11', '567'), ('11', '587'), ('11', '597'), ('11', '636'), ('11', '709'), ('11', '850'), ('11', '854'), ('11', '888'), ('11', '896'), ('11', '928'), ('11', '938'), ('11', '969'), ('11', '988'), ('12', '16'), ('12', '17'), ('12', '34'), ('12', '37'), ('12', '91'), ('12', '92'), ('12', '107'), ('12', '155'), ('12', '177'), ('12', '208'), ('12', '213'), ('12', '216'), ('12', '243'), ('12', '344'), ('12', '400'), ('12', '416'), ('12', '420'), ('12', '457'), ('12', '513'), ('12', '540'), ('12', '593'), ('12', '631'), ('12', '635'), ('12', '672'), ('12', '716'), ('12', '728'), ('12', '812'), ('12', '838'), ('12', '871'), ('12', '880'), ('12', '945'), ('13', '17'), ('13', '29'), ('13', '45'), ('13', '87'), ('13', '110'), ('13', '144'), ('13', '154'), ('13', '162'), ('13', '203'), ('13', '254'), ('13', '337'), ('13', '346'), ('13', '381'), ('13', '385'), ('13', '427'), ('13', '456'), ('13', '513'), ('13', '515'), ('13', '522'), ('13', '524'), ('13', '528'), ('13', '571'), ('13', '588'), ('13', '597'), ('13', '600'), ('13', '718'), ('13', '729'), ('13', '816'), ('13', '817'), ('13', '832'), ('13', '833'), ('13', '843'), ('13', '897'), ('13', '966'), ('13', '998'), ('14', '154'), ('14', '187'), ('14', '232'), ('14', '241'), ('14', '253'), ('14', '255'), ('14', '258'), ('14', '284'), ('14', '292'), ('14', '370'), ('14', '415'), ('14', '417'), ('14', '418'), ('14', '454'), ('14', '472'), ('14', '475'), ('14', '495'), ('14', '536'), ('14', '537'), ('14', '612'), ('14', '688'), ('14', '759'), ('14', '764'), ('14', '847'), ('14', '856'), ('14', '890'), ('14', '908'), ('14', '919'), ('14', '948'), ('14', '970'), ('15', '31'), ('15', '89'), ('15', '91'), ('15', '108'), ('15', '125'), ('15', '236'), ('15', '275'), ('15', '280'), ('15', '326'), ('15', '342'), ('15', '414'), ('15', '445'), ('15', '500'), ('15', '502'), ('15', '541'), ('15', '553'), ('15', '594'), ('15', '626'), ('15', '635'), ('15', '745'), ('15', '783'), ('15', '795'), ('15', '817'), ('15', '886'), ('15', '924'), ('15', '949'), ('15', '968'), ('15', '985'), ('16', '80'), ('16', '87'), ('16', '101'), ('16', '121'), ('16', '155'), ('16', '177'), ('16', '218'), ('16', '221'), ('16', '267'), ('16', '269'), ('16', '271'), ('16', '280'), ('16', '287'), ('16', '345'), ('16', '438'), ('16', '453'), ('16', '455'), ('16', '456'), ('16', '503'), ('16', '548'), ('16', '582'), ('16', '583'), ('16', '717'), ('16', '758'), ('16', '779'), ('16', '886'), ('16', '967'), ('17', '96'), ('17', '119'), ('17', '124'), ('17', '127'), ('17', '154'), ('17', '199'), ('17', '201'), ('17', '236'), ('17', '280'), ('17', '310'), ('17', '313'), ('17', '378'), ('17', '457'), ('17', '469'), ('17', '478'), ('17', '500'), ('17', '515'), ('17', '521'), ('17', '573'), ('17', '603'), ('17', '606'), ('17', '734'), ('17', '770'), ('17', '794'), ('17', '800'), ('17', '853'), ('17', '873'), ('17', '874'), ('17', '880'), ('17', '948'), ('17', '957'), ('17', '959'), ('18', '44'), ('18', '84'), ('18', '144'), ('18', '172'), ('18', '268'), ('18', '279'), ('18', '280'), ('18', '321'), ('18', '386'), ('18', '460'), ('18', '462'), ('18', '484'), ('18', '536'), ('18', '561'), ('18', '612'), ('18', '717'), ('18', '808'), ('18', '842'), ('18', '863'), ('18', '883'), ('18', '917'), ('18', '944'), ('19', '2'), ('19', '3'), ('19', '144'), ('19', '152'), ('19', '182'), ('19', '208'), ('19', '212'), ('19', '217'), ('19', '266'), ('19', '404'), ('19', '428'), ('19', '473'), ('19', '490'), ('19', '510'), ('19', '513'), ('19', '644'), ('19', '670'), ('19', '673'), ('19', '711'), ('19', '750'), ('19', '752'), ('19', '756'), ('19', '771'), ('19', '785'), ('19', '877'), ('20', '1'), ('20', '54'), ('20', '63'), ('20', '140'), ('20', '146'), ('20', '165'), ('20', '231'), ('20', '243'), ('20', '269'), ('20', '274'), ('20', '348'), ('20', '366'), ('20', '445'), ('20', '478'), ('20', '492'), ('20', '499'), ('20', '527'), ('20', '531'), ('20', '538'), ('20', '589'), ('20', '643'), ('20', '652'), ('20', '663'), ('20', '714'), ('20', '717'), ('20', '757'), ('20', '784'), ('20', '863'), ('20', '962'), ('20', '977'), ('21', '6'), ('21', '87'), ('21', '88'), ('21', '142'), ('21', '159'), ('21', '179'), ('21', '253'), ('21', '281'), ('21', '321'), ('21', '398'), ('21', '426'), ('21', '429'), ('21', '497'), ('21', '507'), ('21', '530'), ('21', '680'), ('21', '686'), ('21', '700'), ('21', '702'), ('21', '733'), ('21', '734'), ('21', '798'), ('21', '804'), ('21', '887'), ('21', '893'), ('21', '920'), ('21', '983'), ('22', '9'), ('22', '23'), ('22', '56'), ('22', '89'), ('22', '111'), ('22', '146'), ('22', '291'), ('22', '294'), ('22', '349'), ('22', '369'), ('22', '418'), ('22', '430'), ('22', '483'), ('22', '491'), ('22', '495'), ('22', '536'), ('22', '600'), ('22', '634'), ('22', '648'), ('22', '688'), ('22', '731'), ('22', '742'), ('22', '775'), ('22', '802'), ('22', '912'), ('22', '964'), ('23', '6'), ('23', '42'), ('23', '78'), ('23', '105'), ('23', '116'), ('23', '117'), ('23', '125'), ('23', '212'), ('23', '226'), ('23', '235'), ('23', '254'), ('23', '367'), ('23', '370'), ('23', '414'), ('23', '419'), ('23', '435'), ('23', '449'), ('23', '491'), ('23', '536'), ('23', '549'), ('23', '636'), ('23', '649'), ('23', '673'), ('23', '691'), ('23', '766'), ('23', '782'), ('23', '804'), ('23', '820'), ('23', '826'), ('23', '833'), ('23', '842'), ('23', '853'), ('23', '855'), ('23', '856'), ('23', '935'), ('23', '981'), ('23', '997'), ('24', '3'), ('24', '83'), ('24', '112'), ('24', '126'), ('24', '148'), ('24', '164'), ('24', '178'), ('24', '194'), ('24', '199'), ('24', '242'), ('24', '256'), ('24', '277'), ('24', '335'), ('24', '405'), ('24', '463'), ('24', '515'), ('24', '585'), ('24', '603'), ('24', '653'), ('24', '704'), ('24', '781'), ('24', '829'), ('24', '832'), ('24', '969'), ('25', '21'), ('25', '86'), ('25', '153'), ('25', '179'), ('25', '204'), ('25', '213'), ('25', '226'), ('25', '245'), ('25', '311'), ('25', '404'), ('25', '411'), ('25', '420'), ('25', '538'), ('25', '564'), ('25', '583'), ('25', '606'), ('25', '688'), ('25', '697'), ('25', '755'), ('25', '871'), ('25', '914'), ('26', '9'), ('26', '21'), ('26', '34'), ('26', '90'), ('26', '93'), ('26', '103'), ('26', '147'), ('26', '186'), ('26', '201'), ('26', '225'), ('26', '241'), ('26', '327'), ('26', '329'), ('26', '340'), ('26', '345'), ('26', '390'), ('26', '392'), ('26', '529'), ('26', '544'), ('26', '564'), ('26', '635'), ('26', '644'), ('26', '682'), ('26', '688'), ('26', '715'), ('26', '732'), ('26', '758'), ('26', '764'), ('26', '795'), ('26', '821'), ('26', '885'), ('26', '904'), ('26', '906'), ('27', '19'), ('27', '34'), ('27', '85'), ('27', '150'), ('27', '172'), ('27', '273'), ('27', '334'), ('27', '347'), ('27', '359'), ('27', '398'), ('27', '415'), ('27', '462'), ('27', '477'), ('27', '500'), ('27', '503'), ('27', '540'), ('27', '586'), ('27', '593'), ('27', '637'), ('27', '679'), ('27', '682'), ('27', '695'), ('27', '771'), ('27', '805'), ('27', '830'), ('27', '854'), ('27', '873'), ('27', '880'), ('27', '889'), ('27', '904'), ('27', '967'), ('27', '986'), ('27', '996'), ('28', '14'), ('28', '43'), ('28', '58'), ('28', '74'), ('28', '96'), ('28', '107'), ('28', '259'), ('28', '263'), ('28', '287'), ('28', '358'), ('28', '502'), ('28', '508'), ('28', '532'), ('28', '551'), ('28', '574'), ('28', '597'), ('28', '619'), ('28', '625'), ('28', '652'), ('28', '679'), ('28', '743'), ('28', '790'), ('28', '793'), ('28', '816'), ('28', '827'), ('28', '835'), ('28', '879'), ('28', '908'), ('28', '953'), ('28', '973'), ('28', '994'), ('29', '10'), ('29', '79'), ('29', '105'), ('29', '110'), ('29', '131'), ('29', '133'), ('29', '172'), ('29', '226'), ('29', '273'), ('29', '282'), ('29', '296'), ('29', '311'), ('29', '335'), ('29', '342'), ('29', '436'), ('29', '444'), ('29', '449'), ('29', '462'), ('29', '482'), ('29', '488'), ('29', '519'), ('29', '547'), ('29', '590'), ('29', '646'), ('29', '723'), ('29', '812'), ('29', '862'), ('29', '928'), ('29', '944'), ('30', '1'), ('30', '53'), ('30', '64'), ('30', '69'), ('30', '77'), ('30', '87'), ('30', '260'), ('30', '262'), ('30', '286'), ('30', '292'), ('30', '301'), ('30', '318'), ('30', '321'), ('30', '357'), ('30', '565'), ('30', '732'), ('30', '797'), ('30', '838'), ('30', '945'), ('31', '88'), ('31', '146'), ('31', '163'), ('31', '164'), ('31', '188'), ('31', '299'), ('31', '308'), ('31', '368'), ('31', '380'), ('31', '431'), ('31', '585'), ('31', '637'), ('31', '700'), ('31', '739'), ('31', '793'), ('31', '802'), ('31', '880'), ('31', '978'), ('32', '65'), ('32', '84'), ('32', '103'), ('32', '112'), ('32', '136'), ('32', '197'), ('32', '199'), ('32', '219'), ('32', '309'), ('32', '312'), ('32', '401'), ('32', '427'), ('32', '431'), ('32', '523'), ('32', '567'), ('32', '585'), ('32', '606'), ('32', '651'), ('32', '667'), ('32', '669'), ('32', '815'), ('32', '928'), ('32', '980'), ('33', '56'), ('33', '112'), ('33', '135'), ('33', '154'), ('33', '214'), ('33', '252'), ('33', '305'), ('33', '306'), ('33', '473'), ('33', '489'), ('33', '574'), ('33', '618'), ('33', '667'), ('33', '694'), ('33', '712'), ('33', '735'), ('33', '737'), ('33', '754'), ('33', '775'), ('33', '878'), ('33', '881'), ('33', '965'), ('33', '972'), ('33', '993'), ('34', '43'), ('34', '90'), ('34', '119'), ('34', '125'), ('34', '172'), ('34', '182'), ('34', '244'), ('34', '336'), ('34', '389'), ('34', '393'), ('34', '438'), ('34', '493'), ('34', '502'), ('34', '525'), ('34', '668'), ('34', '720'), ('34', '779'), ('34', '788'), ('34', '794'), ('34', '836'), ('34', '846'), ('34', '853'), ('34', '929'), ('34', '950'), ('34', '971'), ('35', '10'), ('35', '35'), ('35', '52'), ('35', '201'), ('35', '256'), ('35', '389'), ('35', '589'), ('35', '612'), ('35', '615'), ('35', '707'), ('35', '732'), ('35', '738'), ('35', '748'), ('35', '817'), ('35', '914'), ('36', '15'), ('36', '81'), ('36', '171'), ('36', '231'), ('36', '245'), ('36', '283'), ('36', '380'), ('36', '381'), ('36', '387'), ('36', '390'), ('36', '410'), ('36', '426'), ('36', '427'), ('36', '453'), ('36', '466'), ('36', '484'), ('36', '493'), ('36', '499'), ('36', '569'), ('36', '590'), ('36', '600'), ('36', '714'), ('36', '715'), ('36', '716'), ('36', '731'), ('36', '875'), ('36', '915'), ('36', '931'), ('36', '956'), ('37', '10'), ('37', '12'), ('37', '19'), ('37', '118'), ('37', '119'), ('37', '122'), ('37', '146'), ('37', '204'), ('37', '253'), ('37', '260'), ('37', '277'), ('37', '317'), ('37', '467'), ('37', '477'), ('37', '485'), ('37', '508'), ('37', '529'), ('37', '553'), ('37', '555'), ('37', '572'), ('37', '588'), ('37', '662'), ('37', '663'), ('37', '694'), ('37', '697'), ('37', '785'), ('37', '839'), ('37', '840'), ('37', '853'), ('37', '900'), ('37', '925'), ('37', '963'), ('37', '966'), ('37', '989'), ('37', '997'), ('38', '24'), ('38', '111'), ('38', '160'), ('38', '176'), ('38', '223'), ('38', '241'), ('38', '274'), ('38', '335'), ('38', '338'), ('38', '353'), ('38', '448'), ('38', '450'), ('38', '458'), ('38', '501'), ('38', '516'), ('38', '547'), ('38', '583'), ('38', '618'), ('38', '619'), ('38', '705'), ('38', '793'), ('38', '827'), ('38', '839'), ('38', '853'), ('38', '876'), ('39', '71'), ('39', '73'), ('39', '168'), ('39', '203'), ('39', '222'), ('39', '290'), ('39', '293'), ('39', '320'), ('39', '415'), ('39', '425'), ('39', '431'), ('39', '456'), ('39', '476'), ('39', '559'), ('39', '587'), ('39', '598'), ('39', '606'), ('39', '648'), ('39', '683'), ('39', '689'), ('39', '696'), ('39', '700'), ('39', '703'), ('39', '736'), ('39', '772'), ('39', '815'), ('39', '831'), ('39', '920'), ('40', '1'), ('40', '11'), ('40', '34'), ('40', '107'), ('40', '128'), ('40', '163'), ('40', '177'), ('40', '223'), ('40', '233'), ('40', '326'), ('40', '374'), ('40', '394'), ('40', '396'), ('40', '463'), ('40', '466'), ('40', '494'), ('40', '521'), ('40', '723'), ('40', '737'), ('40', '744'), ('40', '747'), ('40', '754'), ('40', '799'), ('40', '835'), ('40', '868'), ('40', '869'), ('40', '887'), ('40', '933'), ('40', '938'), ('41', '4'), ('41', '60'), ('41', '69'), ('41', '86'), ('41', '100'), ('41', '150'), ('41', '159'), ('41', '194'), ('41', '203'), ('41', '212'), ('41', '230'), ('41', '249'), ('41', '252'), ('41', '305'), ('41', '336'), ('41', '383'), ('41', '544'), ('41', '596'), ('41', '657'), ('41', '674'), ('41', '678'), ('41', '721'), ('41', '724'), ('41', '779'), ('41', '784'), ('41', '799'), ('41', '894'), ('41', '912'), ('41', '942'), ('42', '24'), ('42', '139'), ('42', '309'), ('42', '320'), ('42', '333'), ('42', '500'), ('42', '502'), ('42', '505'), ('42', '527'), ('42', '535'), ('42', '546'), ('42', '568'), ('42', '648'), ('42', '665'), ('42', '673'), ('42', '687'), ('42', '713'), ('42', '738'), ('42', '798'), ('42', '861'), ('42', '865'), ('42', '867'), ('42', '876'), ('42', '890'), ('42', '907'), ('42', '922'), ('42', '932'), ('43', '19'), ('43', '42'), ('43', '56'), ('43', '89'), ('43', '105'), ('43', '147'), ('43', '161'), ('43', '180'), ('43', '239'), ('43', '276'), ('43', '330'), ('43', '344'), ('43', '359'), ('43', '377'), ('43', '410'), ('43', '462'), ('43', '533'), ('43', '598'), ('43', '605'), ('43', '608'), ('43', '621'), ('43', '753'), ('43', '827'), ('43', '833'), ('43', '917'), ('43', '958'), ('44', '58'), ('44', '84'), ('44', '88'), ('44', '94'), ('44', '109'), ('44', '176'), ('44', '242'), ('44', '273'), ('44', '322'), ('44', '420'), ('44', '434'), ('44', '490'), ('44', '591'), ('44', '598'), ('44', '604'), ('44', '699'), ('44', '751'), ('44', '784'), ('44', '825'), ('44', '854'), ('44', '875'), ('44', '878'), ('44', '883'), ('44', '896'), ('44', '902'), ('44', '937'), ('44', '944'), ('44', '952'), ('44', '982'), ('44', '998'), ('45', '18'), ('45', '65'), ('45', '66'), ('45', '115'), ('45', '117'), ('45', '164'), ('45', '187'), ('45', '198'), ('45', '219'), ('45', '330'), ('45', '407'), ('45', '416'), ('45', '463'), ('45', '467'), ('45', '484'), ('45', '502'), ('45', '503'), ('45', '508'), ('45', '537'), ('45', '680'), ('45', '714'), ('45', '767'), ('45', '778'), ('45', '797'), ('45', '810'), ('45', '895'), ('45', '900'), ('45', '901'), ('45', '920'), ('45', '925'), ('45', '975'), ('45', '978'), ('46', '38'), ('46', '51'), ('46', '174'), ('46', '254'), ('46', '296'), ('46', '319'), ('46', '407'), ('46', '448'), ('46', '456'), ('46', '463'), ('46', '478'), ('46', '538'), ('46', '540'), ('46', '567'), ('46', '731'), ('46', '766'), ('46', '768'), ('46', '820'), ('46', '829'), ('46', '830'), ('46', '836'), ('46', '889'), ('46', '980'), ('46', '991'), ('47', '25'), ('47', '36'), ('47', '53'), ('47', '67'), ('47', '172'), ('47', '233'), ('47', '273'), ('47', '351'), ('47', '385'), ('47', '484'), ('47', '508'), ('47', '576'), ('47', '670'), ('47', '734'), ('47', '737'), ('47', '770'), ('47', '777'), ('47', '787'), ('47', '790'), ('47', '913'), ('47', '923'), ('47', '924'), ('47', '944'), ('47', '973'), ('48', '99'), ('48', '101'), ('48', '134'), ('48', '150'), ('48', '164'), ('48', '211'), ('48', '245'), ('48', '267'), ('48', '287'), ('48', '295'), ('48', '312'), ('48', '315'), ('48', '345'), ('48', '349'), ('48', '428'), ('48', '506'), ('48', '545'), ('48', '559'), ('48', '570'), ('48', '599'), ('48', '645'), ('48', '705'), ('48', '757'), ('48', '792'), ('48', '922'), ('48', '926'), ('49', '31'), ('49', '151'), ('49', '195'), ('49', '207'), ('49', '250'), ('49', '282'), ('49', '348'), ('49', '391'), ('49', '400'), ('49', '407'), ('49', '423'), ('49', '433'), ('49', '469'), ('49', '506'), ('49', '542'), ('49', '558'), ('49', '579'), ('49', '595'), ('49', '662'), ('49', '709'), ('49', '716'), ('49', '725'), ('49', '729'), ('49', '811'), ('49', '927'), ('49', '977'), ('49', '980'), ('50', '111'), ('50', '178'), ('50', '243'), ('50', '248'), ('50', '274'), ('50', '288'), ('50', '303'), ('50', '306'), ('50', '327'), ('50', '372'), ('50', '401'), ('50', '417'), ('50', '420'), ('50', '437'), ('50', '476'), ('50', '504'), ('50', '520'), ('50', '552'), ('50', '591'), ('50', '621'), ('50', '632'), ('50', '645'), ('50', '672'), ('50', '717'), ('50', '732'), ('50', '795'), ('50', '829'), ('50', '840'), ('50', '897'), ('50', '918'), ('50', '924'), ('50', '957'), ('51', '5'), ('51', '63'), ('51', '103'), ('51', '112'), ('51', '121'), ('51', '153'), ('51', '395'), ('51', '408'), ('51', '420'), ('51', '461'), ('51', '490'), ('51', '525'), ('51', '627'), ('51', '678'), ('51', '733'), ('51', '734'), ('51', '737'), ('51', '750'), ('51', '847'), ('51', '891'), ('51', '895'), ('51', '940'), ('51', '974'), ('51', '990'), ('51', '993'), ('52', '20'), ('52', '92'), ('52', '96'), ('52', '108'), ('52', '203'), ('52', '249'), ('52', '341'), ('52', '376'), ('52', '388'), ('52', '407'), ('52', '424'), ('52', '474'), ('52', '515'), ('52', '517'), ('52', '584'), ('52', '596'), ('52', '664'), ('52', '675'), ('52', '689'), ('52', '714'), ('52', '812'), ('52', '878'), ('52', '879'), ('52', '915'), ('52', '951'), ('52', '999'), ('53', '1'), ('53', '9'), ('53', '51'), ('53', '58'), ('53', '109'), ('53', '122'), ('53', '126'), ('53', '181'), ('53', '256'), ('53', '268'), ('53', '285'), ('53', '307'), ('53', '358'), ('53', '386'), ('53', '447'), ('53', '465'), ('53', '490'), ('53', '492'), ('53', '508'), ('53', '518'), ('53', '573'), ('53', '576'), ('53', '577'), ('53', '697'), ('53', '725'), ('53', '727'), ('53', '937'), ('53', '947'), ('53', '961'), ('53', '980'), ('54', '84'), ('54', '129'), ('54', '150'), ('54', '184'), ('54', '285'), ('54', '292'), ('54', '301'), ('54', '348'), ('54', '489'), ('54', '510'), ('54', '524'), ('54', '546'), ('54', '600'), ('54', '636'), ('54', '649'), ('54', '658'), ('54', '754'), ('54', '764'), ('54', '842'), ('54', '858'), ('54', '861'), ('54', '913'), ('54', '970'), ('54', '988'), ('54', '990'), ('55', '8'), ('55', '27'), ('55', '75'), ('55', '197'), ('55', '307'), ('55', '320'), ('55', '340'), ('55', '403'), ('55', '485'), ('55', '486'), ('55', '603'), ('55', '612'), ('55', '620'), ('55', '709'), ('55', '776'), ('55', '790'), ('55', '815'), ('55', '827'), ('55', '930'), ('55', '963'), ('56', '63'), ('56', '87'), ('56', '226'), ('56', '236'), ('56', '298'), ('56', '307'), ('56', '354'), ('56', '383'), ('56', '417'), ('56', '421'), ('56', '457'), ('56', '462'), ('56', '474'), ('56', '521'), ('56', '593'), ('56', '728'), ('56', '750'), ('56', '769'), ('56', '781'), ('56', '795'), ('56', '844'), ('56', '851'), ('56', '862'), ('56', '868'), ('56', '892'), ('56', '893'), ('56', '936'), ('56', '965'), ('57', '16'), ('57', '34'), ('57', '101'), ('57', '114'), ('57', '122'), ('57', '134'), ('57', '144'), ('57', '153'), ('57', '192'), ('57', '213'), ('57', '258'), ('57', '267'), ('57', '317'), ('57', '340'), ('57', '393'), ('57', '437'), ('57', '447'), ('57', '502'), ('57', '592'), ('57', '605'), ('57', '637'), ('57', '685'), ('57', '707'), ('57', '714'), ('57', '717'), ('57', '737'), ('57', '767'), ('57', '852'), ('57', '891'), ('57', '918'), ('58', '48'), ('58', '68'), ('58', '119'), ('58', '128'), ('58', '135'), ('58', '175'), ('58', '199'), ('58', '235'), ('58', '242'), ('58', '243'), ('58', '254'), ('58', '306'), ('58', '316'), ('58', '417'), ('58', '426'), ('58', '460'), ('58', '477'), ('58', '541'), ('58', '549'), ('58', '551'), ('58', '553'), ('58', '578'), ('58', '602'), ('58', '632'), ('58', '635'), ('58', '638'), ('58', '698'), ('58', '726'), ('58', '755'), ('58', '800'), ('58', '856'), ('58', '858'), ('59', '5'), ('59', '46'), ('59', '54'), ('59', '72'), ('59', '88'), ('59', '121'), ('59', '129'), ('59', '130'), ('59', '183'), ('59', '210'), ('59', '241'), ('59', '295'), ('59', '418'), ('59', '572'), ('59', '644'), ('59', '650'), ('59', '689'), ('59', '694'), ('59', '702'), ('59', '713'), ('59', '749'), ('59', '772'), ('59', '853'), ('59', '862'), ('59', '943'), ('59', '946'), ('59', '984'), ('60', '31'), ('60', '85'), ('60', '133'), ('60', '142'), ('60', '177'), ('60', '179'), ('60', '186'), ('60', '222'), ('60', '235'), ('60', '239'), ('60', '253'), ('60', '262'), ('60', '297'), ('60', '299'), ('60', '334'), ('60', '376'), ('60', '423'), ('60', '436'), ('60', '493'), ('60', '534'), ('60', '551'), ('60', '658'), ('60', '665'), ('60', '679'), ('60', '754'), ('60', '771'), ('60', '783'), ('60', '784'), ('60', '805'), ('60', '830'), ('60', '835'), ('60', '928'), ('60', '952'), ('60', '971'), ('60', '986'), ('61', '235'), ('61', '237'), ('61', '307'), ('61', '362'), ('61', '372'), ('61', '374'), ('61', '423'), ('61', '433'), ('61', '508'), ('61', '518'), ('61', '519'), ('61', '535'), ('61', '537'), ('61', '585'), ('61', '639'), ('61', '648'), ('61', '649'), ('61', '703'), ('61', '752'), ('61', '766'), ('61', '767'), ('61', '780'), ('61', '831'), ('61', '832'), ('61', '990'), ('62', '6'), ('62', '42'), ('62', '54'), ('62', '100'), ('62', '101'), ('62', '129'), ('62', '198'), ('62', '211'), ('62', '231'), ('62', '272'), ('62', '295'), ('62', '337'), ('62', '375'), ('62', '385'), ('62', '393'), ('62', '398'), ('62', '406'), ('62', '413'), ('62', '428'), ('62', '445'), ('62', '457'), ('62', '465'), ('62', '688'), ('62', '707'), ('62', '719'), ('62', '951'), ('62', '981'), ('62', '988'), ('62', '990'), ('63', '73'), ('63', '134'), ('63', '167'), ('63', '208'), ('63', '225'), ('63', '248'), ('63', '249'), ('63', '278'), ('63', '392'), ('63', '517'), ('63', '633'), ('63', '763'), ('63', '781'), ('63', '809'), ('63', '893'), ('63', '932'), ('63', '944'), ('63', '945'), ('63', '981'), ('64', '3'), ('64', '10'), ('64', '37'), ('64', '87'), ('64', '88'), ('64', '124'), ('64', '197'), ('64', '280'), ('64', '291'), ('64', '307'), ('64', '335'), ('64', '345'), ('64', '448'), ('64', '469'), ('64', '471'), ('64', '506'), ('64', '543'), ('64', '557'), ('64', '569'), ('64', '572'), ('64', '597'), ('64', '616'), ('64', '646'), ('64', '694'), ('64', '832'), ('64', '852'), ('64', '860'), ('64', '921'), ('64', '925'), ('64', '980'), ('65', '39'), ('65', '46'), ('65', '97'), ('65', '106'), ('65', '117'), ('65', '125'), ('65', '158'), ('65', '276'), ('65', '305'), ('65', '338'), ('65', '347'), ('65', '371'), ('65', '398'), ('65', '471'), ('65', '475'), ('65', '476'), ('65', '491'), ('65', '496'), ('65', '516'), ('65', '517'), ('65', '541'), ('65', '556'), ('65', '571'), ('65', '577'), ('65', '615'), ('65', '658'), ('65', '683'), ('65', '694'), ('65', '714'), ('65', '735'), ('65', '852'), ('65', '938'), ('65', '951'), ('65', '965'), ('66', '55'), ('66', '143'), ('66', '207'), ('66', '226'), ('66', '229'), ('66', '230'), ('66', '283'), ('66', '300'), ('66', '342'), ('66', '350'), ('66', '361'), ('66', '376'), ('66', '424'), ('66', '434'), ('66', '553'), ('66', '608'), ('66', '676'), ('66', '697'), ('66', '706'), ('66', '725'), ('66', '769'), ('66', '793'), ('66', '829'), ('66', '871'), ('66', '909'), ('66', '915'), ('66', '928'), ('66', '951'), ('66', '957'), ('66', '960'), ('66', '999'), ('67', '24'), ('67', '57'), ('67', '67'), ('67', '144'), ('67', '242'), ('67', '244'), ('67', '256'), ('67', '408'), ('67', '477'), ('67', '496'), ('67', '512'), ('67', '576'), ('67', '601'), ('67', '725'), ('67', '726'), ('67', '731'), ('67', '766'), ('67', '861'), ('67', '870'), ('67', '915'), ('67', '945'), ('67', '972'), ('67', '981'), ('68', '9'), ('68', '45'), ('68', '133'), ('68', '161'), ('68', '205'), ('68', '213'), ('68', '215'), ('68', '255'), ('68', '296'), ('68', '315'), ('68', '325'), ('68', '331'), ('68', '347'), ('68', '357'), ('68', '378'), ('68', '380'), ('68', '386'), ('68', '396'), ('68', '435'), ('68', '497'), ('68', '607'), ('68', '654'), ('68', '665'), ('68', '671'), ('68', '706'), ('68', '747'), ('68', '834'), ('68', '839'), ('68', '840'), ('68', '971'), ('69', '15'), ('69', '88'), ('69', '111'), ('69', '202'), ('69', '236'), ('69', '292'), ('69', '300'), ('69', '306'), ('69', '374'), ('69', '396'), ('69', '452'), ('69', '466'), ('69', '529'), ('69', '612'), ('69', '720'), ('69', '722'), ('69', '761'), ('69', '791'), ('69', '864'), ('69', '877'), ('69', '914'), ('70', '50'), ('70', '53'), ('70', '92'), ('70', '202'), ('70', '227'), ('70', '249'), ('70', '290'), ('70', '304'), ('70', '343'), ('70', '414'), ('70', '453'), ('70', '466'), ('70', '504'), ('70', '584'), ('70', '628'), ('70', '654'), ('70', '725'), ('70', '823'), ('70', '834'), ('70', '856'), ('70', '869'), ('70', '953'), ('70', '964'), ('71', '26'), ('71', '52'), ('71', '233'), ('71', '317'), ('71', '359'), ('71', '362'), ('71', '385'), ('71', '399'), ('71', '450'), ('71', '532'), ('71', '560'), ('71', '574'), ('71', '638'), ('71', '773'), ('71', '833'), ('71', '874'), ('71', '918'), ('71', '956'), ('72', '34'), ('72', '144'), ('72', '237'), ('72', '249'), ('72', '286'), ('72', '296'), ('72', '325'), ('72', '331'), ('72', '405'), ('72', '450'), ('72', '550'), ('72', '609'), ('72', '623'), ('72', '636'), ('72', '640'), ('72', '665'), ('72', '718'), ('72', '743'), ('72', '757'), ('72', '773'), ('72', '854'), ('72', '865'), ('72', '938'), ('72', '956'), ('72', '964'), ('72', '969'), ('73', '36'), ('73', '45'), ('73', '51'), ('73', '77'), ('73', '148'), ('73', '245'), ('73', '275'), ('73', '322'), ('73', '374'), ('73', '379'), ('73', '467'), ('73', '548'), ('73', '561'), ('73', '562'), ('73', '565'), ('73', '627'), ('73', '666'), ('73', '667'), ('73', '707'), ('73', '748'), ('73', '772'), ('73', '823'), ('73', '936'), ('73', '946'), ('73', '950'), ('73', '998'), ('74', '28'), ('74', '44'), ('74', '117'), ('74', '185'), ('74', '192'), ('74', '203'), ('74', '263'), ('74', '321'), ('74', '415'), ('74', '484'), ('74', '503'), ('74', '537'), ('74', '543'), ('74', '617'), ('74', '626'), ('74', '637'), ('74', '663'), ('74', '704'), ('74', '720'), ('74', '747'), ('74', '780'), ('74', '804'), ('74', '834'), ('74', '836'), ('74', '848'), ('74', '872'), ('74', '902'), ('74', '956'), ('75', '12'), ('75', '34'), ('75', '143'), ('75', '170'), ('75', '222'), ('75', '301'), ('75', '347'), ('75', '372'), ('75', '436'), ('75', '445'), ('75', '446'), ('75', '492'), ('75', '498'), ('75', '508'), ('75', '541'), ('75', '547'), ('75', '579'), ('75', '645'), ('75', '667'), ('75', '744'), ('75', '764'), ('75', '780'), ('75', '870'), ('75', '920'), ('76', '60'), ('76', '66'), ('76', '68'), ('76', '95'), ('76', '122'), ('76', '187'), ('76', '223'), ('76', '234'), ('76', '251'), ('76', '348'), ('76', '444'), ('76', '464'), ('76', '474'), ('76', '498'), ('76', '568'), ('76', '604'), ('76', '606'), ('76', '642'), ('76', '648'), ('76', '650'), ('76', '709'), ('76', '760'), ('76', '765'), ('76', '781'), ('76', '850'), ('76', '862'), ('76', '866'), ('76', '870'), ('76', '912'), ('76', '935'), ('76', '958'), ('77', '13'), ('77', '22'), ('77', '40'), ('77', '73'), ('77', '78'), ('77', '153'), ('77', '224'), ('77', '240'), ('77', '245'), ('77', '261'), ('77', '343'), ('77', '442'), ('77', '458'), ('77', '538'), ('77', '566'), ('77', '612'), ('77', '635'), ('77', '694'), ('77', '749'), ('77', '938'), ('77', '943'), ('77', '963'), ('77', '969'), ('77', '993'), ('78', '86'), ('78', '239'), ('78', '260'), ('78', '261'), ('78', '265'), ('78', '301'), ('78', '387'), ('78', '393'), ('78', '428'), ('78', '457'), ('78', '505'), ('78', '520'), ('78', '530'), ('78', '549'), ('78', '552'), ('78', '599'), ('78', '670'), ('78', '674'), ('78', '689'), ('78', '762'), ('78', '767'), ('78', '811'), ('78', '852'), ('78', '880'), ('78', '963'), ('78', '968'), ('79', '32'), ('79', '33'), ('79', '40'), ('79', '141'), ('79', '205'), ('79', '230'), ('79', '242'), ('79', '262'), ('79', '267'), ('79', '269'), ('79', '299'), ('79', '367'), ('79', '428'), ('79', '430'), ('79', '473'), ('79', '607'), ('79', '628'), ('79', '634'), ('79', '646'), ('79', '727'), ('79', '750'), ('79', '753'), ('79', '769'), ('79', '776'), ('79', '788'), ('79', '840'), ('79', '853'), ('79', '916'), ('80', '69'), ('80', '118'), ('80', '124'), ('80', '175'), ('80', '207'), ('80', '212'), ('80', '260'), ('80', '262'), ('80', '280'), ('80', '341'), ('80', '342'), ('80', '343'), ('80', '362'), ('80', '436'), ('80', '475'), ('80', '553'), ('80', '619'), ('80', '622'), ('80', '680'), ('80', '687'), ('80', '688'), ('80', '709'), ('80', '788'), ('80', '807'), ('80', '858'), ('80', '888'), ('80', '941'), ('80', '979'), ('81', '4'), ('81', '11'), ('81', '59'), ('81', '89'), ('81', '178'), ('81', '186'), ('81', '194'), ('81', '215'), ('81', '219'), ('81', '232'), ('81', '260'), ('81', '267'), ('81', '268'), ('81', '304'), ('81', '332'), ('81', '389'), ('81', '398'), ('81', '453'), ('81', '458'), ('81', '465'), ('81', '505'), ('81', '508'), ('81', '527'), ('81', '545'), ('81', '564'), ('81', '578'), ('81', '579'), ('81', '613'), ('81', '619'), ('81', '643'), ('81', '692'), ('81', '710'), ('81', '729'), ('81', '761'), ('81', '827'), ('81', '910'), ('82', '17'), ('82', '33'), ('82', '104'), ('82', '143'), ('82', '188'), ('82', '242'), ('82', '247'), ('82', '290'), ('82', '306'), ('82', '316'), ('82', '344'), ('82', '453'), ('82', '468'), ('82', '480'), ('82', '497'), ('82', '503'), ('82', '527'), ('82', '551'), ('82', '561'), ('82', '750'), ('82', '787'), ('82', '802'), ('82', '838'), ('82', '839'), ('82', '870'), ('82', '877'), ('82', '893'), ('82', '911'), ('82', '954'), ('82', '978'), ('82', '985'), ('83', '49'), ('83', '52'), ('83', '58'), ('83', '110'), ('83', '120'), ('83', '121'), ('83', '135'), ('83', '165'), ('83', '217'), ('83', '247'), ('83', '249'), ('83', '263'), ('83', '268'), ('83', '279'), ('83', '281'), ('83', '339'), ('83', '340'), ('83', '369'), ('83', '412'), ('83', '519'), ('83', '529'), ('83', '615'), ('83', '631'), ('83', '655'), ('83', '672'), ('83', '686'), ('83', '719'), ('83', '764'), ('83', '777'), ('83', '784'), ('83', '833'), ('83', '873'), ('83', '932'), ('84', '19'), ('84', '39'), ('84', '46'), ('84', '175'), ('84', '238'), ('84', '281'), ('84', '290'), ('84', '312'), ('84', '317'), ('84', '413'), ('84', '414'), ('84', '460'), ('84', '479'), ('84', '491'), ('84', '529'), ('84', '540'), ('84', '566'), ('84', '574'), ('84', '589'), ('84', '616'), ('84', '646'), ('84', '703'), ('84', '729'), ('84', '764'), ('84', '782'), ('84', '809'), ('84', '830'), ('84', '843'), ('84', '887'), ('84', '975'), ('84', '996'), ('85', '2'), ('85', '14'), ('85', '72'), ('85', '85'), ('85', '92'), ('85', '148'), ('85', '216'), ('85', '290'), ('85', '296'), ('85', '297'), ('85', '337'), ('85', '383'), ('85', '421'), ('85', '446'), ('85', '461'), ('85', '475'), ('85', '478'), ('85', '522'), ('85', '543'), ('85', '558'), ('85', '591'), ('85', '630'), ('85', '678'), ('85', '711'), ('85', '761'), ('85', '812'), ('85', '869'), ('85', '875'), ('85', '895'), ('85', '957'), ('85', '960'), ('86', '137'), ('86', '163'), ('86', '196'), ('86', '216'), ('86', '249'), ('86', '303'), ('86', '331'), ('86', '364'), ('86', '391'), ('86', '432'), ('86', '482'), ('86', '486'), ('86', '519'), ('86', '520'), ('86', '548'), ('86', '623'), ('86', '631'), ('86', '636'), ('86', '752'), ('86', '760'), ('86', '808'), ('86', '857'), ('86', '878'), ('86', '893'), ('86', '905'), ('86', '923'), ('86', '929'), ('87', '48'), ('87', '157'), ('87', '161'), ('87', '199'), ('87', '207'), ('87', '250'), ('87', '253'), ('87', '312'), ('87', '421'), ('87', '570'), ('87', '599'), ('87', '606'), ('87', '654'), ('87', '679'), ('87', '706'), ('87', '718'), ('87', '721'), ('87', '830'), ('87', '870'), ('87', '952'), ('87', '961'), ('88', '4'), ('88', '76'), ('88', '87'), ('88', '128'), ('88', '170'), ('88', '193'), ('88', '234'), ('88', '304'), ('88', '602'), ('88', '620'), ('88', '668'), ('88', '717'), ('88', '785'), ('88', '819'), ('88', '839'), ('88', '881'), ('88', '908'), ('88', '929'), ('88', '940'), ('88', '968'), ('89', '47'), ('89', '103'), ('89', '117'), ('89', '162'), ('89', '182'), ('89', '187'), ('89', '212'), ('89', '254'), ('89', '266'), ('89', '306'), ('89', '342'), ('89', '406'), ('89', '410'), ('89', '446'), ('89', '473'), ('89', '488'), ('89', '529'), ('89', '542'), ('89', '564'), ('89', '697'), ('89', '833'), ('89', '864'), ('89', '970'), ('89', '976'), ('90', '2'), ('90', '11'), ('90', '100'), ('90', '197'), ('90', '212'), ('90', '262'), ('90', '303'), ('90', '330'), ('90', '363'), ('90', '374'), ('90', '384'), ('90', '385'), ('90', '391'), ('90', '406'), ('90', '433'), ('90', '442'), ('90', '451'), ('90', '520'), ('90', '529'), ('90', '542'), ('90', '586'), ('90', '633'), ('90', '663'), ('90', '676'), ('90', '771'), ('90', '817'), ('90', '838'), ('90', '855'), ('90', '858'), ('90', '868'), ('90', '880'), ('90', '901'), ('90', '925'), ('91', '13'), ('91', '25'), ('91', '48'), ('91', '176'), ('91', '181'), ('91', '190'), ('91', '335'), ('91', '416'), ('91', '447'), ('91', '480'), ('91', '493'), ('91', '509'), ('91', '511'), ('91', '608'), ('91', '807'), ('91', '829'), ('91', '849'), ('91', '859'), ('91', '941'), ('91', '982'), ('92', '90'), ('92', '94'), ('92', '103'), ('92', '104'), ('92', '123'), ('92', '137'), ('92', '207'), ('92', '229'), ('92', '338'), ('92', '381'), ('92', '436'), ('92', '443'), ('92', '453'), ('92', '470'), ('92', '505'), ('92', '512'), ('92', '543'), ('92', '545'), ('92', '547'), ('92', '553'), ('92', '564'), ('92', '568'), ('92', '618'), ('92', '662'), ('92', '686'), ('92', '699'), ('92', '712'), ('92', '728'), ('92', '802'), ('92', '825'), ('92', '838'), ('92', '889'), ('92', '929'), ('92', '991'), ('93', '71'), ('93', '120'), ('93', '124'), ('93', '280'), ('93', '325'), ('93', '339'), ('93', '427'), ('93', '445'), ('93', '453'), ('93', '473'), ('93', '573'), ('93', '621'), ('93', '644'), ('93', '678'), ('93', '680'), ('93', '699'), ('93', '744'), ('93', '768'), ('93', '777'), ('93', '835'), ('93', '856'), ('93', '874'), ('93', '909'), ('93', '916'), ('93', '982'), ('94', '13'), ('94', '60'), ('94', '76'), ('94', '122'), ('94', '153'), ('94', '193'), ('94', '206'), ('94', '228'), ('94', '270'), ('94', '275'), ('94', '320'), ('94', '322'), ('94', '337'), ('94', '354'), ('94', '402'), ('94', '428'), ('94', '457'), ('94', '473'), ('94', '475'), ('94', '512'), ('94', '517'), ('94', '521'), ('94', '533'), ('94', '540'), ('94', '548'), ('94', '551'), ('94', '712'), ('94', '713'), ('94', '724'), ('94', '775'), ('94', '788'), ('94', '950'), ('94', '989'), ('95', '22'), ('95', '35'), ('95', '47'), ('95', '52'), ('95', '65'), ('95', '74'), ('95', '126'), ('95', '207'), ('95', '245'), ('95', '294'), ('95', '301'), ('95', '312'), ('95', '329'), ('95', '353'), ('95', '375'), ('95', '420'), ('95', '424'), ('95', '431'), ('95', '498'), ('95', '522'), ('95', '546'), ('95', '551'), ('95', '619'), ('95', '627'), ('95', '690'), ('95', '748'), ('95', '813'), ('95', '828'), ('95', '855'), ('95', '903'), ('95', '923'), ('96', '8'), ('96', '36'), ('96', '40'), ('96', '54'), ('96', '58'), ('96', '66'), ('96', '134'), ('96', '209'), ('96', '244'), ('96', '320'), ('96', '430'), ('96', '452'), ('96', '486'), ('96', '572'), ('96', '590'), ('96', '661'), ('96', '778'), ('96', '832'), ('96', '846'), ('96', '874'), ('96', '945'), ('96', '968'), ('96', '987'), ('97', '143'), ('97', '177'), ('97', '188'), ('97', '197'), ('97', '256'), ('97', '312'), ('97', '342'), ('97', '348'), ('97', '358'), ('97', '370'), ('97', '437'), ('97', '446'), ('97', '466'), ('97', '518'), ('97', '553'), ('97', '561'), ('97', '641'), ('97', '656'), ('97', '728'), ('97', '755'), ('97', '757'), ('97', '826'), ('97', '862'), ('97', '930'), ('97', '933'), ('97', '947'), ('97', '951'), ('98', '66'), ('98', '72'), ('98', '81'), ('98', '87'), ('98', '107'), ('98', '120'), ('98', '183'), ('98', '194'), ('98', '212'), ('98', '297'), ('98', '607'), ('98', '634'), ('98', '686'), ('98', '705'), ('98', '710'), ('98', '721'), ('98', '725'), ('98', '734'), ('98', '738'), ('98', '765'), ('98', '782'), ('98', '824'), ('98', '829'), ('98', '912'), ('98', '955'), ('98', '985'), ('98', '990'), ('99', '7'), ('99', '27'), ('99', '84'), ('99', '250'), ('99', '322'), ('99', '325'), ('99', '381'), ('99', '414'), ('99', '475'), ('99', '490'), ('99', '512'), ('99', '540'), ('99', '572'), ('99', '600'), ('99', '618'), ('99', '620'), ('99', '622'), ('99', '636'), ('99', '672'), ('99', '726'), ('99', '741'), ('99', '796'), ('99', '835'), ('99', '967'), ('99', '978'), ('99', '982'), ('100', '17'), ('100', '118'), ('100', '250'), ('100', '411'), ('100', '414'), ('100', '513'), ('100', '563'), ('100', '642'), ('100', '714'), ('100', '718'), ('100', '759'), ('100', '779'), ('100', '815'), ('100', '846'), ('100', '850'), ('100', '872'), ('100', '877'), ('100', '909'), ('100', '919'), ('100', '944'), ('100', '967'), ('100', '979'), ('100', '991'), ('100', '992'), ('101', '60'), ('101', '66'), ('101', '85'), ('101', '146'), ('101', '189'), ('101', '250'), ('101', '255'), ('101', '263'), ('101', '275'), ('101', '289'), ('101', '491'), ('101', '494'), ('101', '511'), ('101', '568'), ('101', '608'), ('101', '617'), ('101', '655'), ('101', '662'), ('101', '700'), ('101', '702'), ('101', '758'), ('101', '774'), ('101', '787'), ('101', '828'), ('101', '841'), ('101', '928'), ('101', '932'), ('101', '936'), ('101', '941'), ('101', '978'), ('101', '980'), ('101', '984'), ('101', '988'), ('102', '20'), ('102', '34'), ('102', '53'), ('102', '123'), ('102', '124'), ('102', '194'), ('102', '200'), ('102', '205'), ('102', '268'), ('102', '326'), ('102', '329'), ('102', '334'), ('102', '351'), ('102', '418'), ('102', '431'), ('102', '446'), ('102', '485'), ('102', '508'), ('102', '517'), ('102', '521'), ('102', '526'), ('102', '529'), ('102', '544'), ('102', '600'), ('102', '605'), ('102', '606'), ('102', '624'), ('102', '631'), ('102', '712'), ('102', '728'), ('102', '744'), ('102', '796'), ('102', '802'), ('102', '810'), ('102', '828'), ('102', '837'), ('102', '845'), ('102', '852'), ('102', '958'), ('102', '979'), ('102', '980'), ('103', '5'), ('103', '118'), ('103', '130'), ('103', '197'), ('103', '199'), ('103', '206'), ('103', '215'), ('103', '221'), ('103', '271'), ('103', '285'), ('103', '315'), ('103', '318'), ('103', '333'), ('103', '347'), ('103', '356'), ('103', '360'), ('103', '378'), ('103', '437'), ('103', '585'), ('103', '609'), ('103', '639'), ('103', '643'), ('103', '692'), ('103', '735'), ('103', '822'), ('103', '895'), ('103', '903'), ('103', '912'), ('103', '942'), ('103', '956'), ('104', '19'), ('104', '39'), ('104', '40'), ('104', '59'), ('104', '70'), ('104', '136'), ('104', '156'), ('104', '184'), ('104', '198'), ('104', '233'), ('104', '259'), ('104', '287'), ('104', '309'), ('104', '313'), ('104', '394'), ('104', '401'), ('104', '463'), ('104', '506'), ('104', '516'), ('104', '583'), ('104', '600'), ('104', '607'), ('104', '657'), ('104', '677'), ('104', '739'), ('104', '892'), ('104', '904'), ('104', '926'), ('104', '945'), ('104', '984'), ('104', '999'), ('105', '12'), ('105', '15'), ('105', '21'), ('105', '29'), ('105', '42'), ('105', '116'), ('105', '158'), ('105', '239'), ('105', '280'), ('105', '283'), ('105', '315'), ('105', '333'), ('105', '372'), ('105', '377'), ('105', '530'), ('105', '558'), ('105', '561'), ('105', '606'), ('105', '649'), ('105', '686'), ('105', '750'), ('105', '795'), ('105', '831'), ('105', '835'), ('105', '858'), ('105', '864'), ('105', '893'), ('105', '906'), ('105', '910'), ('105', '915'), ('105', '954'), ('105', '990'), ('105', '993'), ('105', '994'), ('106', '44'), ('106', '83'), ('106', '108'), ('106', '126'), ('106', '136'), ('106', '166'), ('106', '189'), ('106', '194'), ('106', '204'), ('106', '229'), ('106', '241'), ('106', '345'), ('106', '365'), ('106', '399'), ('106', '439'), ('106', '457'), ('106', '469'), ('106', '500'), ('106', '505'), ('106', '559'), ('106', '566'), ('106', '585'), ('106', '639'), ('106', '654'), ('106', '659'), ('106', '675'), ('106', '687'), ('106', '752'), ('106', '763'), ('106', '780'), ('106', '858'), ('106', '866'), ('106', '881'), ('106', '894'), ('106', '934'), ('107', '62'), ('107', '112'), ('107', '133'), ('107', '136'), ('107', '138'), ('107', '162'), ('107', '165'), ('107', '172'), ('107', '209'), ('107', '220'), ('107', '239'), ('107', '277'), ('107', '292'), ('107', '338'), ('107', '348'), ('107', '369'), ('107', '388'), ('107', '392'), ('107', '409'), ('107', '430'), ('107', '445'), ('107', '454'), ('107', '458'), ('107', '467'), ('107', '520'), ('107', '534'), ('107', '548'), ('107', '571'), ('107', '574'), ('107', '603'), ('107', '606'), ('107', '637'), ('107', '774'), ('107', '781'), ('107', '796'), ('107', '831'), ('107', '849'), ('107', '859'), ('107', '879'), ('107', '905'), ('107', '973'), ('107', '977'), ('108', '1'), ('108', '6'), ('108', '9'), ('108', '137'), ('108', '208'), ('108', '219'), ('108', '242'), ('108', '278'), ('108', '302'), ('108', '350'), ('108', '378'), ('108', '379'), ('108', '495'), ('108', '507'), ('108', '517'), ('108', '561'), ('108', '567'), ('108', '648'), ('108', '652'), ('108', '655'), ('108', '673'), ('108', '693'), ('108', '696'), ('108', '702'), ('108', '721'), ('108', '733'), ('108', '741'), ('108', '744'), ('108', '887'), ('108', '892'), ('108', '894'), ('108', '920'), ('108', '958'), ('108', '966'), ('109', '12'), ('109', '48'), ('109', '77'), ('109', '157'), ('109', '174'), ('109', '190'), ('109', '243'), ('109', '281'), ('109', '393'), ('109', '463'), ('109', '622'), ('109', '657'), ('109', '694'), ('109', '700'), ('109', '732'), ('109', '753'), ('109', '785'), ('109', '786'), ('109', '863'), ('109', '885'), ('109', '955'), ('109', '967'), ('110', '8'), ('110', '27'), ('110', '62'), ('110', '120'), ('110', '126'), ('110', '156'), ('110', '292'), ('110', '343'), ('110', '360'), ('110', '369'), ('110', '435'), ('110', '513'), ('110', '525'), ('110', '539'), ('110', '545'), ('110', '625'), ('110', '650'), ('110', '801'), ('110', '912'), ('110', '961'), ('110', '987'), ('111', '61'), ('111', '78'), ('111', '98'), ('111', '162'), ('111', '179'), ('111', '194'), ('111', '325'), ('111', '359'), ('111', '382'), ('111', '403'), ('111', '407'), ('111', '414'), ('111', '474'), ('111', '489'), ('111', '508'), ('111', '555'), ('111', '603'), ('111', '608'), ('111', '643'), ('111', '669'), ('111', '679'), ('111', '680'), ('111', '699'), ('111', '731'), ('111', '732'), ('111', '737'), ('111', '744'), ('111', '777'), ('111', '847'), ('111', '894'), ('111', '919'), ('111', '962'), ('111', '973'), ('112', '34'), ('112', '37'), ('112', '151'), ('112', '173'), ('112', '188'), ('112', '231'), ('112', '312'), ('112', '322'), ('112', '443'), ('112', '450'), ('112', '565'), ('112', '603'), ('112', '606'), ('112', '654'), ('112', '666'), ('112', '700'), ('112', '728'), ('112', '772'), ('112', '796'), ('112', '817'), ('112', '829'), ('112', '856'), ('112', '865'), ('112', '869'), ('112', '988'), ('113', '35'), ('113', '84'), ('113', '116'), ('113', '181'), ('113', '218'), ('113', '249'), ('113', '258'), ('113', '292'), ('113', '322'), ('113', '353'), ('113', '403'), ('113', '525'), ('113', '642'), ('113', '656'), ('113', '674'), ('113', '680'), ('113', '700'), ('113', '719'), ('113', '723'), ('113', '726'), ('113', '732'), ('113', '748'), ('113', '838'), ('113', '890'), ('113', '921'), ('113', '969'), ('113', '981'), ('114', '13'), ('114', '68'), ('114', '90'), ('114', '162'), ('114', '188'), ('114', '194'), ('114', '210'), ('114', '237'), ('114', '254'), ('114', '305'), ('114', '339'), ('114', '420'), ('114', '425'), ('114', '452'), ('114', '538'), ('114', '619'), ('114', '757'), ('114', '807'), ('114', '827'), ('114', '841'), ('114', '861'), ('114', '866'), ('114', '913'), ('114', '961'), ('114', '993'), ('115', '49'), ('115', '52'), ('115', '245'), ('115', '246'), ('115', '277'), ('115', '302'), ('115', '379'), ('115', '383'), ('115', '391'), ('115', '428'), ('115', '506'), ('115', '531'), ('115', '607'), ('115', '615'), ('115', '661'), ('115', '671'), ('115', '686'), ('115', '703'), ('115', '714'), ('115', '740'), ('115', '754'), ('115', '846'), ('115', '887'), ('115', '952'), ('115', '955'), ('115', '966'), ('115', '985'), ('115', '994'), ('116', '36'), ('116', '48'), ('116', '88'), ('116', '90'), ('116', '105'), ('116', '128'), ('116', '336'), ('116', '338'), ('116', '384'), ('116', '412'), ('116', '420'), ('116', '451'), ('116', '481'), ('116', '492'), ('116', '584'), ('116', '606'), ('116', '622'), ('116', '647'), ('116', '653'), ('116', '742'), ('116', '784'), ('116', '844'), ('116', '939'), ('116', '956'), ('117', '10'), ('117', '15'), ('117', '42'), ('117', '167'), ('117', '178'), ('117', '190'), ('117', '197'), ('117', '224'), ('117', '246'), ('117', '273'), ('117', '298'), ('117', '316'), ('117', '337'), ('117', '395'), ('117', '423'), ('117', '432'), ('117', '459'), ('117', '468'), ('117', '550'), ('117', '578'), ('117', '707'), ('117', '710'), ('117', '738'), ('117', '739'), ('117', '778'), ('117', '783'), ('117', '785'), ('117', '797'), ('117', '812'), ('117', '831'), ('117', '864'), ('117', '887'), ('117', '926'), ('118', '35'), ('118', '39'), ('118', '41'), ('118', '49'), ('118', '55'), ('118', '136'), ('118', '141'), ('118', '151'), ('118', '311'), ('118', '384'), ('118', '399'), ('118', '499'), ('118', '517'), ('118', '553'), ('118', '558'), ('118', '572'), ('118', '641'), ('118', '656'), ('118', '695'), ('118', '735'), ('118', '788'), ('118', '852'), ('118', '938'), ('118', '957'), ('118', '969'), ('119', '21'), ('119', '49'), ('119', '64'), ('119', '87'), ('119', '143'), ('119', '171'), ('119', '172'), ('119', '173'), ('119', '381'), ('119', '394'), ('119', '412'), ('119', '418'), ('119', '454'), ('119', '509'), ('119', '521'), ('119', '567'), ('119', '570'), ('119', '592'), ('119', '614'), ('119', '636'), ('119', '649'), ('119', '693'), ('119', '738'), ('119', '751'), ('119', '782'), ('119', '786'), ('119', '788'), ('119', '802'), ('119', '858'), ('119', '868'), ('119', '900'), ('119', '939'), ('120', '57'), ('120', '63'), ('120', '144'), ('120', '149'), ('120', '208'), ('120', '231'), ('120', '238'), ('120', '255'), ('120', '414'), ('120', '424'), ('120', '489'), ('120', '513'), ('120', '590'), ('120', '641'), ('120', '642'), ('120', '659'), ('120', '682'), ('120', '691'), ('120', '715'), ('120', '717'), ('120', '722'), ('120', '746'), ('120', '830'), ('120', '894'), ('120', '898'), ('120', '911'), ('120', '994'), ('121', '141'), ('121', '154'), ('121', '161'), ('121', '170'), ('121', '186'), ('121', '198'), ('121', '220'), ('121', '222'), ('121', '284'), ('121', '297'), ('121', '338'), ('121', '353'), ('121', '449'), ('121', '479'), ('121', '517'), ('121', '633'), ('121', '654'), ('121', '658'), ('121', '666'), ('121', '771'), ('121', '780'), ('121', '847'), ('121', '884'), ('121', '885'), ('121', '966'), ('122', '22'), ('122', '29'), ('122', '76'), ('122', '83'), ('122', '157'), ('122', '158'), ('122', '166'), ('122', '227'), ('122', '238'), ('122', '300'), ('122', '307'), ('122', '363'), ('122', '470'), ('122', '489'), ('122', '491'), ('122', '542'), ('122', '620'), ('122', '649'), ('122', '654'), ('122', '673'), ('122', '718'), ('122', '795'), ('122', '957'), ('122', '961'), ('122', '998'), ('123', '3'), ('123', '43'), ('123', '67'), ('123', '105'), ('123', '148'), ('123', '151'), ('123', '185'), ('123', '223'), ('123', '234'), ('123', '245'), ('123', '246'), ('123', '266'), ('123', '286'), ('123', '429'), ('123', '442'), ('123', '446'), ('123', '479'), ('123', '480'), ('123', '494'), ('123', '503'), ('123', '530'), ('123', '576'), ('123', '577'), ('123', '589'), ('123', '593'), ('123', '725'), ('123', '730'), ('123', '786'), ('123', '860'), ('123', '892'), ('123', '926'), ('123', '988'), ('124', '22'), ('124', '64'), ('124', '106'), ('124', '113'), ('124', '190'), ('124', '246'), ('124', '260'), ('124', '263'), ('124', '289'), ('124', '306'), ('124', '312'), ('124', '322'), ('124', '343'), ('124', '449'), ('124', '468'), ('124', '539'), ('124', '601'), ('124', '726'), ('124', '742'), ('124', '775'), ('124', '785'), ('124', '814'), ('124', '858'), ('124', '882'), ('124', '987'), ('124', '997'), ('125', '62'), ('125', '98'), ('125', '100'), ('125', '114'), ('125', '175'), ('125', '188'), ('125', '204'), ('125', '238'), ('125', '250'), ('125', '324'), ('125', '338'), ('125', '361'), ('125', '367'), ('125', '395'), ('125', '414'), ('125', '428'), ('125', '429'), ('125', '450'), ('125', '497'), ('125', '557'), ('125', '568'), ('125', '584'), ('125', '602'), ('125', '623'), ('125', '664'), ('125', '683'), ('125', '710'), ('125', '877'), ('125', '908'), ('125', '949'), ('125', '965'), ('126', '21'), ('126', '34'), ('126', '43'), ('126', '58'), ('126', '85'), ('126', '96'), ('126', '193'), ('126', '194'), ('126', '199'), ('126', '256'), ('126', '263'), ('126', '288'), ('126', '317'), ('126', '347'), ('126', '369'), ('126', '370'), ('126', '419'), ('126', '468'), ('126', '469'), ('126', '545'), ('126', '685'), ('126', '836'), ('126', '860'), ('127', '36'), ('127', '47'), ('127', '48'), ('127', '79'), ('127', '119'), ('127', '141'), ('127', '157'), ('127', '202'), ('127', '286'), ('127', '333'), ('127', '354'), ('127', '366'), ('127', '382'), ('127', '388'), ('127', '411'), ('127', '459'), ('127', '553'), ('127', '573'), ('127', '613'), ('127', '617'), ('127', '641'), ('127', '710'), ('127', '727'), ('127', '749'), ('127', '763'), ('127', '771'), ('127', '791'), ('127', '819'), ('127', '839'), ('127', '846'), ('127', '911'), ('127', '953'), ('127', '970'), ('128', '26'), ('128', '82'), ('128', '119'), ('128', '168'), ('128', '212'), ('128', '238'), ('128', '299'), ('128', '312'), ('128', '326'), ('128', '336'), ('128', '345'), ('128', '407'), ('128', '462'), ('128', '485'), ('128', '516'), ('128', '564'), ('128', '614'), ('128', '650'), ('128', '665'), ('128', '671'), ('128', '693'), ('128', '696'), ('128', '759'), ('128', '774'), ('128', '814'), ('128', '899'), ('128', '912'), ('128', '944'), ('128', '949'), ('128', '965'), ('129', '56'), ('129', '89'), ('129', '101'), ('129', '166'), ('129', '202'), ('129', '230'), ('129', '247'), ('129', '249'), ('129', '348'), ('129', '367'), ('129', '391'), ('129', '418'), ('129', '431'), ('129', '452'), ('129', '471'), ('129', '520'), ('129', '597'), ('129', '602'), ('129', '640'), ('129', '669'), ('129', '684'), ('129', '705'), ('129', '805'), ('129', '826'), ('129', '834'), ('129', '857'), ('129', '910'), ('129', '920'), ('129', '938'), ('129', '962'), ('130', '9'), ('130', '26'), ('130', '37'), ('130', '43'), ('130', '49'), ('130', '57'), ('130', '107'), ('130', '112'), ('130', '208'), ('130', '326'), ('130', '375'), ('130', '416'), ('130', '431'), ('130', '452'), ('130', '453'), ('130', '478'), ('130', '507'), ('130', '525'), ('130', '549'), ('130', '592'), ('130', '702'), ('130', '725'), ('130', '764'), ('130', '809'), ('130', '869'), ('130', '930'), ('130', '981'), ('131', '48'), ('131', '66'), ('131', '94'), ('131', '120'), ('131', '147'), ('131', '206'), ('131', '320'), ('131', '383'), ('131', '432'), ('131', '436'), ('131', '450'), ('131', '479'), ('131', '494'), ('131', '515'), ('131', '539'), ('131', '590'), ('131', '647'), ('131', '693'), ('131', '713'), ('131', '770'), ('131', '798'), ('131', '809'), ('131', '875'), ('131', '881'), ('131', '921'), ('132', '81'), ('132', '82'), ('132', '133'), ('132', '156'), ('132', '162'), ('132', '311'), ('132', '345'), ('132', '377'), ('132', '410'), ('132', '538'), ('132', '562'), ('132', '586'), ('132', '626'), ('132', '637'), ('132', '698'), ('132', '756'), ('132', '806'), ('132', '897'), ('132', '899'), ('132', '904'), ('132', '930'), ('132', '987'), ('133', '7'), ('133', '51'), ('133', '133'), ('133', '172'), ('133', '210'), ('133', '270'), ('133', '280'), ('133', '286'), ('133', '338'), ('133', '342'), ('133', '351'), ('133', '368'), ('133', '385'), ('133', '390'), ('133', '397'), ('133', '410'), ('133', '452'), ('133', '463'), ('133', '514'), ('133', '588'), ('133', '594'), ('133', '635'), ('133', '652'), ('133', '727'), ('133', '806'), ('133', '868'), ('133', '882'), ('133', '894'), ('133', '933'), ('133', '952'), ('134', '132'), ('134', '145'), ('134', '161'), ('134', '219'), ('134', '243'), ('134', '250'), ('134', '278'), ('134', '341'), ('134', '386'), ('134', '413'), ('134', '558'), ('134', '588'), ('134', '624'), ('134', '655'), ('134', '683'), ('134', '690'), ('134', '861'), ('134', '896'), ('134', '897'), ('134', '915'), ('134', '927'), ('134', '936'), ('135', '35'), ('135', '41'), ('135', '65'), ('135', '88'), ('135', '170'), ('135', '269'), ('135', '320'), ('135', '353'), ('135', '357'), ('135', '364'), ('135', '455'), ('135', '458'), ('135', '484'), ('135', '541'), ('135', '553'), ('135', '616'), ('135', '628'), ('135', '719'), ('135', '814'), ('135', '905'), ('136', '20'), ('136', '25'), ('136', '33'), ('136', '56'), ('136', '61'), ('136', '193'), ('136', '214'), ('136', '229'), ('136', '243'), ('136', '256'), ('136', '262'), ('136', '271'), ('136', '288'), ('136', '300'), ('136', '364'), ('136', '401'), ('136', '414'), ('136', '420'), ('136', '474'), ('136', '485'), ('136', '542'), ('136', '552'), ('136', '620'), ('136', '649'), ('136', '686'), ('136', '781'), ('136', '806'), ('136', '808'), ('136', '818'), ('136', '842'), ('136', '933'), ('136', '993'), ('137', '6'), ('137', '14'), ('137', '56'), ('137', '96'), ('137', '160'), ('137', '224'), ('137', '249'), ('137', '254'), ('137', '263'), ('137', '268'), ('137', '304'), ('137', '390'), ('137', '410'), ('137', '433'), ('137', '446'), ('137', '489'), ('137', '530'), ('137', '564'), ('137', '603'), ('137', '610'), ('137', '688'), ('137', '703'), ('137', '745'), ('137', '758'), ('137', '832'), ('137', '841'), ('137', '917'), ('138', '8'), ('138', '52'), ('138', '61'), ('138', '125'), ('138', '157'), ('138', '214'), ('138', '258'), ('138', '376'), ('138', '403'), ('138', '446'), ('138', '453'), ('138', '508'), ('138', '553'), ('138', '561'), ('138', '583'), ('138', '627'), ('138', '639'), ('138', '695'), ('138', '747'), ('138', '879'), ('138', '885'), ('138', '923'), ('138', '970'), ('138', '989'), ('139', '20'), ('139', '35'), ('139', '57'), ('139', '74'), ('139', '90'), ('139', '107'), ('139', '155'), ('139', '170'), ('139', '181'), ('139', '200'), ('139', '229'), ('139', '233'), ('139', '261'), ('139', '262'), ('139', '266'), ('139', '282'), ('139', '284'), ('139', '373'), ('139', '447'), ('139', '489'), ('139', '529'), ('139', '540'), ('139', '570'), ('139', '602'), ('139', '605'), ('139', '636'), ('139', '691'), ('139', '706'), ('139', '719'), ('139', '744'), ('139', '746'), ('139', '862'), ('139', '892'), ('140', '27'), ('140', '77'), ('140', '112'), ('140', '135'), ('140', '185'), ('140', '258'), ('140', '370'), ('140', '373'), ('140', '498'), ('140', '509'), ('140', '576'), ('140', '587'), ('140', '599'), ('140', '608'), ('140', '647'), ('140', '665'), ('140', '670'), ('140', '693'), ('140', '702'), ('140', '729'), ('140', '730'), ('140', '731'), ('140', '736'), ('140', '742'), ('140', '778'), ('140', '820'), ('140', '830'), ('140', '835'), ('140', '857'), ('140', '923'), ('140', '934'), ('140', '999'), ('141', '43'), ('141', '67'), ('141', '188'), ('141', '191'), ('141', '207'), ('141', '223'), ('141', '341'), ('141', '358'), ('141', '380'), ('141', '395'), ('141', '467'), ('141', '491'), ('141', '589'), ('141', '607'), ('141', '673'), ('141', '740'), ('141', '752'), ('141', '768'), ('141', '772'), ('141', '787'), ('141', '821'), ('141', '829'), ('141', '840'), ('141', '849'), ('141', '862'), ('141', '863'), ('141', '909'), ('141', '992'), ('142', '10'), ('142', '18'), ('142', '107'), ('142', '139'), ('142', '186'), ('142', '199'), ('142', '248'), ('142', '328'), ('142', '350'), ('142', '371'), ('142', '470'), ('142', '481'), ('142', '494'), ('142', '501'), ('142', '504'), ('142', '540'), ('142', '554'), ('142', '575'), ('142', '608'), ('142', '710'), ('142', '712'), ('142', '735'), ('142', '759'), ('142', '794'), ('142', '842'), ('142', '859'), ('142', '863'), ('142', '875'), ('142', '906'), ('142', '914'), ('142', '999'), ('143', '47'), ('143', '79'), ('143', '141'), ('143', '175'), ('143', '232'), ('143', '239'), ('143', '316'), ('143', '339'), ('143', '361'), ('143', '386'), ('143', '404'), ('143', '457'), ('143', '485'), ('143', '497'), ('143', '560'), ('143', '576'), ('143', '603'), ('143', '613'), ('143', '659'), ('143', '660'), ('143', '680'), ('143', '687'), ('143', '690'), ('143', '706'), ('143', '792'), ('143', '821'), ('143', '830'), ('143', '872'), ('143', '878'), ('143', '906'), ('143', '958'), ('144', '18'), ('144', '67'), ('144', '79'), ('144', '90'), ('144', '99'), ('144', '105'), ('144', '123'), ('144', '125'), ('144', '127'), ('144', '130'), ('144', '135'), ('144', '164'), ('144', '184'), ('144', '216'), ('144', '228'), ('144', '260'), ('144', '272'), ('144', '291'), ('144', '293'), ('144', '312'), ('144', '393'), ('144', '396'), ('144', '473'), ('144', '504'), ('144', '540'), ('144', '599'), ('144', '668'), ('144', '702'), ('144', '753'), ('144', '762'), ('144', '776'), ('144', '785'), ('144', '845'), ('144', '894'), ('144', '953'), ('145', '39'), ('145', '109'), ('145', '120'), ('145', '154'), ('145', '155'), ('145', '243'), ('145', '293'), ('145', '402'), ('145', '409'), ('145', '457'), ('145', '475'), ('145', '487'), ('145', '494'), ('145', '527'), ('145', '592'), ('145', '625'), ('145', '629'), ('145', '641'), ('145', '661'), ('145', '664'), ('145', '692'), ('145', '713'), ('145', '726'), ('145', '748'), ('145', '822'), ('145', '893'), ('145', '923'), ('145', '953'), ('146', '12'), ('146', '16'), ('146', '33'), ('146', '117'), ('146', '177'), ('146', '191'), ('146', '197'), ('146', '207'), ('146', '218'), ('146', '278'), ('146', '296'), ('146', '314'), ('146', '320'), ('146', '372'), ('146', '384'), ('146', '402'), ('146', '410'), ('146', '427'), ('146', '429'), ('146', '512'), ('146', '514'), ('146', '571'), ('146', '591'), ('146', '720'), ('146', '731'), ('146', '734'), ('146', '871'), ('146', '909'), ('146', '922'), ('146', '945'), ('146', '955'), ('146', '966'), ('146', '969'), ('147', '4'), ('147', '85'), ('147', '131'), ('147', '139'), ('147', '145'), ('147', '178'), ('147', '251'), ('147', '254'), ('147', '295'), ('147', '298'), ('147', '305'), ('147', '310'), ('147', '318'), ('147', '333'), ('147', '341'), ('147', '351'), ('147', '394'), ('147', '402'), ('147', '405'), ('147', '410'), ('147', '431'), ('147', '443'), ('147', '508'), ('147', '554'), ('147', '563'), ('147', '649'), ('147', '688'), ('147', '708'), ('147', '864'), ('147', '957'), ('147', '987'), ('148', '27'), ('148', '57'), ('148', '133'), ('148', '149'), ('148', '226'), ('148', '342'), ('148', '368'), ('148', '422'), ('148', '468'), ('148', '633'), ('148', '718'), ('148', '768'), ('148', '772'), ('148', '792'), ('149', '53'), ('149', '72'), ('149', '95'), ('149', '118'), ('149', '139'), ('149', '146'), ('149', '153'), ('149', '159'), ('149', '169'), ('149', '178'), ('149', '188'), ('149', '193'), ('149', '339'), ('149', '354'), ('149', '362'), ('149', '365'), ('149', '458'), ('149', '631'), ('149', '670'), ('149', '685'), ('149', '761'), ('149', '782'), ('149', '810'), ('149', '811'), ('149', '899'), ('149', '905'), ('149', '913'), ('149', '921'), ('149', '947'), ('149', '949'), ('149', '992'), ('150', '23'), ('150', '63'), ('150', '75'), ('150', '94'), ('150', '105'), ('150', '168'), ('150', '190'), ('150', '206'), ('150', '233'), ('150', '270'), ('150', '285'), ('150', '306'), ('150', '386'), ('150', '433'), ('150', '446'), ('150', '447'), ('150', '468'), ('150', '508'), ('150', '542'), ('150', '551'), ('150', '629'), ('150', '647'), ('150', '672'), ('150', '697'), ('150', '728'), ('150', '777'), ('150', '854'), ('150', '873'), ('150', '880'), ('150', '887'), ('150', '889'), ('150', '892'), ('150', '953'), ('150', '962'), ('151', '131'), ('151', '144'), ('151', '167'), ('151', '170'), ('151', '217'), ('151', '232'), ('151', '342'), ('151', '367'), ('151', '370'), ('151', '382'), ('151', '451'), ('151', '463'), ('151', '482'), ('151', '501'), ('151', '527'), ('151', '539'), ('151', '570'), ('151', '574'), ('151', '634'), ('151', '658'), ('151', '665'), ('151', '703'), ('151', '880'), ('151', '892'), ('151', '895'), ('151', '989'), ('152', '59'), ('152', '153'), ('152', '217'), ('152', '248'), ('152', '318'), ('152', '332'), ('152', '475'), ('152', '476'), ('152', '578'), ('152', '607'), ('152', '611'), ('152', '615'), ('152', '674'), ('152', '680'), ('152', '729'), ('152', '768'), ('152', '821'), ('152', '846'), ('152', '891'), ('152', '898'), ('152', '927'), ('152', '964'), ('152', '968'), ('153', '47'), ('153', '64'), ('153', '136'), ('153', '180'), ('153', '203'), ('153', '231'), ('153', '444'), ('153', '476'), ('153', '480'), ('153', '486'), ('153', '536'), ('153', '627'), ('153', '732'), ('153', '756'), ('153', '766'), ('153', '817'), ('153', '847'), ('153', '919'), ('153', '938'), ('153', '988'), ('154', '27'), ('154', '111'), ('154', '141'), ('154', '158'), ('154', '169'), ('154', '170'), ('154', '193'), ('154', '208'), ('154', '274'), ('154', '276'), ('154', '282'), ('154', '299'), ('154', '314'), ('154', '396'), ('154', '399'), ('154', '421'), ('154', '440'), ('154', '467'), ('154', '474'), ('154', '489'), ('154', '588'), ('154', '602'), ('154', '680'), ('154', '698'), ('154', '802'), ('154', '842'), ('154', '954'), ('154', '988'), ('155', '20'), ('155', '67'), ('155', '128'), ('155', '153'), ('155', '220'), ('155', '249'), ('155', '303'), ('155', '312'), ('155', '359'), ('155', '361'), ('155', '383'), ('155', '387'), ('155', '407'), ('155', '427'), ('155', '459'), ('155', '513'), ('155', '584'), ('155', '590'), ('155', '630'), ('155', '688'), ('155', '757'), ('155', '768'), ('155', '785'), ('155', '849'), ('155', '885'), ('155', '890'), ('155', '941'), ('155', '966'), ('155', '987'), ('155', '997'), ('155', '1000'), ('156', '53'), ('156', '155'), ('156', '198'), ('156', '244'), ('156', '262'), ('156', '263'), ('156', '285'), ('156', '297'), ('156', '301'), ('156', '349'), ('156', '379'), ('156', '448'), ('156', '462'), ('156', '467'), ('156', '504'), ('156', '518'), ('156', '593'), ('156', '646'), ('156', '705'), ('156', '754'), ('156', '775'), ('156', '844'), ('157', '10'), ('157', '24'), ('157', '34'), ('157', '122'), ('157', '159'), ('157', '183'), ('157', '210'), ('157', '217'), ('157', '291'), ('157', '303'), ('157', '321'), ('157', '326'), ('157', '353'), ('157', '400'), ('157', '406'), ('157', '431'), ('157', '496'), ('157', '535'), ('157', '573'), ('157', '574'), ('157', '604'), ('157', '616');
INSERT INTO `film_actor` VALUES ('157', '642'), ('157', '661'), ('157', '696'), ('157', '713'), ('157', '802'), ('157', '835'), ('157', '874'), ('157', '913'), ('157', '967'), ('157', '973'), ('158', '32'), ('158', '47'), ('158', '64'), ('158', '66'), ('158', '102'), ('158', '121'), ('158', '177'), ('158', '178'), ('158', '188'), ('158', '215'), ('158', '241'), ('158', '293'), ('158', '437'), ('158', '473'), ('158', '483'), ('158', '532'), ('158', '555'), ('158', '581'), ('158', '601'), ('158', '616'), ('158', '626'), ('158', '637'), ('158', '799'), ('158', '812'), ('158', '824'), ('158', '830'), ('158', '840'), ('158', '869'), ('158', '879'), ('158', '880'), ('158', '894'), ('158', '896'), ('158', '967'), ('158', '968'), ('158', '990'), ('159', '20'), ('159', '82'), ('159', '127'), ('159', '187'), ('159', '206'), ('159', '208'), ('159', '223'), ('159', '248'), ('159', '342'), ('159', '343'), ('159', '344'), ('159', '364'), ('159', '418'), ('159', '549'), ('159', '561'), ('159', '600'), ('159', '674'), ('159', '680'), ('159', '784'), ('159', '789'), ('159', '800'), ('159', '802'), ('159', '818'), ('159', '876'), ('159', '907'), ('159', '978'), ('160', '2'), ('160', '17'), ('160', '43'), ('160', '242'), ('160', '267'), ('160', '275'), ('160', '368'), ('160', '455'), ('160', '469'), ('160', '484'), ('160', '579'), ('160', '660'), ('160', '755'), ('160', '767'), ('160', '769'), ('160', '794'), ('160', '826'), ('160', '883'), ('160', '950'), ('160', '954'), ('161', '43'), ('161', '58'), ('161', '89'), ('161', '90'), ('161', '120'), ('161', '188'), ('161', '247'), ('161', '269'), ('161', '281'), ('161', '340'), ('161', '353'), ('161', '401'), ('161', '414'), ('161', '425'), ('161', '469'), ('161', '526'), ('161', '588'), ('161', '644'), ('161', '653'), ('161', '655'), ('161', '669'), ('161', '684'), ('161', '714'), ('161', '749'), ('161', '807'), ('161', '825'), ('161', '850'), ('161', '880'), ('161', '920'), ('161', '921'), ('161', '924'), ('161', '927'), ('162', '1'), ('162', '4'), ('162', '7'), ('162', '18'), ('162', '28'), ('162', '32'), ('162', '33'), ('162', '41'), ('162', '85'), ('162', '121'), ('162', '164'), ('162', '274'), ('162', '279'), ('162', '409'), ('162', '410'), ('162', '415'), ('162', '500'), ('162', '574'), ('162', '612'), ('162', '636'), ('162', '659'), ('162', '786'), ('162', '844'), ('162', '909'), ('162', '968'), ('163', '30'), ('163', '45'), ('163', '166'), ('163', '180'), ('163', '239'), ('163', '283'), ('163', '303'), ('163', '304'), ('163', '307'), ('163', '394'), ('163', '409'), ('163', '434'), ('163', '444'), ('163', '522'), ('163', '719'), ('163', '785'), ('163', '833'), ('163', '881'), ('163', '891'), ('163', '947'), ('163', '996'), ('164', '15'), ('164', '23'), ('164', '148'), ('164', '169'), ('164', '252'), ('164', '324'), ('164', '347'), ('164', '367'), ('164', '431'), ('164', '448'), ('164', '469'), ('164', '545'), ('164', '610'), ('164', '613'), ('164', '673'), ('164', '681'), ('164', '698'), ('164', '801'), ('164', '820'), ('164', '832'), ('164', '834'), ('164', '851'), ('164', '884'), ('164', '908'), ('164', '957'), ('164', '984'), ('165', '72'), ('165', '95'), ('165', '146'), ('165', '204'), ('165', '253'), ('165', '286'), ('165', '360'), ('165', '375'), ('165', '395'), ('165', '421'), ('165', '437'), ('165', '473'), ('165', '607'), ('165', '644'), ('165', '659'), ('165', '693'), ('165', '737'), ('165', '779'), ('165', '798'), ('165', '807'), ('165', '809'), ('165', '832'), ('165', '833'), ('165', '947'), ('165', '948'), ('165', '962'), ('166', '25'), ('166', '38'), ('166', '55'), ('166', '61'), ('166', '68'), ('166', '86'), ('166', '146'), ('166', '255'), ('166', '297'), ('166', '306'), ('166', '326'), ('166', '361'), ('166', '366'), ('166', '426'), ('166', '580'), ('166', '622'), ('166', '674'), ('166', '714'), ('166', '788'), ('166', '867'), ('166', '944'), ('166', '1000'), ('167', '17'), ('167', '25'), ('167', '63'), ('167', '72'), ('167', '107'), ('167', '120'), ('167', '191'), ('167', '294'), ('167', '319'), ('167', '339'), ('167', '341'), ('167', '496'), ('167', '554'), ('167', '626'), ('167', '628'), ('167', '672'), ('167', '692'), ('167', '717'), ('167', '734'), ('167', '794'), ('167', '800'), ('167', '802'), ('167', '856'), ('167', '864'), ('167', '882'), ('167', '923'), ('168', '32'), ('168', '56'), ('168', '92'), ('168', '115'), ('168', '188'), ('168', '196'), ('168', '208'), ('168', '237'), ('168', '241'), ('168', '255'), ('168', '305'), ('168', '336'), ('168', '387'), ('168', '433'), ('168', '438'), ('168', '519'), ('168', '602'), ('168', '619'), ('168', '626'), ('168', '652'), ('168', '678'), ('168', '685'), ('168', '804'), ('168', '807'), ('168', '826'), ('168', '841'), ('168', '886'), ('168', '889'), ('168', '892'), ('168', '927'), ('168', '959'), ('169', '6'), ('169', '78'), ('169', '93'), ('169', '246'), ('169', '248'), ('169', '289'), ('169', '301'), ('169', '326'), ('169', '349'), ('169', '372'), ('169', '398'), ('169', '434'), ('169', '505'), ('169', '564'), ('169', '571'), ('169', '634'), ('169', '642'), ('169', '673'), ('169', '694'), ('169', '727'), ('169', '778'), ('169', '815'), ('169', '847'), ('169', '849'), ('169', '894'), ('169', '897'), ('169', '954'), ('169', '992'), ('169', '998'), ('170', '7'), ('170', '15'), ('170', '27'), ('170', '33'), ('170', '102'), ('170', '139'), ('170', '180'), ('170', '184'), ('170', '212'), ('170', '299'), ('170', '322'), ('170', '358'), ('170', '416'), ('170', '508'), ('170', '537'), ('170', '705'), ('170', '758'), ('170', '764'), ('170', '868'), ('170', '877'), ('170', '886'), ('170', '925'), ('170', '993'), ('170', '996'), ('171', '49'), ('171', '146'), ('171', '166'), ('171', '181'), ('171', '219'), ('171', '273'), ('171', '296'), ('171', '318'), ('171', '342'), ('171', '397'), ('171', '447'), ('171', '450'), ('171', '466'), ('171', '549'), ('171', '560'), ('171', '566'), ('171', '608'), ('171', '625'), ('171', '645'), ('171', '701'), ('171', '761'), ('171', '779'), ('171', '849'), ('171', '872'), ('171', '892'), ('171', '898'), ('171', '903'), ('171', '953'), ('172', '57'), ('172', '100'), ('172', '148'), ('172', '215'), ('172', '302'), ('172', '345'), ('172', '368'), ('172', '385'), ('172', '423'), ('172', '487'), ('172', '493'), ('172', '529'), ('172', '538'), ('172', '567'), ('172', '609'), ('172', '639'), ('172', '649'), ('172', '661'), ('172', '667'), ('172', '710'), ('172', '744'), ('172', '758'), ('172', '771'), ('172', '833'), ('172', '959'), ('173', '49'), ('173', '55'), ('173', '74'), ('173', '80'), ('173', '106'), ('173', '154'), ('173', '162'), ('173', '188'), ('173', '235'), ('173', '313'), ('173', '379'), ('173', '405'), ('173', '491'), ('173', '496'), ('173', '529'), ('173', '550'), ('173', '564'), ('173', '571'), ('173', '592'), ('173', '688'), ('173', '753'), ('173', '757'), ('173', '852'), ('173', '857'), ('173', '921'), ('173', '928'), ('173', '933'), ('174', '11'), ('174', '61'), ('174', '168'), ('174', '298'), ('174', '352'), ('174', '442'), ('174', '451'), ('174', '496'), ('174', '610'), ('174', '618'), ('174', '622'), ('174', '659'), ('174', '677'), ('174', '705'), ('174', '722'), ('174', '780'), ('174', '797'), ('174', '809'), ('174', '827'), ('174', '830'), ('174', '852'), ('174', '853'), ('174', '879'), ('174', '982'), ('175', '9'), ('175', '29'), ('175', '67'), ('175', '129'), ('175', '155'), ('175', '190'), ('175', '191'), ('175', '362'), ('175', '405'), ('175', '424'), ('175', '439'), ('175', '442'), ('175', '483'), ('175', '591'), ('175', '596'), ('175', '616'), ('175', '719'), ('175', '729'), ('175', '772'), ('175', '778'), ('175', '828'), ('175', '842'), ('175', '890'), ('175', '908'), ('175', '977'), ('175', '978'), ('175', '998'), ('176', '13'), ('176', '73'), ('176', '89'), ('176', '150'), ('176', '162'), ('176', '238'), ('176', '252'), ('176', '303'), ('176', '320'), ('176', '401'), ('176', '417'), ('176', '441'), ('176', '458'), ('176', '461'), ('176', '517'), ('176', '521'), ('176', '543'), ('176', '573'), ('176', '699'), ('176', '726'), ('176', '740'), ('176', '746'), ('176', '758'), ('176', '802'), ('176', '827'), ('176', '839'), ('176', '859'), ('176', '872'), ('176', '946'), ('177', '12'), ('177', '39'), ('177', '52'), ('177', '55'), ('177', '86'), ('177', '175'), ('177', '188'), ('177', '235'), ('177', '237'), ('177', '289'), ('177', '363'), ('177', '401'), ('177', '433'), ('177', '458'), ('177', '522'), ('177', '543'), ('177', '563'), ('177', '649'), ('177', '683'), ('177', '684'), ('177', '726'), ('177', '751'), ('177', '763'), ('177', '764'), ('177', '827'), ('177', '910'), ('177', '956'), ('178', '30'), ('178', '34'), ('178', '109'), ('178', '146'), ('178', '160'), ('178', '164'), ('178', '194'), ('178', '197'), ('178', '273'), ('178', '311'), ('178', '397'), ('178', '483'), ('178', '517'), ('178', '537'), ('178', '587'), ('178', '708'), ('178', '733'), ('178', '744'), ('178', '762'), ('178', '930'), ('178', '974'), ('178', '983'), ('178', '1000'), ('179', '24'), ('179', '27'), ('179', '65'), ('179', '85'), ('179', '109'), ('179', '131'), ('179', '159'), ('179', '193'), ('179', '250'), ('179', '291'), ('179', '353'), ('179', '415'), ('179', '463'), ('179', '468'), ('179', '489'), ('179', '566'), ('179', '588'), ('179', '650'), ('179', '698'), ('179', '732'), ('179', '737'), ('179', '769'), ('179', '811'), ('179', '817'), ('179', '852'), ('179', '924'), ('179', '931'), ('179', '960'), ('179', '976'), ('180', '12'), ('180', '33'), ('180', '144'), ('180', '195'), ('180', '258'), ('180', '441'), ('180', '506'), ('180', '561'), ('180', '609'), ('180', '622'), ('180', '628'), ('180', '657'), ('180', '724'), ('180', '729'), ('180', '732'), ('180', '777'), ('180', '809'), ('180', '811'), ('180', '820'), ('180', '824'), ('180', '847'), ('180', '869'), ('180', '874'), ('180', '955'), ('180', '963'), ('181', '5'), ('181', '40'), ('181', '74'), ('181', '78'), ('181', '83'), ('181', '152'), ('181', '195'), ('181', '233'), ('181', '286'), ('181', '301'), ('181', '311'), ('181', '381'), ('181', '387'), ('181', '403'), ('181', '409'), ('181', '420'), ('181', '437'), ('181', '456'), ('181', '507'), ('181', '522'), ('181', '539'), ('181', '542'), ('181', '546'), ('181', '579'), ('181', '596'), ('181', '604'), ('181', '609'), ('181', '625'), ('181', '744'), ('181', '816'), ('181', '836'), ('181', '868'), ('181', '870'), ('181', '874'), ('181', '892'), ('181', '907'), ('181', '911'), ('181', '921'), ('181', '991'), ('182', '33'), ('182', '160'), ('182', '301'), ('182', '324'), ('182', '346'), ('182', '362'), ('182', '391'), ('182', '413'), ('182', '421'), ('182', '437'), ('182', '590'), ('182', '639'), ('182', '668'), ('182', '677'), ('182', '679'), ('182', '695'), ('182', '714'), ('182', '720'), ('182', '819'), ('182', '828'), ('182', '845'), ('182', '864'), ('182', '940'), ('182', '990'), ('183', '32'), ('183', '40'), ('183', '71'), ('183', '113'), ('183', '313'), ('183', '388'), ('183', '389'), ('183', '390'), ('183', '495'), ('183', '520'), ('183', '576'), ('183', '636'), ('183', '715'), ('183', '850'), ('183', '862'), ('183', '914'), ('183', '941'), ('183', '949'), ('183', '983'), ('184', '35'), ('184', '87'), ('184', '146'), ('184', '169'), ('184', '221'), ('184', '336'), ('184', '371'), ('184', '452'), ('184', '486'), ('184', '492'), ('184', '500'), ('184', '574'), ('184', '580'), ('184', '597'), ('184', '615'), ('184', '640'), ('184', '642'), ('184', '650'), ('184', '661'), ('184', '684'), ('184', '745'), ('184', '772'), ('184', '787'), ('184', '867'), ('184', '959'), ('184', '966'), ('184', '967'), ('184', '969'), ('184', '985'), ('185', '7'), ('185', '95'), ('185', '138'), ('185', '265'), ('185', '286'), ('185', '360'), ('185', '411'), ('185', '427'), ('185', '437'), ('185', '448'), ('185', '494'), ('185', '510'), ('185', '518'), ('185', '554'), ('185', '560'), ('185', '571'), ('185', '584'), ('185', '631'), ('185', '665'), ('185', '694'), ('185', '730'), ('185', '761'), ('185', '818'), ('185', '845'), ('185', '880'), ('185', '882'), ('185', '919'), ('185', '920'), ('185', '965'), ('185', '973'), ('186', '95'), ('186', '187'), ('186', '208'), ('186', '228'), ('186', '237'), ('186', '422'), ('186', '482'), ('186', '508'), ('186', '552'), ('186', '579'), ('186', '637'), ('186', '648'), ('186', '654'), ('186', '729'), ('186', '983'), ('186', '994'), ('187', '17'), ('187', '25'), ('187', '29'), ('187', '51'), ('187', '73'), ('187', '76'), ('187', '98'), ('187', '110'), ('187', '127'), ('187', '168'), ('187', '222'), ('187', '224'), ('187', '297'), ('187', '354'), ('187', '379'), ('187', '417'), ('187', '435'), ('187', '441'), ('187', '474'), ('187', '499'), ('187', '538'), ('187', '548'), ('187', '561'), ('187', '617'), ('187', '625'), ('187', '664'), ('187', '671'), ('187', '768'), ('187', '779'), ('187', '906'), ('187', '914'), ('187', '923'), ('187', '976'), ('188', '1'), ('188', '10'), ('188', '14'), ('188', '51'), ('188', '102'), ('188', '111'), ('188', '146'), ('188', '206'), ('188', '223'), ('188', '289'), ('188', '311'), ('188', '322'), ('188', '338'), ('188', '396'), ('188', '412'), ('188', '506'), ('188', '517'), ('188', '529'), ('188', '566'), ('188', '593'), ('188', '606'), ('188', '662'), ('188', '770'), ('188', '773'), ('188', '774'), ('188', '815'), ('188', '849'), ('188', '925'), ('188', '988'), ('188', '989'), ('189', '43'), ('189', '82'), ('189', '171'), ('189', '266'), ('189', '272'), ('189', '315'), ('189', '378'), ('189', '492'), ('189', '509'), ('189', '512'), ('189', '519'), ('189', '533'), ('189', '548'), ('189', '560'), ('189', '628'), ('189', '734'), ('189', '748'), ('189', '788'), ('189', '820'), ('189', '853'), ('189', '882'), ('189', '896'), ('189', '899'), ('189', '940'), ('190', '38'), ('190', '54'), ('190', '62'), ('190', '87'), ('190', '173'), ('190', '234'), ('190', '253'), ('190', '278'), ('190', '310'), ('190', '374'), ('190', '411'), ('190', '426'), ('190', '472'), ('190', '549'), ('190', '562'), ('190', '606'), ('190', '623'), ('190', '679'), ('190', '682'), ('190', '693'), ('190', '695'), ('190', '705'), ('190', '708'), ('190', '802'), ('190', '806'), ('190', '874'), ('190', '959'), ('191', '16'), ('191', '39'), ('191', '84'), ('191', '185'), ('191', '219'), ('191', '293'), ('191', '296'), ('191', '378'), ('191', '410'), ('191', '420'), ('191', '461'), ('191', '544'), ('191', '551'), ('191', '596'), ('191', '638'), ('191', '668'), ('191', '692'), ('191', '775'), ('191', '801'), ('191', '819'), ('191', '827'), ('191', '830'), ('191', '834'), ('191', '849'), ('191', '858'), ('191', '914'), ('191', '958'), ('191', '969'), ('191', '971'), ('191', '993'), ('192', '16'), ('192', '69'), ('192', '117'), ('192', '155'), ('192', '166'), ('192', '179'), ('192', '214'), ('192', '361'), ('192', '367'), ('192', '426'), ('192', '465'), ('192', '470'), ('192', '475'), ('192', '485'), ('192', '541'), ('192', '578'), ('192', '592'), ('192', '614'), ('192', '618'), ('192', '622'), ('192', '674'), ('192', '677'), ('192', '680'), ('192', '682'), ('192', '708'), ('192', '711'), ('192', '747'), ('192', '763'), ('192', '819'), ('193', '44'), ('193', '80'), ('193', '103'), ('193', '109'), ('193', '119'), ('193', '141'), ('193', '164'), ('193', '291'), ('193', '352'), ('193', '358'), ('193', '376'), ('193', '412'), ('193', '462'), ('193', '689'), ('193', '709'), ('193', '745'), ('193', '807'), ('193', '828'), ('193', '834'), ('193', '851'), ('193', '937'), ('193', '953'), ('193', '960'), ('194', '9'), ('194', '42'), ('194', '67'), ('194', '86'), ('194', '88'), ('194', '98'), ('194', '135'), ('194', '161'), ('194', '163'), ('194', '215'), ('194', '232'), ('194', '352'), ('194', '415'), ('194', '486'), ('194', '498'), ('194', '531'), ('194', '719'), ('194', '738'), ('194', '786'), ('194', '872'), ('194', '938'), ('194', '940'), ('195', '129'), ('195', '130'), ('195', '141'), ('195', '144'), ('195', '298'), ('195', '359'), ('195', '361'), ('195', '392'), ('195', '403'), ('195', '494'), ('195', '520'), ('195', '534'), ('195', '560'), ('195', '592'), ('195', '649'), ('195', '658'), ('195', '673'), ('195', '677'), ('195', '706'), ('195', '738'), ('195', '769'), ('195', '781'), ('195', '794'), ('195', '813'), ('195', '869'), ('195', '885'), ('195', '962'), ('196', '64'), ('196', '122'), ('196', '156'), ('196', '169'), ('196', '276'), ('196', '284'), ('196', '303'), ('196', '324'), ('196', '423'), ('196', '473'), ('196', '484'), ('196', '515'), ('196', '524'), ('196', '541'), ('196', '560'), ('196', '575'), ('196', '576'), ('196', '587'), ('196', '615'), ('196', '635'), ('196', '684'), ('196', '795'), ('196', '815'), ('196', '833'), ('196', '837'), ('196', '906'), ('196', '908'), ('196', '919'), ('196', '939'), ('196', '972'), ('197', '6'), ('197', '29'), ('197', '63'), ('197', '123'), ('197', '129'), ('197', '147'), ('197', '164'), ('197', '189'), ('197', '243'), ('197', '249'), ('197', '258'), ('197', '364'), ('197', '369'), ('197', '370'), ('197', '418'), ('197', '522'), ('197', '531'), ('197', '554'), ('197', '598'), ('197', '628'), ('197', '691'), ('197', '724'), ('197', '746'), ('197', '752'), ('197', '758'), ('197', '769'), ('197', '815'), ('197', '916'), ('197', '950'), ('197', '967'), ('197', '974'), ('197', '979'), ('197', '995'), ('198', '1'), ('198', '109'), ('198', '125'), ('198', '186'), ('198', '262'), ('198', '264'), ('198', '303'), ('198', '309'), ('198', '311'), ('198', '329'), ('198', '347'), ('198', '379'), ('198', '395'), ('198', '406'), ('198', '450'), ('198', '464'), ('198', '482'), ('198', '499'), ('198', '536'), ('198', '541'), ('198', '545'), ('198', '555'), ('198', '568'), ('198', '570'), ('198', '588'), ('198', '597'), ('198', '628'), ('198', '745'), ('198', '758'), ('198', '796'), ('198', '806'), ('198', '817'), ('198', '843'), ('198', '858'), ('198', '871'), ('198', '886'), ('198', '892'), ('198', '924'), ('198', '952'), ('198', '997'), ('199', '67'), ('199', '84'), ('199', '145'), ('199', '159'), ('199', '216'), ('199', '432'), ('199', '541'), ('199', '604'), ('199', '640'), ('199', '689'), ('199', '730'), ('199', '784'), ('199', '785'), ('199', '886'), ('199', '953'), ('200', '5'), ('200', '49'), ('200', '80'), ('200', '116'), ('200', '121'), ('200', '149'), ('200', '346'), ('200', '419'), ('200', '462'), ('200', '465'), ('200', '474'), ('200', '537'), ('200', '538'), ('200', '544'), ('200', '714'), ('200', '879'), ('200', '912'), ('200', '945'), ('200', '958'), ('200', '993');
COMMIT;

-- ----------------------------
--  Table structure for `INVENTORY`
-- ----------------------------
DROP TABLE IF EXISTS `inventory`;
CREATE TABLE `inventory` (
  `INVENTORY_ID` int(11) NOT NULL AUTO_INCREMENT,
  `STORE_ID` int(11) NOT NULL,
  `FILM_ID` int(11) NOT NULL,
  PRIMARY KEY (`INVENTORY_ID`),
  KEY `FK2DA8293C5CFCA65A` (`FILM_ID`),
  KEY `FK2DA8293CD50FCAFA` (`STORE_ID`),
  CONSTRAINT `FK2DA8293CD50FCAFA` FOREIGN KEY (`STORE_ID`) REFERENCES `store` (`STORE_ID`),
  CONSTRAINT `FK2DA8293C5CFCA65A` FOREIGN KEY (`FILM_ID`) REFERENCES `film` (`FILM_ID`)
) ENGINE=InnoDB AUTO_INCREMENT=4582 DEFAULT CHARSET=latin1;

-- ----------------------------
--  Records of `INVENTORY`
-- ----------------------------
BEGIN;
INSERT INTO `inventory` VALUES ('1', '1', '1'), ('2', '1', '1'), ('3', '1', '1'), ('4', '1', '1'), ('5', '2', '1'), ('6', '2', '1'), ('7', '2', '1'), ('8', '2', '1'), ('9', '2', '2'), ('10', '2', '2'), ('11', '2', '2'), ('12', '2', '3'), ('13', '2', '3'), ('14', '2', '3'), ('15', '2', '3'), ('16', '1', '4'), ('17', '1', '4'), ('18', '1', '4'), ('19', '1', '4'), ('20', '2', '4'), ('21', '2', '4'), ('22', '2', '4'), ('23', '2', '5'), ('24', '2', '5'), ('25', '2', '5'), ('26', '1', '6'), ('27', '1', '6'), ('28', '1', '6'), ('29', '2', '6'), ('30', '2', '6'), ('31', '2', '6'), ('32', '1', '7'), ('33', '1', '7'), ('34', '2', '7'), ('35', '2', '7'), ('36', '2', '7'), ('37', '2', '8'), ('38', '2', '8'), ('39', '2', '8'), ('40', '2', '8'), ('41', '1', '9'), ('42', '1', '9'), ('43', '1', '9'), ('44', '2', '9'), ('45', '2', '9'), ('46', '1', '10'), ('47', '1', '10'), ('48', '1', '10'), ('49', '1', '10'), ('50', '2', '10'), ('51', '2', '10'), ('52', '2', '10'), ('53', '1', '11'), ('54', '1', '11'), ('55', '1', '11'), ('56', '1', '11'), ('57', '2', '11'), ('58', '2', '11'), ('59', '2', '11'), ('60', '1', '12'), ('61', '1', '12'), ('62', '1', '12'), ('63', '2', '12'), ('64', '2', '12'), ('65', '2', '12'), ('66', '2', '12'), ('67', '2', '13'), ('68', '2', '13'), ('69', '2', '13'), ('70', '2', '13'), ('71', '1', '15'), ('72', '1', '15'), ('73', '2', '15'), ('74', '2', '15'), ('75', '2', '15'), ('76', '2', '15'), ('77', '1', '16'), ('78', '1', '16'), ('79', '2', '16'), ('80', '2', '16'), ('81', '1', '17'), ('82', '1', '17'), ('83', '1', '17'), ('84', '2', '17'), ('85', '2', '17'), ('86', '2', '17'), ('87', '1', '18'), ('88', '1', '18'), ('89', '1', '18'), ('90', '2', '18'), ('91', '2', '18'), ('92', '2', '18'), ('93', '1', '19'), ('94', '1', '19'), ('95', '1', '19'), ('96', '1', '19'), ('97', '2', '19'), ('98', '2', '19'), ('99', '1', '20'), ('100', '1', '20'), ('101', '1', '20'), ('102', '1', '21'), ('103', '1', '21'), ('104', '2', '21'), ('105', '2', '21'), ('106', '2', '21'), ('107', '2', '21'), ('108', '1', '22'), ('109', '1', '22'), ('110', '1', '22'), ('111', '1', '22'), ('112', '2', '22'), ('113', '2', '22'), ('114', '2', '22'), ('115', '1', '23'), ('116', '1', '23'), ('117', '1', '23'), ('118', '2', '23'), ('119', '2', '23'), ('120', '1', '24'), ('121', '1', '24'), ('122', '1', '24'), ('123', '1', '24'), ('124', '1', '25'), ('125', '1', '25'), ('126', '1', '25'), ('127', '1', '25'), ('128', '2', '25'), ('129', '2', '25'), ('130', '1', '26'), ('131', '1', '26'), ('132', '2', '26'), ('133', '2', '26'), ('134', '2', '26'), ('135', '1', '27'), ('136', '1', '27'), ('137', '1', '27'), ('138', '1', '27'), ('139', '1', '28'), ('140', '1', '28'), ('141', '1', '28'), ('142', '1', '29'), ('143', '1', '29'), ('144', '1', '30'), ('145', '1', '30'), ('146', '1', '31'), ('147', '1', '31'), ('148', '1', '31'), ('149', '1', '31'), ('150', '2', '31'), ('151', '2', '31'), ('152', '2', '31'), ('153', '2', '31'), ('154', '2', '32'), ('155', '2', '32'), ('156', '2', '34'), ('157', '2', '34'), ('158', '2', '34'), ('159', '2', '34'), ('160', '1', '35'), ('161', '1', '35'), ('162', '1', '35'), ('163', '1', '35'), ('164', '2', '35'), ('165', '2', '35'), ('166', '2', '35'), ('167', '1', '37'), ('168', '1', '37'), ('169', '1', '37'), ('170', '1', '37'), ('171', '2', '37'), ('172', '2', '37'), ('173', '2', '37'), ('174', '1', '39'), ('175', '1', '39'), ('176', '1', '39'), ('177', '2', '39'), ('178', '2', '39'), ('179', '2', '39'), ('180', '2', '39'), ('181', '2', '40'), ('182', '2', '40'), ('183', '2', '40'), ('184', '2', '40'), ('185', '2', '42'), ('186', '2', '42'), ('187', '2', '42'), ('188', '2', '42'), ('189', '1', '43'), ('190', '1', '43'), ('191', '1', '43'), ('192', '2', '43'), ('193', '2', '43'), ('194', '2', '43'), ('195', '2', '43'), ('196', '1', '44'), ('197', '1', '44'), ('198', '2', '44'), ('199', '2', '44'), ('200', '2', '44'), ('201', '1', '45'), ('202', '1', '45'), ('203', '1', '45'), ('204', '1', '45'), ('205', '2', '45'), ('206', '2', '45'), ('207', '2', '46'), ('208', '2', '46'), ('209', '2', '46'), ('210', '2', '47'), ('211', '2', '47'), ('212', '1', '48'), ('213', '1', '48'), ('214', '2', '48'), ('215', '2', '48'), ('216', '1', '49'), ('217', '1', '49'), ('218', '1', '49'), ('219', '2', '49'), ('220', '2', '49'), ('221', '2', '49'), ('222', '1', '50'), ('223', '1', '50'), ('224', '1', '50'), ('225', '2', '50'), ('226', '2', '50'), ('227', '1', '51'), ('228', '1', '51'), ('229', '2', '51'), ('230', '2', '51'), ('231', '2', '51'), ('232', '2', '51'), ('233', '2', '52'), ('234', '2', '52'), ('235', '1', '53'), ('236', '1', '53'), ('237', '1', '54'), ('238', '1', '54'), ('239', '1', '54'), ('240', '2', '54'), ('241', '2', '54'), ('242', '1', '55'), ('243', '1', '55'), ('244', '1', '55'), ('245', '1', '55'), ('246', '2', '55'), ('247', '2', '55'), ('248', '1', '56'), ('249', '1', '56'), ('250', '1', '56'), ('251', '2', '56'), ('252', '2', '56'), ('253', '1', '57'), ('254', '1', '57'), ('255', '1', '57'), ('256', '1', '57'), ('257', '2', '57'), ('258', '2', '57'), ('259', '2', '57'), ('260', '2', '58'), ('261', '2', '58'), ('262', '2', '58'), ('263', '2', '58'), ('264', '1', '59'), ('265', '1', '59'), ('266', '1', '59'), ('267', '2', '59'), ('268', '2', '59'), ('269', '1', '60'), ('270', '1', '60'), ('271', '1', '60'), ('272', '1', '61'), ('273', '1', '61'), ('274', '1', '61'), ('275', '1', '61'), ('276', '2', '61'), ('277', '2', '61'), ('278', '2', '62'), ('279', '2', '62'), ('280', '1', '63'), ('281', '1', '63'), ('282', '2', '63'), ('283', '2', '63'), ('284', '2', '64'), ('285', '2', '64'), ('286', '2', '64'), ('287', '2', '65'), ('288', '2', '65'), ('289', '2', '65'), ('290', '2', '65'), ('291', '1', '66'), ('292', '1', '66'), ('293', '1', '66'), ('294', '1', '67'), ('295', '1', '67'), ('296', '2', '67'), ('297', '2', '67'), ('298', '2', '67'), ('299', '2', '67'), ('300', '1', '68'), ('301', '1', '68'), ('302', '2', '68'), ('303', '2', '68'), ('304', '1', '69'), ('305', '1', '69'), ('306', '1', '69'), ('307', '1', '69'), ('308', '2', '69'), ('309', '2', '69'), ('310', '2', '69'), ('311', '2', '69'), ('312', '1', '70'), ('313', '1', '70'), ('314', '2', '70'), ('315', '2', '70'), ('316', '2', '71'), ('317', '2', '71'), ('318', '2', '71'), ('319', '2', '71'), ('320', '1', '72'), ('321', '1', '72'), ('322', '1', '72'), ('323', '1', '72'), ('324', '2', '72'), ('325', '2', '72'), ('326', '1', '73'), ('327', '1', '73'), ('328', '1', '73'), ('329', '1', '73'), ('330', '2', '73'), ('331', '2', '73'), ('332', '2', '73'), ('333', '2', '73'), ('334', '1', '74'), ('335', '1', '74'), ('336', '1', '74'), ('337', '2', '74'), ('338', '2', '74'), ('339', '2', '75'), ('340', '2', '75'), ('341', '2', '75'), ('342', '1', '76'), ('343', '1', '76'), ('344', '1', '76'), ('345', '1', '77'), ('346', '1', '77'), ('347', '1', '77'), ('348', '1', '77'), ('349', '2', '77'), ('350', '2', '77'), ('351', '1', '78'), ('352', '1', '78'), ('353', '1', '78'), ('354', '2', '78'), ('355', '2', '78'), ('356', '2', '78'), ('357', '2', '78'), ('358', '1', '79'), ('359', '1', '79'), ('360', '1', '79'), ('361', '2', '79'), ('362', '2', '79'), ('363', '2', '79'), ('364', '1', '80'), ('365', '1', '80'), ('366', '1', '80'), ('367', '1', '80'), ('368', '1', '81'), ('369', '1', '81'), ('370', '1', '81'), ('371', '1', '81'), ('372', '1', '82'), ('373', '1', '82'), ('374', '1', '83'), ('375', '1', '83'), ('376', '1', '83'), ('377', '2', '83'), ('378', '2', '83'), ('379', '1', '84'), ('380', '1', '84'), ('381', '1', '84'), ('382', '1', '84'), ('383', '2', '85'), ('384', '2', '85'), ('385', '2', '85'), ('386', '2', '85'), ('387', '1', '86'), ('388', '1', '86'), ('389', '1', '86'), ('390', '1', '86'), ('391', '2', '86'), ('392', '2', '86'), ('393', '2', '86'), ('394', '2', '86'), ('395', '2', '88'), ('396', '2', '88'), ('397', '2', '88'), ('398', '2', '88'), ('399', '1', '89'), ('400', '1', '89'), ('401', '1', '89'), ('402', '2', '89'), ('403', '2', '89'), ('404', '2', '89'), ('405', '1', '90'), ('406', '1', '90'), ('407', '1', '90'), ('408', '2', '90'), ('409', '2', '90'), ('410', '2', '90'), ('411', '1', '91'), ('412', '1', '91'), ('413', '1', '91'), ('414', '1', '91'), ('415', '2', '91'), ('416', '2', '91'), ('417', '2', '91'), ('418', '2', '91'), ('419', '1', '92'), ('420', '1', '92'), ('421', '2', '92'), ('422', '2', '92'), ('423', '2', '93'), ('424', '2', '93'), ('425', '2', '93'), ('426', '1', '94'), ('427', '1', '94'), ('428', '1', '95'), ('429', '1', '95'), ('430', '2', '95'), ('431', '2', '95'), ('432', '2', '95'), ('433', '1', '96'), ('434', '1', '96'), ('435', '1', '96'), ('436', '1', '97'), ('437', '1', '97'), ('438', '1', '97'), ('439', '1', '97'), ('440', '2', '97'), ('441', '2', '97'), ('442', '1', '98'), ('443', '1', '98'), ('444', '1', '98'), ('445', '1', '99'), ('446', '1', '99'), ('447', '1', '99'), ('448', '2', '99'), ('449', '2', '99'), ('450', '2', '99'), ('451', '1', '100'), ('452', '1', '100'), ('453', '1', '100'), ('454', '1', '100'), ('455', '2', '100'), ('456', '2', '100'), ('457', '1', '101'), ('458', '1', '101'), ('459', '1', '101'), ('460', '1', '101'), ('461', '2', '101'), ('462', '2', '101'), ('463', '2', '102'), ('464', '2', '102'), ('465', '1', '103'), ('466', '1', '103'), ('467', '1', '103'), ('468', '1', '103'), ('469', '2', '103'), ('470', '2', '103'), ('471', '2', '103'), ('472', '2', '103'), ('473', '2', '104'), ('474', '2', '104'), ('475', '2', '104'), ('476', '1', '105'), ('477', '1', '105'), ('478', '2', '105'), ('479', '2', '105'), ('480', '2', '105'), ('481', '1', '106'), ('482', '1', '106'), ('483', '2', '107'), ('484', '2', '107'), ('485', '1', '109'), ('486', '1', '109'), ('487', '1', '109'), ('488', '1', '109'), ('489', '2', '109'), ('490', '2', '109'), ('491', '2', '109'), ('492', '2', '109'), ('493', '1', '110'), ('494', '1', '110'), ('495', '1', '110'), ('496', '1', '110'), ('497', '2', '111'), ('498', '2', '111'), ('499', '2', '111'), ('500', '2', '111'), ('501', '1', '112'), ('502', '1', '112'), ('503', '1', '112'), ('504', '1', '112'), ('505', '2', '112'), ('506', '2', '112'), ('507', '2', '112'), ('508', '2', '113'), ('509', '2', '113'), ('510', '2', '113'), ('511', '2', '113'), ('512', '1', '114'), ('513', '1', '114'), ('514', '1', '114'), ('515', '1', '114'), ('516', '2', '114'), ('517', '2', '114'), ('518', '2', '114'), ('519', '1', '115'), ('520', '1', '115'), ('521', '1', '115'), ('522', '2', '115'), ('523', '2', '115'), ('524', '2', '115'), ('525', '2', '115'), ('526', '1', '116'), ('527', '1', '116'), ('528', '2', '116'), ('529', '2', '116'), ('530', '2', '116'), ('531', '2', '116'), ('532', '1', '117'), ('533', '1', '117'), ('534', '1', '117'), ('535', '1', '117'), ('536', '2', '117'), ('537', '2', '117'), ('538', '1', '118'), ('539', '1', '118'), ('540', '1', '118'), ('541', '1', '118'), ('542', '2', '118'), ('543', '2', '118'), ('544', '1', '119'), ('545', '1', '119'), ('546', '1', '119'), ('547', '2', '119'), ('548', '2', '119'), ('549', '2', '119'), ('550', '2', '119'), ('551', '1', '120'), ('552', '1', '120'), ('553', '1', '120'), ('554', '1', '121'), ('555', '1', '121'), ('556', '1', '121'), ('557', '2', '121'), ('558', '2', '121'), ('559', '2', '121'), ('560', '1', '122'), ('561', '1', '122'), ('562', '1', '122'), ('563', '1', '122'), ('564', '2', '122'), ('565', '2', '122'), ('566', '2', '122'), ('567', '1', '123'), ('568', '1', '123'), ('569', '2', '123'), ('570', '2', '123'), ('571', '2', '123'), ('572', '2', '124'), ('573', '2', '124'), ('574', '2', '124'), ('575', '2', '125'), ('576', '2', '125'), ('577', '2', '126'), ('578', '2', '126'), ('579', '2', '126'), ('580', '1', '127'), ('581', '1', '127'), ('582', '1', '127'), ('583', '1', '127'), ('584', '2', '127'), ('585', '2', '127'), ('586', '2', '127'), ('587', '2', '127'), ('588', '1', '129'), ('589', '1', '129'), ('590', '1', '129'), ('591', '2', '129'), ('592', '2', '129'), ('593', '2', '129'), ('594', '1', '130'), ('595', '1', '130'), ('596', '2', '130'), ('597', '2', '130'), ('598', '2', '130'), ('599', '2', '130'), ('600', '1', '131'), ('601', '1', '131'), ('602', '1', '131'), ('603', '1', '131'), ('604', '2', '131'), ('605', '2', '131'), ('606', '1', '132'), ('607', '1', '132'), ('608', '1', '132'), ('609', '1', '132'), ('610', '2', '132'), ('611', '2', '132'), ('612', '1', '133'), ('613', '1', '133'), ('614', '2', '133'), ('615', '2', '133'), ('616', '2', '134'), ('617', '2', '134'), ('618', '2', '134'), ('619', '1', '135'), ('620', '1', '135'), ('621', '1', '135'), ('622', '2', '135'), ('623', '2', '135'), ('624', '2', '135'), ('625', '2', '135'), ('626', '1', '136'), ('627', '1', '136'), ('628', '1', '136'), ('629', '2', '137'), ('630', '2', '137'), ('631', '2', '137'), ('632', '2', '137'), ('633', '1', '138'), ('634', '1', '138'), ('635', '2', '138'), ('636', '2', '138'), ('637', '2', '138'), ('638', '1', '139'), ('639', '1', '139'), ('640', '1', '139'), ('641', '1', '139'), ('642', '2', '139'), ('643', '2', '139'), ('644', '1', '140'), ('645', '1', '140'), ('646', '2', '140'), ('647', '2', '140'), ('648', '2', '140'), ('649', '1', '141'), ('650', '1', '141'), ('651', '1', '141'), ('652', '2', '141'), ('653', '2', '141'), ('654', '1', '142'), ('655', '1', '142'), ('656', '1', '142'), ('657', '2', '142'), ('658', '2', '142'), ('659', '1', '143'), ('660', '1', '143'), ('661', '1', '143'), ('662', '1', '143'), ('663', '2', '143'), ('664', '2', '143'), ('665', '2', '143'), ('666', '2', '145'), ('667', '2', '145'), ('668', '2', '145'), ('669', '1', '146'), ('670', '1', '146'), ('671', '1', '146'), ('672', '1', '147'), ('673', '1', '147'), ('674', '1', '147'), ('675', '2', '147'), ('676', '2', '147'), ('677', '2', '147'), ('678', '1', '149'), ('679', '1', '149'), ('680', '1', '149'), ('681', '2', '149'), ('682', '2', '149'), ('683', '2', '149'), ('684', '1', '150'), ('685', '1', '150'), ('686', '2', '150'), ('687', '2', '150'), ('688', '2', '150'), ('689', '2', '150'), ('690', '1', '151'), ('691', '1', '151'), ('692', '2', '151'), ('693', '2', '151'), ('694', '1', '152'), ('695', '1', '152'), ('696', '1', '152'), ('697', '1', '152'), ('698', '1', '153'), ('699', '1', '153'), ('700', '1', '153'), ('701', '1', '153'), ('702', '1', '154'), ('703', '1', '154'), ('704', '1', '154'), ('705', '2', '154'), ('706', '2', '154'), ('707', '2', '154'), ('708', '2', '154'), ('709', '1', '155'), ('710', '1', '155'), ('711', '2', '155'), ('712', '2', '155'), ('713', '2', '155'), ('714', '2', '156'), ('715', '2', '156'), ('716', '2', '157'), ('717', '2', '157'), ('718', '2', '157'), ('719', '1', '158'), ('720', '1', '158'), ('721', '2', '158'), ('722', '2', '158'), ('723', '2', '158'), ('724', '1', '159'), ('725', '1', '159'), ('726', '1', '159'), ('727', '1', '159'), ('728', '2', '159'), ('729', '2', '159'), ('730', '2', '159'), ('731', '1', '160'), ('732', '1', '160'), ('733', '2', '160'), ('734', '2', '160'), ('735', '2', '160'), ('736', '1', '161'), ('737', '1', '161'), ('738', '1', '162'), ('739', '1', '162'), ('740', '1', '162'), ('741', '2', '162'), ('742', '2', '162'), ('743', '2', '162'), ('744', '2', '162'), ('745', '2', '163'), ('746', '2', '163'), ('747', '2', '163'), ('748', '1', '164'), ('749', '1', '164'), ('750', '2', '164'), ('751', '2', '164'), ('752', '2', '164'), ('753', '1', '165'), ('754', '1', '165'), ('755', '1', '165'), ('756', '2', '165'), ('757', '2', '165'), ('758', '1', '166'), ('759', '1', '166'), ('760', '1', '166'), ('761', '1', '166'), ('762', '2', '166'), ('763', '2', '166'), ('764', '1', '167'), ('765', '1', '167'), ('766', '1', '167'), ('767', '1', '167'), ('768', '2', '167'), ('769', '2', '167'), ('770', '2', '167'), ('771', '1', '168'), ('772', '1', '168'), ('773', '1', '169'), ('774', '1', '169'), ('775', '2', '169'), ('776', '2', '169'), ('777', '1', '170'), ('778', '1', '170'), ('779', '2', '170'), ('780', '2', '170'), ('781', '2', '170'), ('782', '2', '170'), ('783', '1', '172'), ('784', '1', '172'), ('785', '1', '172'), ('786', '1', '172'), ('787', '2', '172'), ('788', '2', '172'), ('789', '2', '172'), ('790', '1', '173'), ('791', '1', '173'), ('792', '1', '173'), ('793', '2', '173'), ('794', '2', '173'), ('795', '1', '174'), ('796', '1', '174'), ('797', '1', '174'), ('798', '1', '174'), ('799', '2', '174'), ('800', '2', '174'), ('801', '2', '174'), ('802', '2', '174'), ('803', '1', '175'), ('804', '1', '175'), ('805', '2', '175'), ('806', '2', '175'), ('807', '2', '175'), ('808', '1', '176'), ('809', '1', '176'), ('810', '2', '176'), ('811', '2', '176'), ('812', '2', '176'), ('813', '2', '176'), ('814', '2', '177'), ('815', '2', '177'), ('816', '2', '177'), ('817', '1', '178'), ('818', '1', '178'), ('819', '1', '179'), ('820', '1', '179'), ('821', '1', '179'), ('822', '1', '179'), ('823', '2', '180'), ('824', '2', '180'), ('825', '1', '181'), ('826', '1', '181'), ('827', '1', '181'), ('828', '2', '181'), ('829', '2', '181'), ('830', '2', '181'), ('831', '2', '181'), ('832', '1', '182'), ('833', '1', '182'), ('834', '1', '183'), ('835', '1', '183'), ('836', '1', '183'), ('837', '2', '183'), ('838', '2', '183'), ('839', '2', '183'), ('840', '1', '184'), ('841', '1', '184'), ('842', '2', '184'), ('843', '2', '184'), ('844', '2', '184'), ('845', '1', '185'), ('846', '1', '185'), ('847', '1', '186'), ('848', '1', '186'), ('849', '2', '186'), ('850', '2', '186'), ('851', '2', '187'), ('852', '2', '187'), ('853', '2', '187'), ('854', '1', '188'), ('855', '1', '188'), ('856', '1', '188'), ('857', '1', '189'), ('858', '1', '189'), ('859', '2', '189'), ('860', '2', '189'), ('861', '2', '189'), ('862', '2', '189'), ('863', '2', '190'), ('864', '2', '190'), ('865', '2', '190'), ('866', '2', '190'), ('867', '1', '191'), ('868', '1', '191'), ('869', '1', '191'), ('870', '2', '191'), ('871', '2', '191'), ('872', '2', '191'), ('873', '1', '193'), ('874', '1', '193'), ('875', '1', '193'), ('876', '1', '193'), ('877', '2', '193'), ('878', '2', '193'), ('879', '2', '193'), ('880', '2', '193'), ('881', '1', '194'), ('882', '1', '194'), ('883', '2', '194'), ('884', '2', '194'), ('885', '1', '196'), ('886', '1', '196'), ('887', '1', '197'), ('888', '1', '197'), ('889', '1', '199'), ('890', '1', '199'), ('891', '1', '199'), ('892', '1', '199'), ('893', '2', '199'), ('894', '2', '199'), ('895', '2', '199'), ('896', '2', '199'), ('897', '1', '200'), ('898', '1', '200'), ('899', '1', '200'), ('900', '1', '200'), ('901', '2', '200'), ('902', '2', '200'), ('903', '2', '200'), ('904', '2', '200'), ('905', '1', '201'), ('906', '1', '201'), ('907', '1', '201'), ('908', '1', '201'), ('909', '1', '202'), ('910', '1', '202'), ('911', '1', '202'), ('912', '2', '203'), ('913', '2', '203'), ('914', '2', '203'), ('915', '2', '203'), ('916', '1', '204'), ('917', '1', '204'), ('918', '1', '204'), ('919', '1', '204'), ('920', '2', '204'), ('921', '2', '204'), ('922', '1', '205'), ('923', '1', '205'), ('924', '1', '205'), ('925', '1', '205'), ('926', '1', '206'), ('927', '1', '206'), ('928', '1', '206'), ('929', '1', '206'), ('930', '2', '206'), ('931', '2', '206'), ('932', '2', '206'), ('933', '2', '206'), ('934', '1', '207'), ('935', '1', '207'), ('936', '1', '207'), ('937', '1', '207'), ('938', '1', '208'), ('939', '1', '208'), ('940', '1', '208'), ('941', '1', '209'), ('942', '1', '209'), ('943', '1', '209'), ('944', '1', '209'), ('945', '2', '210'), ('946', '2', '210'), ('947', '2', '210'), ('948', '1', '211'), ('949', '1', '211'), ('950', '1', '212'), ('951', '1', '212'), ('952', '1', '212'), ('953', '2', '212'), ('954', '2', '212'), ('955', '1', '213'), ('956', '1', '213'), ('957', '1', '213'), ('958', '1', '213'), ('959', '2', '214'), ('960', '2', '214'), ('961', '2', '214'), ('962', '2', '214'), ('963', '1', '215'), ('964', '1', '215'), ('965', '1', '215'), ('966', '2', '215'), ('967', '2', '215'), ('968', '2', '215'), ('969', '1', '216'), ('970', '1', '216'), ('971', '2', '216'), ('972', '2', '216'), ('973', '2', '216'), ('974', '1', '218'), ('975', '1', '218'), ('976', '1', '218'), ('977', '1', '218'), ('978', '2', '218'), ('979', '2', '218'), ('980', '2', '218'), ('981', '1', '219'), ('982', '1', '219'), ('983', '1', '219'), ('984', '1', '219'), ('985', '1', '220'), ('986', '1', '220'), ('987', '1', '220'), ('988', '1', '220'), ('989', '2', '220'), ('990', '2', '220'), ('991', '2', '220'), ('992', '2', '220'), ('993', '1', '222'), ('994', '1', '222'), ('995', '2', '222'), ('996', '2', '222'), ('997', '2', '222'), ('998', '2', '222'), ('999', '2', '223'), ('1000', '2', '223'), ('1001', '1', '224'), ('1002', '1', '224'), ('1003', '1', '225'), ('1004', '1', '225'), ('1005', '1', '225'), ('1006', '1', '226'), ('1007', '1', '226'), ('1008', '2', '226'), ('1009', '2', '226'), ('1010', '2', '226'), ('1011', '1', '227'), ('1012', '1', '227'), ('1013', '1', '227'), ('1014', '2', '227'), ('1015', '2', '227'), ('1016', '1', '228'), ('1017', '1', '228'), ('1018', '1', '228'), ('1019', '2', '228'), ('1020', '2', '228'), ('1021', '2', '228'), ('1022', '2', '228'), ('1023', '1', '229'), ('1024', '1', '229'), ('1025', '2', '229'), ('1026', '2', '229'), ('1027', '1', '230'), ('1028', '1', '230'), ('1029', '1', '231'), ('1030', '1', '231'), ('1031', '1', '231'), ('1032', '1', '231'), ('1033', '2', '231'), ('1034', '2', '231'), ('1035', '2', '231'), ('1036', '2', '231'), ('1037', '1', '232'), ('1038', '1', '232'), ('1039', '1', '232'), ('1040', '2', '232'), ('1041', '2', '232'), ('1042', '1', '233'), ('1043', '1', '233'), ('1044', '1', '233'), ('1045', '1', '233'), ('1046', '2', '233'), ('1047', '2', '233'), ('1048', '1', '234'), ('1049', '1', '234'), ('1050', '1', '234'), ('1051', '1', '234'), ('1052', '2', '234'), ('1053', '2', '234'), ('1054', '2', '234'), ('1055', '1', '235'), ('1056', '1', '235'), ('1057', '2', '235'), ('1058', '2', '235'), ('1059', '2', '235'), ('1060', '2', '235'), ('1061', '2', '236'), ('1062', '2', '236'), ('1063', '2', '236'), ('1064', '2', '236'), ('1065', '1', '237'), ('1066', '1', '237'), ('1067', '1', '238'), ('1068', '1', '238'), ('1069', '1', '239'), ('1070', '1', '239'), ('1071', '1', '239'), ('1072', '1', '239'), ('1073', '2', '239'), ('1074', '2', '239'), ('1075', '2', '239'), ('1076', '2', '239'), ('1077', '2', '240'), ('1078', '2', '240'), ('1079', '2', '240'), ('1080', '1', '241'), ('1081', '1', '241'), ('1082', '1', '241'), ('1083', '1', '241'), ('1084', '1', '242'), ('1085', '1', '242'), ('1086', '2', '242'), ('1087', '2', '242'), ('1088', '2', '242'), ('1089', '1', '243'), ('1090', '1', '243'), ('1091', '2', '243'), ('1092', '2', '243'), ('1093', '2', '243'), ('1094', '2', '243'), ('1095', '1', '244'), ('1096', '1', '244'), ('1097', '1', '244'), ('1098', '1', '244'), ('1099', '2', '244'), ('1100', '2', '244'), ('1101', '2', '244'), ('1102', '1', '245'), ('1103', '1', '245'), ('1104', '1', '245'), ('1105', '2', '245'), ('1106', '2', '245'), ('1107', '2', '245'), ('1108', '2', '245'), ('1109', '2', '246'), ('1110', '2', '246'), ('1111', '2', '246'), ('1112', '1', '247'), ('1113', '1', '247'), ('1114', '1', '247'), ('1115', '2', '247'), ('1116', '2', '247'), ('1117', '2', '247'), ('1118', '2', '247'), ('1119', '2', '248'), ('1120', '2', '248'), ('1121', '1', '249'), ('1122', '1', '249'), ('1123', '2', '249'), ('1124', '2', '249'), ('1125', '2', '249'), ('1126', '2', '249'), ('1127', '2', '250'), ('1128', '2', '250'), ('1129', '2', '250'), ('1130', '2', '250'), ('1131', '1', '251'), ('1132', '1', '251'), ('1133', '2', '251'), ('1134', '2', '251'), ('1135', '2', '251'), ('1136', '1', '252'), ('1137', '1', '252'), ('1138', '1', '252'), ('1139', '2', '252'), ('1140', '2', '252'), ('1141', '2', '252'), ('1142', '1', '253'), ('1143', '1', '253'), ('1144', '1', '253'), ('1145', '1', '253'), ('1146', '2', '253'), ('1147', '2', '253'), ('1148', '1', '254'), ('1149', '1', '254'), ('1150', '2', '254'), ('1151', '2', '254'), ('1152', '2', '254'), ('1153', '1', '255'), ('1154', '1', '255'), ('1155', '1', '255'), ('1156', '1', '255'), ('1157', '2', '255'), ('1158', '2', '255'), ('1159', '2', '256'), ('1160', '2', '256'), ('1161', '2', '256'), ('1162', '2', '257'), ('1163', '2', '257'), ('1164', '2', '257'), ('1165', '2', '258'), ('1166', '2', '258'), ('1167', '2', '258'), ('1168', '2', '258'), ('1169', '1', '259'), ('1170', '1', '259'), ('1171', '2', '260'), ('1172', '2', '260'), ('1173', '2', '260'), ('1174', '2', '260'), ('1175', '1', '261'), ('1176', '1', '261'), ('1177', '2', '262'), ('1178', '2', '262'), ('1179', '1', '263'), ('1180', '1', '263'), ('1181', '1', '263'), ('1182', '1', '263'), ('1183', '2', '263'), ('1184', '2', '263'), ('1185', '2', '263'), ('1186', '2', '264'), ('1187', '2', '264'), ('1188', '1', '265'), ('1189', '1', '265'), ('1190', '1', '265'), ('1191', '1', '265'), ('1192', '1', '266'), ('1193', '1', '266'), ('1194', '1', '266'), ('1195', '1', '266'), ('1196', '2', '266'), ('1197', '2', '266'), ('1198', '2', '266'), ('1199', '2', '266'), ('1200', '1', '267'), ('1201', '1', '267'), ('1202', '1', '267'), ('1203', '1', '267'), ('1204', '2', '267'), ('1205', '2', '267'), ('1206', '2', '268'), ('1207', '2', '268'), ('1208', '1', '269'), ('1209', '1', '269'), ('1210', '2', '269'), ('1211', '2', '269'), ('1212', '2', '269'), ('1213', '2', '269'), ('1214', '1', '270'), ('1215', '1', '270'), ('1216', '1', '270'), ('1217', '2', '270'), ('1218', '2', '270'), ('1219', '2', '270'), ('1220', '2', '270'), ('1221', '1', '271'), ('1222', '1', '271'), ('1223', '1', '271'), ('1224', '2', '271'), ('1225', '2', '271'), ('1226', '1', '272'), ('1227', '1', '272'), ('1228', '1', '272'), ('1229', '1', '272'), ('1230', '1', '273'), ('1231', '1', '273'), ('1232', '1', '273'), ('1233', '1', '273'), ('1234', '2', '273'), ('1235', '2', '273'), ('1236', '2', '273'), ('1237', '1', '274'), ('1238', '1', '274'), ('1239', '1', '274'), ('1240', '2', '274'), ('1241', '2', '274'), ('1242', '2', '274'), ('1243', '2', '274'), ('1244', '1', '275'), ('1245', '1', '275'), ('1246', '1', '275'), ('1247', '2', '275'), ('1248', '2', '275'), ('1249', '1', '276'), ('1250', '1', '276'), ('1251', '1', '276'), ('1252', '1', '276'), ('1253', '1', '277'), ('1254', '1', '277'), ('1255', '1', '277'), ('1256', '1', '278'), ('1257', '1', '278'), ('1258', '1', '279'), ('1259', '1', '279'), ('1260', '1', '280'), ('1261', '1', '280'), ('1262', '1', '280'), ('1263', '1', '280'), ('1264', '2', '280'), ('1265', '2', '280'), ('1266', '1', '281'), ('1267', '1', '281'), ('1268', '2', '281'), ('1269', '2', '281'), ('1270', '2', '281'), ('1271', '2', '281'), ('1272', '1', '282'), ('1273', '1', '282'), ('1274', '1', '282'), ('1275', '2', '282'), ('1276', '2', '282'), ('1277', '2', '282'), ('1278', '1', '283'), ('1279', '1', '283'), ('1280', '1', '283'), ('1281', '1', '284'), ('1282', '1', '284'), ('1283', '1', '284'), ('1284', '2', '284'), ('1285', '2', '284'), ('1286', '2', '284'), ('1287', '2', '284'), ('1288', '1', '285'), ('1289', '1', '285'), ('1290', '1', '285'), ('1291', '2', '285'), ('1292', '2', '285'), ('1293', '2', '285'), ('1294', '2', '285'), ('1295', '1', '286'), ('1296', '1', '286'), ('1297', '2', '286'), ('1298', '2', '286'), ('1299', '2', '286'), ('1300', '1', '287'), ('1301', '1', '287'), ('1302', '2', '287'), ('1303', '2', '287'), ('1304', '1', '288'), ('1305', '1', '288'), ('1306', '2', '288'), ('1307', '2', '288'), ('1308', '2', '288'), ('1309', '2', '288'), ('1310', '1', '289'), ('1311', '1', '289'), ('1312', '1', '290'), ('1313', '1', '290'), ('1314', '1', '290'), ('1315', '1', '291'), ('1316', '1', '291'), ('1317', '1', '291'), ('1318', '1', '291'), ('1319', '1', '292'), ('1320', '1', '292'), ('1321', '1', '292'), ('1322', '2', '292'), ('1323', '2', '292'), ('1324', '2', '292'), ('1325', '1', '293'), ('1326', '1', '293'), ('1327', '2', '293'), ('1328', '2', '293'), ('1329', '2', '293'), ('1330', '1', '294'), ('1331', '1', '294'), ('1332', '2', '294'), ('1333', '2', '294'), ('1334', '2', '294'), ('1335', '1', '295'), ('1336', '1', '295'), ('1337', '1', '295'), ('1338', '1', '295'), ('1339', '2', '295'), ('1340', '2', '295'), ('1341', '2', '295'), ('1342', '2', '295'), ('1343', '1', '296'), ('1344', '1', '296'), ('1345', '1', '296'), ('1346', '1', '296'), ('1347', '2', '297'), ('1348', '2', '297'), ('1349', '1', '298'), ('1350', '1', '298'), ('1351', '2', '298'), ('1352', '2', '298'), ('1353', '2', '298'), ('1354', '1', '299'), ('1355', '1', '299'), ('1356', '1', '299'), ('1357', '1', '299'), ('1358', '1', '300'), ('1359', '1', '300'), ('1360', '2', '300'), ('1361', '2', '300'), ('1362', '2', '300'), ('1363', '2', '300'), ('1364', '1', '301'), ('1365', '1', '301'), ('1366', '1', '301'), ('1367', '1', '301'), ('1368', '2', '301'), ('1369', '2', '301'), ('1370', '2', '301'), ('1371', '2', '301'), ('1372', '1', '302'), ('1373', '1', '302'), ('1374', '2', '302'), ('1375', '2', '302'), ('1376', '2', '302'), ('1377', '2', '302'), ('1378', '1', '303'), ('1379', '1', '303'), ('1380', '1', '303'), ('1381', '1', '303'), ('1382', '2', '303'), ('1383', '2', '303'), ('1384', '1', '304'), ('1385', '1', '304'), ('1386', '1', '304'), ('1387', '1', '304'), ('1388', '2', '304'), ('1389', '2', '304'), ('1390', '1', '305'), ('1391', '1', '305'), ('1392', '1', '305'), ('1393', '1', '305'), ('1394', '2', '305'), ('1395', '2', '305'), ('1396', '2', '305'), ('1397', '1', '306'), ('1398', '1', '306'), ('1399', '1', '306'), ('1400', '1', '307'), ('1401', '1', '307'), ('1402', '1', '307'), ('1403', '2', '307'), ('1404', '2', '307'), ('1405', '2', '307'), ('1406', '1', '308'), ('1407', '1', '308'), ('1408', '2', '308'), ('1409', '2', '308'), ('1410', '1', '309'), ('1411', '1', '309'), ('1412', '2', '309'), ('1413', '2', '309'), ('1414', '2', '309'), ('1415', '2', '309'), ('1416', '1', '310'), ('1417', '1', '310'), ('1418', '1', '311'), ('1419', '1', '311'), ('1420', '1', '311'), ('1421', '2', '311'), ('1422', '2', '311'), ('1423', '2', '311'), ('1424', '2', '311'), ('1425', '2', '312'), ('1426', '2', '312'), ('1427', '2', '312'), ('1428', '1', '313'), ('1429', '1', '313'), ('1430', '1', '313'), ('1431', '1', '313'), ('1432', '2', '313'), ('1433', '2', '313'), ('1434', '1', '314'), ('1435', '1', '314'), ('1436', '2', '314'), ('1437', '2', '314'), ('1438', '2', '314'), ('1439', '2', '314'), ('1440', '2', '315'), ('1441', '2', '315'), ('1442', '2', '315'), ('1443', '2', '316'), ('1444', '2', '316'), ('1445', '1', '317'), ('1446', '1', '317'), ('1447', '1', '317'), ('1448', '1', '317'), ('1449', '2', '317'), ('1450', '2', '317'), ('1451', '2', '317'), ('1452', '1', '319'), ('1453', '1', '319'), ('1454', '1', '319'), ('1455', '2', '319'), ('1456', '2', '319'), ('1457', '2', '319'), ('1458', '2', '319'), ('1459', '1', '320'), ('1460', '1', '320'), ('1461', '1', '320'), ('1462', '2', '320'), ('1463', '2', '320'), ('1464', '2', '320'), ('1465', '2', '320'), ('1466', '1', '321'), ('1467', '1', '321'), ('1468', '1', '321'), ('1469', '1', '321'), ('1470', '1', '322'), ('1471', '1', '322'), ('1472', '1', '322'), ('1473', '1', '322'), ('1474', '2', '322'), ('1475', '2', '322'), ('1476', '2', '323'), ('1477', '2', '323'), ('1478', '2', '323'), ('1479', '2', '323'), ('1480', '1', '324'), ('1481', '1', '324'), ('1482', '1', '324'), ('1483', '2', '324'), ('1484', '2', '324'), ('1485', '1', '326'), ('1486', '1', '326'), ('1487', '2', '326'), ('1488', '2', '326'), ('1489', '2', '326'), ('1490', '2', '326'), ('1491', '1', '327'), ('1492', '1', '327'), ('1493', '1', '327'), ('1494', '1', '327'), ('1495', '2', '327'), ('1496', '2', '327'), ('1497', '2', '328'), ('1498', '2', '328'), ('1499', '2', '328'), ('1500', '2', '328'), ('1501', '1', '329'), ('1502', '1', '329'), ('1503', '1', '329'), ('1504', '2', '329'), ('1505', '2', '329'), ('1506', '2', '329'), ('1507', '1', '330'), ('1508', '1', '330'), ('1509', '1', '330'), ('1510', '1', '330'), ('1511', '2', '330'), ('1512', '2', '330'), ('1513', '2', '330'), ('1514', '1', '331'), ('1515', '1', '331'), ('1516', '1', '331'), ('1517', '1', '331'), ('1518', '2', '331'), ('1519', '2', '331'), ('1520', '2', '331'), ('1521', '2', '331'), ('1522', '1', '333'), ('1523', '1', '333'), ('1524', '2', '333'), ('1525', '2', '333'), ('1526', '1', '334'), ('1527', '1', '334'), ('1528', '2', '334'), ('1529', '2', '334'), ('1530', '2', '334'), ('1531', '2', '334'), ('1532', '1', '335'), ('1533', '1', '335'), ('1534', '1', '336'), ('1535', '1', '336'), ('1536', '1', '336'), ('1537', '2', '336'), ('1538', '2', '336'), ('1539', '1', '337'), ('1540', '1', '337'), ('1541', '2', '337'), ('1542', '2', '337'), ('1543', '2', '338'), ('1544', '2', '338'), ('1545', '2', '338'), ('1546', '2', '339'), ('1547', '2', '339'), ('1548', '2', '339'), ('1549', '1', '340'), ('1550', '1', '340'), ('1551', '1', '341'), ('1552', '1', '341'), ('1553', '1', '341'), ('1554', '1', '341'), ('1555', '2', '341'), ('1556', '2', '341'), ('1557', '2', '341'), ('1558', '2', '341'), ('1559', '1', '342'), ('1560', '1', '342'), ('1561', '1', '342'), ('1562', '1', '342'), ('1563', '1', '343'), ('1564', '1', '343'), ('1565', '1', '344'), ('1566', '1', '344'), ('1567', '1', '344'), ('1568', '2', '344'), ('1569', '2', '344'), ('1570', '1', '345'), ('1571', '1', '345'), ('1572', '1', '345'), ('1573', '2', '345'), ('1574', '2', '345'), ('1575', '1', '346'), ('1576', '1', '346'), ('1577', '2', '346'), ('1578', '2', '346'), ('1579', '2', '346'), ('1580', '2', '346'), ('1581', '1', '347'), ('1582', '1', '347'), ('1583', '1', '347'), ('1584', '1', '347'), ('1585', '2', '348'), ('1586', '2', '348'), ('1587', '2', '348'), ('1588', '2', '348'), ('1589', '1', '349'), ('1590', '1', '349'), ('1591', '1', '349'), ('1592', '1', '349'), ('1593', '2', '349'), ('1594', '2', '349'), ('1595', '2', '349'), ('1596', '1', '350'), ('1597', '1', '350'), ('1598', '1', '350'), ('1599', '1', '350'), ('1600', '2', '350'), ('1601', '2', '350'), ('1602', '2', '350'), ('1603', '2', '350'), ('1604', '1', '351'), ('1605', '1', '351'), ('1606', '1', '351'), ('1607', '2', '351'), ('1608', '2', '351'), ('1609', '2', '351'), ('1610', '2', '352'), ('1611', '2', '352'), ('1612', '2', '352'), ('1613', '2', '352'), ('1614', '1', '353'), ('1615', '1', '353'), ('1616', '2', '353'), ('1617', '2', '353'), ('1618', '2', '353'), ('1619', '2', '353'), ('1620', '1', '354'), ('1621', '1', '354'), ('1622', '1', '354'), ('1623', '2', '354'), ('1624', '2', '354'), ('1625', '2', '355'), ('1626', '2', '355'), ('1627', '1', '356'), ('1628', '1', '356'), ('1629', '1', '356'), ('1630', '1', '356'), ('1631', '2', '356'), ('1632', '2', '356'), ('1633', '2', '356'), ('1634', '2', '356'), ('1635', '2', '357'), ('1636', '2', '357'), ('1637', '2', '357'), ('1638', '2', '357'), ('1639', '1', '358'), ('1640', '1', '358'), ('1641', '1', '358'), ('1642', '1', '358'), ('1643', '2', '358'), ('1644', '2', '358'), ('1645', '2', '358'), ('1646', '2', '358'), ('1647', '1', '360'), ('1648', '1', '360'), ('1649', '1', '360'), ('1650', '1', '360'), ('1651', '1', '361'), ('1652', '1', '361'), ('1653', '1', '361'), ('1654', '1', '361'), ('1655', '2', '361'), ('1656', '2', '361'), ('1657', '2', '361'), ('1658', '2', '361'), ('1659', '1', '362'), ('1660', '1', '362'), ('1661', '1', '363'), ('1662', '1', '363'), ('1663', '1', '363'), ('1664', '2', '363'), ('1665', '2', '363'), ('1666', '2', '363'), ('1667', '1', '364'), ('1668', '1', '364'), ('1669', '1', '364'), ('1670', '1', '365'), ('1671', '1', '365'), ('1672', '2', '365'), ('1673', '2', '365'), ('1674', '1', '366'), ('1675', '1', '366'), ('1676', '1', '366'), ('1677', '1', '366'), ('1678', '2', '366'), ('1679', '2', '366'), ('1680', '2', '366'), ('1681', '1', '367'), ('1682', '1', '367'), ('1683', '1', '367'), ('1684', '1', '367'), ('1685', '2', '367'), ('1686', '2', '367'), ('1687', '2', '367'), ('1688', '1', '368'), ('1689', '1', '368'), ('1690', '1', '369'), ('1691', '1', '369'), ('1692', '1', '369'), ('1693', '1', '369'), ('1694', '2', '369'), ('1695', '2', '369'), ('1696', '2', '369'), ('1697', '2', '369'), ('1698', '1', '370'), ('1699', '1', '370'), ('1700', '1', '370'), ('1701', '2', '370'), ('1702', '2', '370'), ('1703', '1', '371'), ('1704', '1', '371'), ('1705', '1', '371'), ('1706', '1', '372'), ('1707', '1', '372'), ('1708', '1', '373'), ('1709', '1', '373'), ('1710', '1', '373'), ('1711', '2', '373'), ('1712', '2', '373'), ('1713', '1', '374'), ('1714', '1', '374'), ('1715', '1', '374'), ('1716', '2', '374'), ('1717', '2', '374'), ('1718', '2', '374'), ('1719', '2', '374'), ('1720', '1', '375'), ('1721', '1', '375'), ('1722', '1', '376'), ('1723', '1', '376'), ('1724', '1', '376'), ('1725', '1', '376'), ('1726', '2', '376'), ('1727', '2', '376'), ('1728', '2', '376'), ('1729', '1', '377'), ('1730', '1', '377'), ('1731', '1', '377'), ('1732', '2', '377'), ('1733', '2', '377'), ('1734', '2', '377'), ('1735', '1', '378'), ('1736', '1', '378'), ('1737', '1', '378'), ('1738', '1', '378'), ('1739', '2', '378'), ('1740', '2', '378'), ('1741', '2', '378'), ('1742', '2', '378'), ('1743', '2', '379'), ('1744', '2', '379'), ('1745', '2', '379'), ('1746', '2', '379'), ('1747', '1', '380'), ('1748', '1', '380'), ('1749', '2', '380'), ('1750', '2', '380'), ('1751', '2', '380'), ('1752', '1', '381'), ('1753', '1', '381'), ('1754', '2', '381'), ('1755', '2', '381'), ('1756', '2', '381'), ('1757', '1', '382'), ('1758', '1', '382'), ('1759', '1', '382'), ('1760', '1', '382'), ('1761', '2', '382'), ('1762', '2', '382'), ('1763', '2', '382'), ('1764', '2', '382'), ('1765', '1', '383'), ('1766', '1', '383'), ('1767', '1', '383'), ('1768', '2', '383'), ('1769', '2', '383'), ('1770', '2', '384'), ('1771', '2', '384'), ('1772', '2', '384'), ('1773', '1', '385'), ('1774', '1', '385'), ('1775', '2', '385'), ('1776', '2', '385'), ('1777', '2', '385'), ('1778', '1', '387'), ('1779', '1', '387'), ('1780', '1', '387'), ('1781', '2', '387'), ('1782', '2', '387'), ('1783', '2', '387'), ('1784', '1', '388'), ('1785', '1', '388'), ('1786', '1', '388'), ('1787', '2', '388'), ('1788', '2', '388'), ('1789', '2', '388'), ('1790', '1', '389'), ('1791', '1', '389'), ('1792', '2', '389'), ('1793', '2', '389'), ('1794', '1', '390'), ('1795', '1', '390'), ('1796', '1', '390'), ('1797', '1', '391'), ('1798', '1', '391'), ('1799', '1', '391'), ('1800', '1', '391'), ('1801', '2', '391'), ('1802', '2', '391'), ('1803', '2', '391'), ('1804', '1', '392'), ('1805', '1', '392'), ('1806', '1', '392'), ('1807', '1', '392'), ('1808', '2', '392'), ('1809', '2', '392'), ('1810', '1', '393'), ('1811', '1', '393'), ('1812', '1', '394'), ('1813', '1', '394'), ('1814', '1', '394'), ('1815', '1', '394'), ('1816', '1', '395'), ('1817', '1', '395'), ('1818', '1', '395'), ('1819', '2', '395'), ('1820', '2', '395'), ('1821', '2', '395'), ('1822', '2', '396'), ('1823', '2', '396'), ('1824', '2', '396'), ('1825', '2', '396'), ('1826', '1', '397'), ('1827', '1', '397'), ('1828', '1', '397'), ('1829', '2', '397'), ('1830', '2', '397'), ('1831', '2', '397'), ('1832', '2', '397'), ('1833', '2', '398'), ('1834', '2', '398'), ('1835', '2', '398'), ('1836', '2', '398'), ('1837', '2', '399'), ('1838', '2', '399'), ('1839', '1', '400'), ('1840', '1', '400'), ('1841', '1', '401'), ('1842', '1', '401'), ('1843', '1', '402'), ('1844', '1', '402'), ('1845', '1', '402'), ('1846', '2', '402'), ('1847', '2', '402'), ('1848', '2', '402'), ('1849', '1', '403'), ('1850', '1', '403'), ('1851', '1', '403'), ('1852', '1', '403'), ('1853', '2', '403'), ('1854', '2', '403'), ('1855', '2', '403'), ('1856', '2', '403'), ('1857', '2', '405'), ('1858', '2', '405'), ('1859', '1', '406'), ('1860', '1', '406'), ('1861', '2', '406'), ('1862', '2', '406'), ('1863', '2', '406'), ('1864', '2', '406'), ('1865', '1', '407'), ('1866', '1', '407'), ('1867', '1', '408'), ('1868', '1', '408'), ('1869', '1', '408'), ('1870', '1', '408'), ('1871', '2', '408'), ('1872', '2', '408'), ('1873', '2', '408'), ('1874', '1', '409'), ('1875', '1', '409'), ('1876', '1', '409'), ('1877', '1', '409'), ('1878', '2', '409'), ('1879', '2', '409'), ('1880', '2', '409'), ('1881', '1', '410'), ('1882', '1', '410'), ('1883', '1', '410'), ('1884', '2', '410'), ('1885', '2', '410'), ('1886', '1', '411'), ('1887', '1', '411'), ('1888', '1', '412'), ('1889', '1', '412'), ('1890', '1', '412'), ('1891', '1', '412'), ('1892', '2', '412'), ('1893', '2', '412'), ('1894', '2', '412'), ('1895', '2', '412'), ('1896', '1', '413'), ('1897', '1', '413'), ('1898', '1', '413'), ('1899', '1', '414'), ('1900', '1', '414'), ('1901', '1', '414'), ('1902', '2', '414'), ('1903', '2', '414'), ('1904', '2', '414'), ('1905', '1', '415'), ('1906', '1', '415'), ('1907', '1', '415'), ('1908', '2', '415'), ('1909', '2', '415'), ('1910', '2', '415'), ('1911', '1', '416'), ('1912', '1', '416'), ('1913', '2', '416'), ('1914', '2', '416'), ('1915', '2', '416'), ('1916', '2', '416'), ('1917', '1', '417'), ('1918', '1', '417'), ('1919', '1', '417'), ('1920', '1', '417'), ('1921', '2', '417'), ('1922', '2', '417'), ('1923', '1', '418'), ('1924', '1', '418'), ('1925', '1', '418'), ('1926', '1', '418'), ('1927', '2', '418'), ('1928', '2', '418'), ('1929', '2', '418'), ('1930', '2', '418'), ('1931', '1', '420'), ('1932', '1', '420'), ('1933', '2', '420'), ('1934', '2', '420'), ('1935', '2', '420'), ('1936', '2', '421'), ('1937', '2', '421'), ('1938', '2', '421'), ('1939', '2', '421'), ('1940', '2', '422'), ('1941', '2', '422'), ('1942', '1', '423'), ('1943', '1', '423'), ('1944', '2', '423'), ('1945', '2', '423'), ('1946', '1', '424'), ('1947', '1', '424'), ('1948', '1', '424'), ('1949', '2', '424'), ('1950', '2', '424'), ('1951', '2', '425'), ('1952', '2', '425'), ('1953', '2', '426'), ('1954', '2', '426'), ('1955', '2', '426'), ('1956', '1', '427'), ('1957', '1', '427'), ('1958', '1', '427'), ('1959', '1', '427'), ('1960', '1', '428'), ('1961', '1', '428'), ('1962', '1', '428'), ('1963', '1', '428'), ('1964', '2', '428'), ('1965', '2', '428'), ('1966', '1', '429'), ('1967', '1', '429'), ('1968', '2', '429'), ('1969', '2', '429'), ('1970', '2', '429'), ('1971', '2', '429'), ('1972', '2', '430'), ('1973', '2', '430'), ('1974', '2', '430'), ('1975', '2', '430'), ('1976', '2', '431'), ('1977', '2', '431'), ('1978', '2', '431'), ('1979', '1', '432'), ('1980', '1', '432'), ('1981', '1', '432'), ('1982', '2', '432'), ('1983', '2', '432'), ('1984', '1', '433'), ('1985', '1', '433'), ('1986', '1', '433'), ('1987', '1', '433'), ('1988', '2', '433'), ('1989', '2', '433'), ('1990', '1', '434'), ('1991', '1', '434'), ('1992', '1', '434'), ('1993', '1', '434'), ('1994', '2', '434'), ('1995', '2', '434'), ('1996', '2', '434'), ('1997', '2', '434'), ('1998', '1', '435'), ('1999', '1', '435'), ('2000', '1', '436'), ('2001', '1', '436'), ('2002', '1', '436'), ('2003', '2', '436'), ('2004', '2', '436'), ('2005', '2', '436'), ('2006', '1', '437'), ('2007', '1', '437'), ('2008', '2', '437'), ('2009', '2', '437'), ('2010', '2', '437'), ('2011', '2', '437'), ('2012', '1', '438'), ('2013', '1', '438'), ('2014', '2', '438'), ('2015', '2', '438'), ('2016', '2', '438'), ('2017', '1', '439'), ('2018', '1', '439'), ('2019', '1', '439'), ('2020', '1', '439'), ('2021', '2', '439'), ('2022', '2', '439'), ('2023', '1', '440'), ('2024', '1', '440'), ('2025', '2', '440'), ('2026', '2', '440'), ('2027', '1', '441'), ('2028', '1', '441'), ('2029', '1', '442'), ('2030', '1', '442'), ('2031', '1', '442'), ('2032', '1', '443'), ('2033', '1', '443'), ('2034', '1', '443'), ('2035', '2', '443'), ('2036', '2', '443'), ('2037', '2', '443'), ('2038', '2', '443'), ('2039', '1', '444'), ('2040', '1', '444'), ('2041', '1', '444'), ('2042', '1', '444'), ('2043', '2', '444'), ('2044', '2', '444'), ('2045', '2', '444'), ('2046', '2', '444'), ('2047', '1', '445'), ('2048', '1', '445'), ('2049', '1', '445'), ('2050', '2', '445'), ('2051', '2', '445'), ('2052', '2', '445'), ('2053', '1', '446'), ('2054', '1', '446'), ('2055', '2', '446'), ('2056', '2', '446'), ('2057', '1', '447'), ('2058', '1', '447'), ('2059', '1', '447'), ('2060', '1', '447'), ('2061', '2', '447'), ('2062', '2', '447'), ('2063', '2', '447'), ('2064', '1', '448'), ('2065', '1', '448'), ('2066', '2', '448'), ('2067', '2', '448'), ('2068', '2', '448'), ('2069', '2', '449'), ('2070', '2', '449'), ('2071', '2', '449'), ('2072', '2', '449'), ('2073', '1', '450'), ('2074', '1', '450'), ('2075', '1', '450'), ('2076', '2', '450'), ('2077', '2', '450'), ('2078', '2', '450'), ('2079', '2', '450'), ('2080', '1', '451'), ('2081', '1', '451'), ('2082', '2', '451'), ('2083', '2', '451'), ('2084', '2', '451'), ('2085', '2', '452'), ('2086', '2', '452'), ('2087', '2', '452'), ('2088', '2', '452'), ('2089', '1', '453'), ('2090', '1', '453'), ('2091', '1', '453'), ('2092', '2', '453'), ('2093', '2', '453'), ('2094', '1', '454'), ('2095', '1', '454'), ('2096', '1', '455'), ('2097', '1', '455'), ('2098', '1', '455'), ('2099', '1', '455'), ('2100', '1', '456'), ('2101', '1', '456'), ('2102', '2', '456'), ('2103', '2', '456'), ('2104', '2', '456'), ('2105', '2', '456'), ('2106', '1', '457'), ('2107', '1', '457'), ('2108', '2', '457'), ('2109', '2', '457'), ('2110', '2', '457'), ('2111', '2', '457'), ('2112', '1', '458'), ('2113', '1', '458'), ('2114', '2', '458'), ('2115', '2', '458'), ('2116', '2', '458'), ('2117', '2', '458'), ('2118', '2', '459'), ('2119', '2', '459'), ('2120', '1', '460'), ('2121', '1', '460'), ('2122', '1', '460'), ('2123', '1', '460'), ('2124', '2', '460'), ('2125', '2', '460'), ('2126', '2', '460'), ('2127', '2', '460'), ('2128', '1', '461'), ('2129', '1', '461'), ('2130', '2', '461'), ('2131', '2', '461'), ('2132', '2', '461'), ('2133', '2', '461'), ('2134', '1', '462'), ('2135', '1', '462'), ('2136', '2', '462'), ('2137', '2', '462'), ('2138', '2', '462'), ('2139', '1', '463'), ('2140', '1', '463'), ('2141', '1', '463'), ('2142', '2', '463'), ('2143', '2', '463'), ('2144', '1', '464'), ('2145', '1', '464'), ('2146', '1', '464'), ('2147', '1', '464'), ('2148', '2', '464'), ('2149', '2', '464'), ('2150', '2', '464'), ('2151', '1', '465'), ('2152', '1', '465'), ('2153', '2', '465'), ('2154', '2', '465'), ('2155', '2', '465'), ('2156', '1', '466'), ('2157', '1', '466'), ('2158', '1', '467'), ('2159', '1', '467'), ('2160', '1', '467'), ('2161', '1', '467'), ('2162', '2', '467'), ('2163', '2', '467'), ('2164', '2', '467'), ('2165', '1', '468'), ('2166', '1', '468'), ('2167', '1', '468'), ('2168', '1', '468'), ('2169', '2', '468'), ('2170', '2', '468'), ('2171', '2', '468'), ('2172', '2', '468'), ('2173', '2', '469'), ('2174', '2', '469'), ('2175', '2', '469'), ('2176', '1', '470'), ('2177', '1', '470'), ('2178', '1', '471'), ('2179', '1', '471'), ('2180', '1', '471'), ('2181', '2', '471'), ('2182', '2', '471'), ('2183', '2', '471'), ('2184', '2', '471'), ('2185', '2', '472'), ('2186', '2', '472'), ('2187', '1', '473'), ('2188', '1', '473'), ('2189', '2', '473'), ('2190', '2', '473'), ('2191', '2', '473'), ('2192', '2', '474'), ('2193', '2', '474'), ('2194', '2', '474'), ('2195', '2', '474'), ('2196', '2', '475'), ('2197', '2', '475'), ('2198', '1', '476'), ('2199', '1', '476'), ('2200', '1', '476'), ('2201', '2', '476'), ('2202', '2', '476'), ('2203', '2', '476'), ('2204', '2', '476'), ('2205', '2', '477'), ('2206', '2', '477'), ('2207', '2', '477'), ('2208', '1', '478'), ('2209', '1', '478'), ('2210', '2', '478'), ('2211', '2', '478'), ('2212', '2', '478'), ('2213', '1', '479'), ('2214', '1', '479'), ('2215', '2', '479'), ('2216', '2', '479'), ('2217', '2', '479'), ('2218', '1', '480'), ('2219', '1', '480'), ('2220', '2', '480'), ('2221', '2', '480'), ('2222', '1', '481'), ('2223', '1', '481'), ('2224', '1', '481'), ('2225', '2', '481'), ('2226', '2', '481'), ('2227', '2', '481'), ('2228', '1', '482'), ('2229', '1', '482'), ('2230', '1', '482'), ('2231', '1', '483'), ('2232', '1', '483'), ('2233', '1', '483'), ('2234', '2', '483'), ('2235', '2', '483'), ('2236', '1', '484'), ('2237', '1', '484'), ('2238', '1', '484'), ('2239', '1', '484'), ('2240', '2', '484'), ('2241', '2', '484'), ('2242', '2', '484'), ('2243', '2', '485'), ('2244', '2', '485'), ('2245', '2', '485'), ('2246', '1', '486'), ('2247', '1', '486'), ('2248', '1', '486'), ('2249', '1', '486'), ('2250', '2', '486'), ('2251', '2', '486'), ('2252', '2', '487'), ('2253', '2', '487'), ('2254', '2', '487'), ('2255', '1', '488'), ('2256', '1', '488'), ('2257', '2', '488'), ('2258', '2', '488'), ('2259', '2', '488'), ('2260', '1', '489'), ('2261', '1', '489'), ('2262', '1', '489'), ('2263', '1', '489'), ('2264', '2', '489'), ('2265', '2', '489'), ('2266', '2', '489'), ('2267', '2', '489'), ('2268', '1', '490'), ('2269', '1', '490'), ('2270', '1', '491'), ('2271', '1', '491'), ('2272', '2', '491'), ('2273', '2', '491'), ('2274', '2', '491'), ('2275', '2', '491'), ('2276', '1', '492'), ('2277', '1', '492'), ('2278', '2', '493'), ('2279', '2', '493'), ('2280', '2', '493'), ('2281', '1', '494'), ('2282', '1', '494'), ('2283', '1', '494'), ('2284', '1', '494'), ('2285', '2', '494'), ('2286', '2', '494'), ('2287', '1', '496'), ('2288', '1', '496'), ('2289', '2', '496'), ('2290', '2', '496'), ('2291', '2', '496'), ('2292', '1', '498'), ('2293', '1', '498'), ('2294', '1', '499'), ('2295', '1', '499'), ('2296', '1', '500'), ('2297', '1', '500'), ('2298', '1', '500'), ('2299', '1', '500'), ('2300', '2', '500'), ('2301', '2', '500'), ('2302', '2', '500'), ('2303', '2', '500'), ('2304', '1', '501'), ('2305', '1', '501'), ('2306', '1', '501'), ('2307', '2', '501'), ('2308', '2', '501'), ('2309', '1', '502'), ('2310', '1', '502'), ('2311', '1', '502'), ('2312', '1', '502'), ('2313', '2', '502'), ('2314', '2', '502'), ('2315', '2', '502'), ('2316', '1', '503'), ('2317', '1', '503'), ('2318', '1', '503'), ('2319', '1', '504'), ('2320', '1', '504'), ('2321', '1', '504'), ('2322', '1', '504'), ('2323', '2', '504'), ('2324', '2', '504'), ('2325', '2', '505'), ('2326', '2', '505'), ('2327', '2', '505'), ('2328', '2', '505'), ('2329', '1', '506'), ('2330', '1', '506'), ('2331', '1', '506'), ('2332', '1', '506'), ('2333', '2', '506'), ('2334', '2', '506'), ('2335', '2', '507'), ('2336', '2', '507'), ('2337', '2', '508'), ('2338', '2', '508'), ('2339', '2', '508'), ('2340', '2', '509'), ('2341', '2', '509'), ('2342', '2', '509'), ('2343', '1', '510'), ('2344', '1', '510'), ('2345', '1', '510'), ('2346', '1', '510'), ('2347', '1', '511'), ('2348', '1', '511'), ('2349', '2', '511'), ('2350', '2', '511'), ('2351', '2', '511'), ('2352', '1', '512'), ('2353', '1', '512'), ('2354', '2', '512'), ('2355', '2', '512'), ('2356', '2', '512'), ('2357', '2', '512'), ('2358', '2', '513'), ('2359', '2', '513'), ('2360', '1', '514'), ('2361', '1', '514'), ('2362', '2', '514'), ('2363', '2', '514'), ('2364', '2', '514'), ('2365', '2', '514'), ('2366', '2', '515'), ('2367', '2', '515'), ('2368', '2', '516'), ('2369', '2', '516'), ('2370', '2', '516'), ('2371', '2', '517'), ('2372', '2', '517'), ('2373', '1', '518'), ('2374', '1', '518'), ('2375', '2', '518'), ('2376', '2', '518'), ('2377', '2', '518'), ('2378', '2', '518'), ('2379', '2', '519'), ('2380', '2', '519'), ('2381', '2', '519'), ('2382', '2', '519'), ('2383', '1', '520'), ('2384', '1', '520'), ('2385', '1', '521'), ('2386', '1', '521'), ('2387', '1', '521'), ('2388', '1', '521'), ('2389', '2', '521'), ('2390', '2', '521'), ('2391', '2', '521'), ('2392', '2', '522'), ('2393', '2', '522'), ('2394', '1', '523'), ('2395', '1', '523'), ('2396', '1', '524'), ('2397', '1', '524'), ('2398', '2', '524'), ('2399', '2', '524'), ('2400', '2', '524'), ('2401', '2', '524'), ('2402', '1', '525'), ('2403', '1', '525'), ('2404', '1', '525'), ('2405', '1', '525'), ('2406', '2', '525'), ('2407', '2', '525'), ('2408', '2', '525'), ('2409', '2', '525'), ('2410', '2', '526'), ('2411', '2', '526'), ('2412', '2', '526'), ('2413', '2', '526'), ('2414', '1', '527'), ('2415', '1', '527'), ('2416', '2', '527'), ('2417', '2', '527'), ('2418', '2', '527'), ('2419', '2', '527'), ('2420', '1', '528'), ('2421', '1', '528'), ('2422', '1', '528'), ('2423', '1', '529'), ('2424', '1', '529'), ('2425', '1', '529'), ('2426', '1', '529'), ('2427', '1', '530'), ('2428', '1', '530'), ('2429', '1', '530'), ('2430', '1', '531'), ('2431', '1', '531'), ('2432', '1', '531'), ('2433', '1', '531'), ('2434', '2', '531'), ('2435', '2', '531'), ('2436', '2', '531'), ('2437', '2', '531'), ('2438', '2', '532'), ('2439', '2', '532'), ('2440', '2', '532'), ('2441', '2', '532'), ('2442', '1', '533'), ('2443', '1', '533'), ('2444', '1', '533'), ('2445', '1', '534'), ('2446', '1', '534'), ('2447', '2', '534'), ('2448', '2', '534'), ('2449', '2', '534'), ('2450', '1', '535'), ('2451', '1', '535'), ('2452', '1', '535'), ('2453', '1', '535'), ('2454', '1', '536'), ('2455', '1', '536'), ('2456', '1', '536'), ('2457', '2', '536'), ('2458', '2', '536'), ('2459', '2', '537'), ('2460', '2', '537'), ('2461', '2', '537'), ('2462', '2', '538'), ('2463', '2', '538'), ('2464', '2', '538'), ('2465', '1', '539'), ('2466', '1', '539'), ('2467', '1', '540'), ('2468', '1', '540'), ('2469', '1', '540'), ('2470', '2', '541'), ('2471', '2', '541'), ('2472', '1', '542'), ('2473', '1', '542'), ('2474', '1', '542'), ('2475', '1', '542'), ('2476', '2', '542'), ('2477', '2', '542'), ('2478', '1', '543'), ('2479', '1', '543'), ('2480', '1', '544'), ('2481', '1', '544'), ('2482', '2', '544'), ('2483', '2', '544'), ('2484', '1', '545'), ('2485', '1', '545'), ('2486', '1', '545'), ('2487', '1', '545'), ('2488', '2', '545'), ('2489', '2', '545'), ('2490', '2', '546'), ('2491', '2', '546'), ('2492', '2', '546'), ('2493', '2', '546'), ('2494', '2', '547'), ('2495', '2', '547'), ('2496', '1', '548'), ('2497', '1', '548'), ('2498', '1', '549'), ('2499', '1', '549'), ('2500', '2', '549'), ('2501', '2', '549'), ('2502', '1', '550'), ('2503', '1', '550'), ('2504', '1', '550'), ('2505', '1', '551'), ('2506', '1', '551'), ('2507', '1', '551'), ('2508', '2', '551'), ('2509', '2', '551'), ('2510', '2', '551'), ('2511', '2', '552'), ('2512', '2', '552'), ('2513', '2', '552'), ('2514', '2', '552'), ('2515', '2', '553'), ('2516', '2', '553'), ('2517', '2', '553'), ('2518', '1', '554'), ('2519', '1', '554'), ('2520', '1', '554'), ('2521', '1', '554'), ('2522', '2', '554'), ('2523', '2', '554'), ('2524', '2', '554'), ('2525', '1', '555'), ('2526', '1', '555'), ('2527', '1', '555'), ('2528', '2', '555'), ('2529', '2', '555'), ('2530', '2', '555'), ('2531', '2', '555'), ('2532', '1', '556'), ('2533', '1', '556'), ('2534', '1', '556'), ('2535', '2', '556'), ('2536', '2', '556'), ('2537', '2', '556'), ('2538', '2', '556'), ('2539', '1', '557'), ('2540', '1', '557'), ('2541', '2', '557'), ('2542', '2', '557'), ('2543', '2', '557'), ('2544', '2', '558'), ('2545', '2', '558'), ('2546', '1', '559'), ('2547', '1', '559'), ('2548', '1', '559'), ('2549', '1', '559'), ('2550', '2', '559'), ('2551', '2', '559'), ('2552', '2', '559'), ('2553', '2', '559'), ('2554', '1', '560'), ('2555', '1', '560'), ('2556', '1', '560'), ('2557', '2', '560'), ('2558', '2', '560'), ('2559', '1', '561'), ('2560', '1', '561'), ('2561', '1', '561'), ('2562', '1', '561'), ('2563', '1', '562'), ('2564', '1', '562'), ('2565', '1', '562'), ('2566', '1', '562'), ('2567', '2', '562'), ('2568', '2', '562'), ('2569', '1', '563'), ('2570', '1', '563'), ('2571', '1', '563'), ('2572', '1', '563'), ('2573', '2', '563'), ('2574', '2', '563'), ('2575', '2', '563'), ('2576', '2', '564'), ('2577', '2', '564'), ('2578', '2', '564'), ('2579', '1', '565'), ('2580', '1', '565'), ('2581', '1', '566'), ('2582', '1', '566'), ('2583', '1', '567'), ('2584', '1', '567'), ('2585', '2', '567'), ('2586', '2', '567'), ('2587', '1', '568'), ('2588', '1', '568'), ('2589', '2', '568'), ('2590', '2', '568'), ('2591', '1', '569'), ('2592', '1', '569'), ('2593', '1', '570'), ('2594', '1', '570'), ('2595', '2', '570'), ('2596', '2', '570'), ('2597', '2', '570'), ('2598', '1', '571'), ('2599', '1', '571'), ('2600', '2', '571'), ('2601', '2', '571'), ('2602', '2', '571'), ('2603', '2', '571'), ('2604', '1', '572'), ('2605', '1', '572'), ('2606', '1', '572'), ('2607', '1', '572'), ('2608', '2', '572'), ('2609', '2', '572'), ('2610', '2', '572'), ('2611', '2', '572'), ('2612', '1', '573'), ('2613', '1', '573'), ('2614', '1', '573'), ('2615', '1', '573'), ('2616', '1', '574'), ('2617', '1', '574'), ('2618', '2', '574'), ('2619', '2', '574'), ('2620', '2', '574'), ('2621', '1', '575'), ('2622', '1', '575'), ('2623', '2', '575'), ('2624', '2', '575'), ('2625', '2', '575'), ('2626', '2', '575'), ('2627', '2', '576'), ('2628', '2', '576'), ('2629', '2', '576'), ('2630', '1', '577'), ('2631', '1', '577'), ('2632', '1', '577'), ('2633', '1', '578'), ('2634', '1', '578'), ('2635', '2', '578'), ('2636', '2', '578'), ('2637', '2', '578'), ('2638', '1', '579'), ('2639', '1', '579'), ('2640', '1', '579'), ('2641', '1', '579'), ('2642', '2', '579'), ('2643', '2', '579'), ('2644', '2', '579'), ('2645', '1', '580'), ('2646', '1', '580'), ('2647', '1', '580'), ('2648', '1', '580'), ('2649', '2', '580'), ('2650', '2', '580'), ('2651', '1', '581'), ('2652', '1', '581'), ('2653', '1', '581'), ('2654', '2', '582'), ('2655', '2', '582'), ('2656', '1', '583'), ('2657', '1', '583'), ('2658', '1', '583'), ('2659', '2', '583'), ('2660', '2', '583'), ('2661', '1', '584'), ('2662', '1', '584'), ('2663', '2', '585'), ('2664', '2', '585'), ('2665', '2', '585'), ('2666', '2', '585'), ('2667', '1', '586'), ('2668', '1', '586'), ('2669', '1', '586'), ('2670', '1', '586'), ('2671', '2', '586'), ('2672', '2', '586'), ('2673', '2', '586'), ('2674', '2', '586'), ('2675', '1', '587'), ('2676', '1', '587'), ('2677', '1', '587'), ('2678', '2', '588'), ('2679', '2', '588'), ('2680', '2', '588'), ('2681', '2', '588'), ('2682', '2', '589'), ('2683', '2', '589'), ('2684', '2', '589'), ('2685', '2', '589'), ('2686', '1', '590'), ('2687', '1', '590'), ('2688', '1', '590'), ('2689', '2', '590'), ('2690', '2', '590'), ('2691', '2', '590'), ('2692', '2', '590'), ('2693', '2', '591'), ('2694', '2', '591'), ('2695', '2', '591'), ('2696', '1', '592'), ('2697', '1', '592'), ('2698', '2', '592'), ('2699', '2', '592'), ('2700', '2', '593'), ('2701', '2', '593'), ('2702', '2', '593'), ('2703', '2', '593'), ('2704', '1', '594'), ('2705', '1', '594'), ('2706', '1', '594'), ('2707', '1', '595'), ('2708', '1', '595'), ('2709', '1', '595'), ('2710', '1', '595'), ('2711', '2', '595'), ('2712', '2', '595'), ('2713', '2', '595'), ('2714', '2', '595'), ('2715', '1', '596'), ('2716', '1', '596'), ('2717', '2', '596'), ('2718', '2', '596'), ('2719', '2', '596'), ('2720', '2', '596'), ('2721', '2', '597'), ('2722', '2', '597'), ('2723', '2', '597'), ('2724', '2', '597'), ('2725', '1', '598'), ('2726', '1', '598'), ('2727', '1', '598'), ('2728', '1', '598'), ('2729', '1', '599'), ('2730', '1', '599'), ('2731', '1', '599'), ('2732', '2', '599'), ('2733', '2', '599'), ('2734', '1', '600'), ('2735', '1', '600'), ('2736', '2', '600'), ('2737', '2', '600'), ('2738', '1', '601'), ('2739', '1', '601'), ('2740', '1', '601'), ('2741', '2', '601'), ('2742', '2', '601'), ('2743', '1', '602'), ('2744', '1', '602'), ('2745', '2', '602'), ('2746', '2', '602'), ('2747', '2', '602'), ('2748', '1', '603'), ('2749', '1', '603'), ('2750', '1', '603'), ('2751', '1', '603'), ('2752', '2', '603'), ('2753', '2', '603'), ('2754', '2', '604'), ('2755', '2', '604'), ('2756', '2', '604'), ('2757', '2', '605'), ('2758', '2', '605'), ('2759', '1', '606'), ('2760', '1', '606'), ('2761', '2', '606'), ('2762', '2', '606'), ('2763', '2', '606'), ('2764', '2', '606'), ('2765', '1', '608'), ('2766', '1', '608'), ('2767', '2', '608'), ('2768', '2', '608'), ('2769', '2', '608'), ('2770', '2', '608'), ('2771', '1', '609'), ('2772', '1', '609'), ('2773', '1', '609'), ('2774', '1', '609'), ('2775', '2', '609'), ('2776', '2', '609'), ('2777', '2', '609'), ('2778', '2', '609'), ('2779', '1', '610'), ('2780', '1', '610'), ('2781', '2', '610'), ('2782', '2', '610'), ('2783', '2', '610'), ('2784', '1', '611'), ('2785', '1', '611'), ('2786', '1', '611'), ('2787', '1', '611'), ('2788', '2', '611'), ('2789', '2', '611'), ('2790', '2', '612'), ('2791', '2', '612'), ('2792', '1', '613'), ('2793', '1', '613'), ('2794', '1', '614'), ('2795', '1', '614'), ('2796', '1', '614'), ('2797', '2', '614'), ('2798', '2', '614'), ('2799', '2', '614'), ('2800', '2', '615'), ('2801', '2', '615'), ('2802', '2', '615'), ('2803', '2', '615'), ('2804', '1', '616'), ('2805', '1', '616'), ('2806', '2', '616'), ('2807', '2', '616'), ('2808', '2', '616'), ('2809', '2', '616'), ('2810', '1', '617'), ('2811', '1', '617'), ('2812', '1', '617'), ('2813', '2', '618'), ('2814', '2', '618'), ('2815', '2', '618'), ('2816', '2', '618'), ('2817', '1', '619'), ('2818', '1', '619'), ('2819', '2', '619'), ('2820', '2', '619'), ('2821', '2', '619'), ('2822', '2', '619'), ('2823', '1', '620'), ('2824', '1', '620'), ('2825', '2', '620'), ('2826', '2', '620'), ('2827', '2', '620'), ('2828', '1', '621'), ('2829', '1', '621'), ('2830', '1', '621'), ('2831', '1', '621'), ('2832', '2', '621'), ('2833', '2', '621'), ('2834', '2', '621'), ('2835', '2', '621'), ('2836', '2', '622'), ('2837', '2', '622'), ('2838', '1', '623'), ('2839', '1', '623'), ('2840', '2', '623'), ('2841', '2', '623'), ('2842', '2', '623'), ('2843', '1', '624'), ('2844', '1', '624'), ('2845', '1', '624'), ('2846', '2', '624'), ('2847', '2', '624'), ('2848', '2', '624'), ('2849', '2', '624'), ('2850', '1', '625'), ('2851', '1', '625'), ('2852', '1', '625'), ('2853', '2', '625'), ('2854', '2', '625'), ('2855', '2', '625'), ('2856', '2', '625'), ('2857', '2', '626'), ('2858', '2', '626'), ('2859', '2', '626'), ('2860', '2', '626'), ('2861', '2', '627'), ('2862', '2', '627'), ('2863', '2', '627'), ('2864', '1', '628'), ('2865', '1', '628'), ('2866', '1', '628'), ('2867', '2', '628'), ('2868', '2', '628'), ('2869', '2', '629'), ('2870', '2', '629'), ('2871', '2', '629'), ('2872', '2', '629'), ('2873', '2', '630'), ('2874', '2', '630'), ('2875', '2', '630'), ('2876', '1', '631'), ('2877', '1', '631'), ('2878', '1', '631'), ('2879', '2', '631'), ('2880', '2', '631'), ('2881', '1', '632'), ('2882', '1', '632'), ('2883', '1', '632'), ('2884', '2', '633'), ('2885', '2', '633'), ('2886', '2', '633'), ('2887', '2', '634'), ('2888', '2', '634'), ('2889', '2', '634'), ('2890', '2', '634'), ('2891', '2', '635'), ('2892', '2', '635'), ('2893', '1', '636'), ('2894', '1', '636'), ('2895', '1', '636'), ('2896', '1', '637'), ('2897', '1', '637'), ('2898', '2', '637'), ('2899', '2', '637'), ('2900', '2', '637'), ('2901', '1', '638'), ('2902', '1', '638'), ('2903', '1', '638'), ('2904', '1', '638'), ('2905', '2', '638'), ('2906', '2', '638'), ('2907', '2', '638'), ('2908', '2', '638'), ('2909', '2', '639'), ('2910', '2', '639'), ('2911', '2', '639'), ('2912', '2', '640'), ('2913', '2', '640'), ('2914', '2', '640'), ('2915', '1', '641'), ('2916', '1', '641'), ('2917', '1', '641'), ('2918', '2', '641'), ('2919', '2', '641'), ('2920', '2', '641'), ('2921', '2', '641'), ('2922', '1', '643'), ('2923', '1', '643'), ('2924', '1', '643'), ('2925', '2', '643'), ('2926', '2', '643'), ('2927', '2', '643'), ('2928', '1', '644'), ('2929', '1', '644'), ('2930', '1', '644'), ('2931', '2', '644'), ('2932', '2', '644'), ('2933', '2', '644'), ('2934', '2', '644'), ('2935', '1', '645'), ('2936', '1', '645'), ('2937', '1', '645'), ('2938', '2', '645'), ('2939', '2', '645'), ('2940', '2', '645'), ('2941', '1', '646'), ('2942', '1', '646'), ('2943', '1', '646'), ('2944', '2', '646'), ('2945', '2', '646'), ('2946', '1', '647'), ('2947', '1', '647'), ('2948', '1', '647'), ('2949', '2', '647'), ('2950', '2', '647'), ('2951', '2', '647'), ('2952', '1', '648'), ('2953', '1', '648'), ('2954', '1', '648'), ('2955', '1', '648'), ('2956', '2', '648'), ('2957', '2', '648'), ('2958', '1', '649'), ('2959', '1', '649'), ('2960', '2', '649'), ('2961', '2', '649'), ('2962', '2', '649'), ('2963', '2', '649'), ('2964', '1', '650'), ('2965', '1', '650'), ('2966', '2', '650'), ('2967', '2', '650'), ('2968', '2', '650'), ('2969', '2', '650'), ('2970', '1', '651'), ('2971', '1', '651'), ('2972', '2', '651'), ('2973', '2', '651'), ('2974', '2', '651'), ('2975', '2', '651'), ('2976', '1', '652'), ('2977', '1', '652'), ('2978', '1', '652'), ('2979', '1', '652'), ('2980', '1', '653'), ('2981', '1', '653'), ('2982', '1', '654'), ('2983', '1', '654'), ('2984', '2', '654'), ('2985', '2', '654'), ('2986', '1', '655'), ('2987', '1', '655'), ('2988', '1', '655'), ('2989', '2', '655'), ('2990', '2', '655'), ('2991', '2', '655'), ('2992', '2', '656'), ('2993', '2', '656'), ('2994', '1', '657'), ('2995', '1', '657'), ('2996', '1', '657'), ('2997', '1', '657'), ('2998', '2', '657'), ('2999', '2', '657'), ('3000', '2', '658'), ('3001', '2', '658'), ('3002', '2', '658'), ('3003', '2', '658'), ('3004', '2', '659'), ('3005', '2', '659'), ('3006', '1', '660'), ('3007', '1', '660'), ('3008', '2', '660'), ('3009', '2', '660'), ('3010', '1', '661'), ('3011', '1', '661'), ('3012', '1', '661'), ('3013', '1', '661'), ('3014', '1', '662'), ('3015', '1', '662'), ('3016', '2', '662'), ('3017', '2', '662'), ('3018', '1', '663'), ('3019', '1', '663'), ('3020', '1', '663'), ('3021', '2', '663'), ('3022', '2', '663'), ('3023', '1', '664'), ('3024', '1', '664'), ('3025', '2', '664'), ('3026', '2', '664'), ('3027', '2', '664'), ('3028', '1', '665'), ('3029', '1', '665'), ('3030', '1', '665'), ('3031', '1', '665'), ('3032', '2', '665'), ('3033', '2', '665'), ('3034', '2', '665'), ('3035', '1', '666'), ('3036', '1', '666'), ('3037', '1', '666'), ('3038', '2', '666'), ('3039', '2', '666'), ('3040', '1', '667'), ('3041', '1', '667'), ('3042', '2', '667'), ('3043', '2', '667'), ('3044', '1', '668'), ('3045', '1', '668'), ('3046', '2', '668'), ('3047', '2', '668'), ('3048', '2', '668'), ('3049', '1', '670'), ('3050', '1', '670'), ('3051', '1', '670'), ('3052', '1', '670');
INSERT INTO `inventory` VALUES ('3053', '2', '670'), ('3054', '2', '670'), ('3055', '2', '670'), ('3056', '1', '672'), ('3057', '1', '672'), ('3058', '2', '672'), ('3059', '2', '672'), ('3060', '2', '672'), ('3061', '2', '672'), ('3062', '1', '673'), ('3063', '1', '673'), ('3064', '2', '673'), ('3065', '2', '673'), ('3066', '1', '674'), ('3067', '1', '674'), ('3068', '1', '674'), ('3069', '1', '675'), ('3070', '1', '675'), ('3071', '1', '676'), ('3072', '1', '676'), ('3073', '2', '676'), ('3074', '2', '676'), ('3075', '2', '676'), ('3076', '2', '676'), ('3077', '1', '677'), ('3078', '1', '677'), ('3079', '1', '677'), ('3080', '2', '677'), ('3081', '2', '677'), ('3082', '2', '677'), ('3083', '2', '677'), ('3084', '1', '678'), ('3085', '1', '678'), ('3086', '1', '678'), ('3087', '1', '678'), ('3088', '1', '679'), ('3089', '1', '679'), ('3090', '2', '679'), ('3091', '2', '679'), ('3092', '1', '680'), ('3093', '1', '680'), ('3094', '2', '680'), ('3095', '2', '680'), ('3096', '2', '680'), ('3097', '2', '680'), ('3098', '1', '681'), ('3099', '1', '681'), ('3100', '1', '681'), ('3101', '2', '681'), ('3102', '2', '681'), ('3103', '2', '681'), ('3104', '1', '682'), ('3105', '1', '682'), ('3106', '1', '682'), ('3107', '1', '683'), ('3108', '1', '683'), ('3109', '1', '683'), ('3110', '1', '683'), ('3111', '2', '683'), ('3112', '2', '683'), ('3113', '2', '683'), ('3114', '2', '683'), ('3115', '2', '684'), ('3116', '2', '684'), ('3117', '2', '685'), ('3118', '2', '685'), ('3119', '1', '686'), ('3120', '1', '686'), ('3121', '1', '686'), ('3122', '1', '686'), ('3123', '1', '687'), ('3124', '1', '687'), ('3125', '1', '687'), ('3126', '2', '687'), ('3127', '2', '687'), ('3128', '2', '687'), ('3129', '2', '687'), ('3130', '2', '688'), ('3131', '2', '688'), ('3132', '2', '688'), ('3133', '2', '688'), ('3134', '1', '689'), ('3135', '1', '689'), ('3136', '1', '689'), ('3137', '1', '689'), ('3138', '2', '689'), ('3139', '2', '689'), ('3140', '1', '690'), ('3141', '1', '690'), ('3142', '1', '690'), ('3143', '1', '690'), ('3144', '2', '690'), ('3145', '2', '690'), ('3146', '1', '691'), ('3147', '1', '691'), ('3148', '1', '691'), ('3149', '2', '691'), ('3150', '2', '691'), ('3151', '2', '692'), ('3152', '2', '692'), ('3153', '2', '692'), ('3154', '1', '693'), ('3155', '1', '693'), ('3156', '2', '693'), ('3157', '2', '693'), ('3158', '2', '693'), ('3159', '1', '694'), ('3160', '1', '694'), ('3161', '1', '694'), ('3162', '1', '694'), ('3163', '2', '694'), ('3164', '2', '694'), ('3165', '1', '695'), ('3166', '1', '695'), ('3167', '1', '696'), ('3168', '1', '696'), ('3169', '2', '696'), ('3170', '2', '696'), ('3171', '2', '696'), ('3172', '1', '697'), ('3173', '1', '697'), ('3174', '1', '697'), ('3175', '1', '697'), ('3176', '2', '697'), ('3177', '2', '697'), ('3178', '2', '697'), ('3179', '2', '697'), ('3180', '1', '698'), ('3181', '1', '698'), ('3182', '1', '698'), ('3183', '1', '698'), ('3184', '2', '698'), ('3185', '2', '698'), ('3186', '2', '698'), ('3187', '1', '699'), ('3188', '1', '699'), ('3189', '2', '700'), ('3190', '2', '700'), ('3191', '2', '700'), ('3192', '1', '702'), ('3193', '1', '702'), ('3194', '1', '702'), ('3195', '1', '702'), ('3196', '2', '702'), ('3197', '2', '702'), ('3198', '2', '702'), ('3199', '2', '702'), ('3200', '2', '703'), ('3201', '2', '703'), ('3202', '1', '704'), ('3203', '1', '704'), ('3204', '2', '704'), ('3205', '2', '704'), ('3206', '2', '704'), ('3207', '1', '705'), ('3208', '1', '705'), ('3209', '1', '705'), ('3210', '1', '705'), ('3211', '1', '706'), ('3212', '1', '706'), ('3213', '2', '706'), ('3214', '2', '706'), ('3215', '2', '706'), ('3216', '2', '706'), ('3217', '1', '707'), ('3218', '1', '707'), ('3219', '2', '707'), ('3220', '2', '707'), ('3221', '2', '707'), ('3222', '2', '707'), ('3223', '1', '708'), ('3224', '1', '708'), ('3225', '2', '708'), ('3226', '2', '708'), ('3227', '1', '709'), ('3228', '1', '709'), ('3229', '2', '709'), ('3230', '2', '709'), ('3231', '2', '709'), ('3232', '2', '709'), ('3233', '1', '710'), ('3234', '1', '710'), ('3235', '1', '710'), ('3236', '1', '710'), ('3237', '2', '710'), ('3238', '2', '710'), ('3239', '2', '711'), ('3240', '2', '711'), ('3241', '2', '711'), ('3242', '2', '711'), ('3243', '2', '714'), ('3244', '2', '714'), ('3245', '2', '714'), ('3246', '1', '715'), ('3247', '1', '715'), ('3248', '1', '715'), ('3249', '1', '715'), ('3250', '2', '715'), ('3251', '2', '715'), ('3252', '2', '715'), ('3253', '1', '716'), ('3254', '1', '716'), ('3255', '2', '716'), ('3256', '2', '716'), ('3257', '2', '716'), ('3258', '1', '717'), ('3259', '1', '717'), ('3260', '2', '717'), ('3261', '2', '717'), ('3262', '2', '718'), ('3263', '2', '718'), ('3264', '1', '719'), ('3265', '1', '719'), ('3266', '1', '720'), ('3267', '1', '720'), ('3268', '1', '720'), ('3269', '2', '720'), ('3270', '2', '720'), ('3271', '2', '720'), ('3272', '2', '720'), ('3273', '1', '721'), ('3274', '1', '721'), ('3275', '1', '722'), ('3276', '1', '722'), ('3277', '2', '722'), ('3278', '2', '722'), ('3279', '1', '723'), ('3280', '1', '723'), ('3281', '1', '723'), ('3282', '1', '723'), ('3283', '2', '723'), ('3284', '2', '723'), ('3285', '2', '723'), ('3286', '1', '724'), ('3287', '1', '724'), ('3288', '2', '724'), ('3289', '2', '724'), ('3290', '2', '724'), ('3291', '2', '724'), ('3292', '1', '725'), ('3293', '1', '725'), ('3294', '1', '725'), ('3295', '2', '725'), ('3296', '2', '725'), ('3297', '2', '725'), ('3298', '2', '726'), ('3299', '2', '726'), ('3300', '2', '726'), ('3301', '1', '727'), ('3302', '1', '727'), ('3303', '2', '727'), ('3304', '2', '727'), ('3305', '2', '727'), ('3306', '1', '728'), ('3307', '1', '728'), ('3308', '1', '728'), ('3309', '2', '728'), ('3310', '2', '728'), ('3311', '2', '729'), ('3312', '2', '729'), ('3313', '2', '729'), ('3314', '2', '729'), ('3315', '1', '730'), ('3316', '1', '730'), ('3317', '1', '730'), ('3318', '1', '730'), ('3319', '2', '730'), ('3320', '2', '730'), ('3321', '2', '730'), ('3322', '2', '730'), ('3323', '2', '731'), ('3324', '2', '731'), ('3325', '2', '731'), ('3326', '1', '732'), ('3327', '1', '732'), ('3328', '1', '732'), ('3329', '1', '732'), ('3330', '1', '733'), ('3331', '1', '733'), ('3332', '1', '733'), ('3333', '1', '733'), ('3334', '2', '733'), ('3335', '2', '733'), ('3336', '2', '733'), ('3337', '1', '734'), ('3338', '1', '734'), ('3339', '2', '734'), ('3340', '2', '734'), ('3341', '2', '734'), ('3342', '2', '734'), ('3343', '1', '735'), ('3344', '1', '735'), ('3345', '1', '735'), ('3346', '2', '735'), ('3347', '2', '735'), ('3348', '2', '735'), ('3349', '2', '735'), ('3350', '1', '736'), ('3351', '1', '736'), ('3352', '1', '736'), ('3353', '1', '736'), ('3354', '1', '737'), ('3355', '1', '737'), ('3356', '2', '737'), ('3357', '2', '737'), ('3358', '2', '737'), ('3359', '2', '737'), ('3360', '1', '738'), ('3361', '1', '738'), ('3362', '1', '738'), ('3363', '1', '738'), ('3364', '2', '738'), ('3365', '2', '738'), ('3366', '2', '738'), ('3367', '2', '738'), ('3368', '1', '739'), ('3369', '1', '739'), ('3370', '2', '739'), ('3371', '2', '739'), ('3372', '2', '739'), ('3373', '2', '740'), ('3374', '2', '740'), ('3375', '2', '740'), ('3376', '1', '741'), ('3377', '1', '741'), ('3378', '1', '741'), ('3379', '1', '741'), ('3380', '2', '741'), ('3381', '2', '741'), ('3382', '1', '743'), ('3383', '1', '743'), ('3384', '2', '743'), ('3385', '2', '743'), ('3386', '2', '743'), ('3387', '2', '743'), ('3388', '1', '744'), ('3389', '1', '744'), ('3390', '2', '744'), ('3391', '2', '744'), ('3392', '2', '744'), ('3393', '1', '745'), ('3394', '1', '745'), ('3395', '1', '745'), ('3396', '1', '745'), ('3397', '2', '745'), ('3398', '2', '745'), ('3399', '2', '745'), ('3400', '2', '745'), ('3401', '1', '746'), ('3402', '1', '746'), ('3403', '2', '746'), ('3404', '2', '746'), ('3405', '2', '746'), ('3406', '1', '747'), ('3407', '1', '747'), ('3408', '2', '747'), ('3409', '2', '747'), ('3410', '2', '747'), ('3411', '1', '748'), ('3412', '1', '748'), ('3413', '1', '748'), ('3414', '1', '748'), ('3415', '2', '748'), ('3416', '2', '748'), ('3417', '2', '748'), ('3418', '2', '748'), ('3419', '1', '749'), ('3420', '1', '749'), ('3421', '2', '749'), ('3422', '2', '749'), ('3423', '1', '750'), ('3424', '1', '750'), ('3425', '1', '750'), ('3426', '2', '751'), ('3427', '2', '751'), ('3428', '2', '752'), ('3429', '2', '752'), ('3430', '2', '752'), ('3431', '1', '753'), ('3432', '1', '753'), ('3433', '1', '753'), ('3434', '1', '753'), ('3435', '2', '753'), ('3436', '2', '753'), ('3437', '2', '753'), ('3438', '2', '753'), ('3439', '2', '754'), ('3440', '2', '754'), ('3441', '1', '755'), ('3442', '1', '755'), ('3443', '1', '755'), ('3444', '1', '755'), ('3445', '2', '755'), ('3446', '2', '755'), ('3447', '2', '755'), ('3448', '2', '756'), ('3449', '2', '756'), ('3450', '2', '756'), ('3451', '1', '757'), ('3452', '1', '757'), ('3453', '1', '757'), ('3454', '2', '757'), ('3455', '2', '757'), ('3456', '2', '758'), ('3457', '2', '758'), ('3458', '2', '758'), ('3459', '1', '759'), ('3460', '1', '759'), ('3461', '2', '759'), ('3462', '2', '759'), ('3463', '2', '759'), ('3464', '2', '759'), ('3465', '1', '760'), ('3466', '1', '760'), ('3467', '1', '760'), ('3468', '2', '760'), ('3469', '2', '760'), ('3470', '2', '760'), ('3471', '2', '760'), ('3472', '2', '761'), ('3473', '2', '761'), ('3474', '2', '761'), ('3475', '2', '762'), ('3476', '2', '762'), ('3477', '2', '762'), ('3478', '2', '762'), ('3479', '1', '763'), ('3480', '1', '763'), ('3481', '1', '763'), ('3482', '2', '763'), ('3483', '2', '763'), ('3484', '1', '764'), ('3485', '1', '764'), ('3486', '1', '764'), ('3487', '1', '764'), ('3488', '2', '764'), ('3489', '2', '764'), ('3490', '2', '764'), ('3491', '2', '764'), ('3492', '1', '765'), ('3493', '1', '765'), ('3494', '1', '765'), ('3495', '1', '765'), ('3496', '1', '766'), ('3497', '1', '766'), ('3498', '1', '766'), ('3499', '1', '767'), ('3500', '1', '767'), ('3501', '1', '767'), ('3502', '1', '767'), ('3503', '2', '767'), ('3504', '2', '767'), ('3505', '2', '767'), ('3506', '2', '767'), ('3507', '1', '768'), ('3508', '1', '768'), ('3509', '1', '768'), ('3510', '2', '768'), ('3511', '2', '768'), ('3512', '2', '768'), ('3513', '2', '769'), ('3514', '2', '769'), ('3515', '2', '770'), ('3516', '2', '770'), ('3517', '2', '770'), ('3518', '1', '771'), ('3519', '1', '771'), ('3520', '1', '771'), ('3521', '2', '771'), ('3522', '2', '771'), ('3523', '2', '771'), ('3524', '2', '771'), ('3525', '1', '772'), ('3526', '1', '772'), ('3527', '1', '772'), ('3528', '1', '772'), ('3529', '2', '772'), ('3530', '2', '772'), ('3531', '1', '773'), ('3532', '1', '773'), ('3533', '1', '773'), ('3534', '1', '773'), ('3535', '2', '773'), ('3536', '2', '773'), ('3537', '2', '773'), ('3538', '2', '773'), ('3539', '1', '774'), ('3540', '1', '774'), ('3541', '1', '774'), ('3542', '1', '774'), ('3543', '1', '775'), ('3544', '1', '775'), ('3545', '1', '775'), ('3546', '2', '775'), ('3547', '2', '775'), ('3548', '1', '776'), ('3549', '1', '776'), ('3550', '2', '776'), ('3551', '2', '776'), ('3552', '2', '776'), ('3553', '1', '777'), ('3554', '1', '777'), ('3555', '1', '777'), ('3556', '2', '777'), ('3557', '2', '777'), ('3558', '2', '777'), ('3559', '1', '778'), ('3560', '1', '778'), ('3561', '1', '778'), ('3562', '1', '778'), ('3563', '2', '778'), ('3564', '2', '778'), ('3565', '2', '779'), ('3566', '2', '779'), ('3567', '2', '780'), ('3568', '2', '780'), ('3569', '2', '780'), ('3570', '2', '781'), ('3571', '2', '781'), ('3572', '1', '782'), ('3573', '1', '782'), ('3574', '1', '782'), ('3575', '2', '782'), ('3576', '2', '782'), ('3577', '2', '782'), ('3578', '1', '783'), ('3579', '1', '783'), ('3580', '1', '783'), ('3581', '1', '783'), ('3582', '1', '784'), ('3583', '1', '784'), ('3584', '1', '784'), ('3585', '2', '784'), ('3586', '2', '784'), ('3587', '2', '784'), ('3588', '1', '785'), ('3589', '1', '785'), ('3590', '1', '785'), ('3591', '1', '785'), ('3592', '2', '785'), ('3593', '2', '785'), ('3594', '1', '786'), ('3595', '1', '786'), ('3596', '1', '786'), ('3597', '2', '786'), ('3598', '2', '786'), ('3599', '2', '786'), ('3600', '2', '786'), ('3601', '1', '787'), ('3602', '1', '787'), ('3603', '1', '787'), ('3604', '1', '788'), ('3605', '1', '788'), ('3606', '2', '788'), ('3607', '2', '788'), ('3608', '1', '789'), ('3609', '1', '789'), ('3610', '1', '789'), ('3611', '1', '789'), ('3612', '2', '789'), ('3613', '2', '789'), ('3614', '2', '789'), ('3615', '2', '789'), ('3616', '1', '790'), ('3617', '1', '790'), ('3618', '1', '790'), ('3619', '1', '790'), ('3620', '2', '790'), ('3621', '2', '790'), ('3622', '2', '790'), ('3623', '1', '791'), ('3624', '1', '791'), ('3625', '2', '791'), ('3626', '2', '791'), ('3627', '2', '791'), ('3628', '2', '791'), ('3629', '2', '792'), ('3630', '2', '792'), ('3631', '2', '792'), ('3632', '1', '793'), ('3633', '1', '793'), ('3634', '1', '793'), ('3635', '1', '793'), ('3636', '1', '794'), ('3637', '1', '794'), ('3638', '2', '794'), ('3639', '2', '794'), ('3640', '1', '795'), ('3641', '1', '795'), ('3642', '1', '795'), ('3643', '1', '795'), ('3644', '1', '796'), ('3645', '1', '796'), ('3646', '2', '796'), ('3647', '2', '796'), ('3648', '2', '796'), ('3649', '1', '797'), ('3650', '1', '797'), ('3651', '2', '797'), ('3652', '2', '797'), ('3653', '2', '797'), ('3654', '1', '798'), ('3655', '1', '798'), ('3656', '2', '798'), ('3657', '2', '798'), ('3658', '1', '799'), ('3659', '1', '799'), ('3660', '1', '800'), ('3661', '1', '800'), ('3662', '2', '800'), ('3663', '2', '800'), ('3664', '2', '800'), ('3665', '2', '800'), ('3666', '1', '803'), ('3667', '1', '803'), ('3668', '1', '803'), ('3669', '1', '803'), ('3670', '2', '803'), ('3671', '2', '803'), ('3672', '1', '804'), ('3673', '1', '804'), ('3674', '1', '804'), ('3675', '1', '804'), ('3676', '2', '804'), ('3677', '2', '804'), ('3678', '2', '804'), ('3679', '1', '805'), ('3680', '1', '805'), ('3681', '2', '805'), ('3682', '2', '805'), ('3683', '2', '805'), ('3684', '1', '806'), ('3685', '1', '806'), ('3686', '1', '806'), ('3687', '2', '806'), ('3688', '2', '806'), ('3689', '1', '807'), ('3690', '1', '807'), ('3691', '1', '807'), ('3692', '2', '807'), ('3693', '2', '807'), ('3694', '2', '808'), ('3695', '2', '808'), ('3696', '2', '809'), ('3697', '2', '809'), ('3698', '2', '809'), ('3699', '2', '809'), ('3700', '1', '810'), ('3701', '1', '810'), ('3702', '1', '810'), ('3703', '1', '810'), ('3704', '2', '810'), ('3705', '2', '810'), ('3706', '2', '810'), ('3707', '1', '811'), ('3708', '1', '811'), ('3709', '1', '811'), ('3710', '1', '812'), ('3711', '1', '812'), ('3712', '1', '812'), ('3713', '2', '812'), ('3714', '2', '812'), ('3715', '2', '812'), ('3716', '2', '813'), ('3717', '2', '813'), ('3718', '2', '813'), ('3719', '2', '813'), ('3720', '1', '814'), ('3721', '1', '814'), ('3722', '1', '814'), ('3723', '2', '814'), ('3724', '2', '814'), ('3725', '2', '814'), ('3726', '2', '814'), ('3727', '1', '815'), ('3728', '1', '815'), ('3729', '1', '815'), ('3730', '1', '816'), ('3731', '1', '816'), ('3732', '1', '816'), ('3733', '1', '816'), ('3734', '2', '816'), ('3735', '2', '816'), ('3736', '2', '816'), ('3737', '1', '817'), ('3738', '1', '817'), ('3739', '1', '818'), ('3740', '1', '818'), ('3741', '1', '818'), ('3742', '2', '818'), ('3743', '2', '818'), ('3744', '1', '819'), ('3745', '1', '819'), ('3746', '1', '819'), ('3747', '1', '820'), ('3748', '1', '820'), ('3749', '1', '820'), ('3750', '1', '820'), ('3751', '2', '820'), ('3752', '2', '820'), ('3753', '2', '821'), ('3754', '2', '821'), ('3755', '2', '821'), ('3756', '2', '821'), ('3757', '2', '822'), ('3758', '2', '822'), ('3759', '1', '823'), ('3760', '1', '823'), ('3761', '1', '823'), ('3762', '2', '823'), ('3763', '2', '823'), ('3764', '2', '823'), ('3765', '2', '823'), ('3766', '2', '824'), ('3767', '2', '824'), ('3768', '2', '824'), ('3769', '2', '824'), ('3770', '1', '825'), ('3771', '1', '825'), ('3772', '1', '825'), ('3773', '2', '826'), ('3774', '2', '826'), ('3775', '1', '827'), ('3776', '1', '827'), ('3777', '2', '827'), ('3778', '2', '827'), ('3779', '2', '827'), ('3780', '2', '827'), ('3781', '2', '828'), ('3782', '2', '828'), ('3783', '2', '828'), ('3784', '2', '828'), ('3785', '1', '829'), ('3786', '1', '829'), ('3787', '2', '829'), ('3788', '2', '829'), ('3789', '2', '829'), ('3790', '2', '830'), ('3791', '2', '830'), ('3792', '2', '830'), ('3793', '2', '830'), ('3794', '1', '831'), ('3795', '1', '831'), ('3796', '1', '831'), ('3797', '1', '832'), ('3798', '1', '832'), ('3799', '1', '832'), ('3800', '1', '832'), ('3801', '1', '833'), ('3802', '1', '833'), ('3803', '1', '833'), ('3804', '2', '833'), ('3805', '2', '833'), ('3806', '2', '833'), ('3807', '2', '833'), ('3808', '2', '834'), ('3809', '2', '834'), ('3810', '2', '834'), ('3811', '1', '835'), ('3812', '1', '835'), ('3813', '1', '835'), ('3814', '1', '835'), ('3815', '2', '835'), ('3816', '2', '835'), ('3817', '2', '835'), ('3818', '2', '835'), ('3819', '1', '836'), ('3820', '1', '836'), ('3821', '1', '836'), ('3822', '2', '837'), ('3823', '2', '837'), ('3824', '2', '837'), ('3825', '1', '838'), ('3826', '1', '838'), ('3827', '2', '838'), ('3828', '2', '838'), ('3829', '2', '838'), ('3830', '2', '838'), ('3831', '2', '839'), ('3832', '2', '839'), ('3833', '1', '840'), ('3834', '1', '840'), ('3835', '1', '840'), ('3836', '1', '840'), ('3837', '1', '841'), ('3838', '1', '841'), ('3839', '1', '841'), ('3840', '2', '841'), ('3841', '2', '841'), ('3842', '2', '841'), ('3843', '2', '841'), ('3844', '1', '842'), ('3845', '1', '842'), ('3846', '2', '842'), ('3847', '2', '842'), ('3848', '1', '843'), ('3849', '1', '843'), ('3850', '1', '843'), ('3851', '1', '843'), ('3852', '2', '843'), ('3853', '2', '843'), ('3854', '2', '843'), ('3855', '1', '844'), ('3856', '1', '844'), ('3857', '2', '844'), ('3858', '2', '844'), ('3859', '1', '845'), ('3860', '1', '845'), ('3861', '1', '845'), ('3862', '1', '845'), ('3863', '2', '845'), ('3864', '2', '845'), ('3865', '2', '845'), ('3866', '1', '846'), ('3867', '1', '846'), ('3868', '1', '846'), ('3869', '1', '846'), ('3870', '2', '846'), ('3871', '2', '846'), ('3872', '2', '846'), ('3873', '2', '846'), ('3874', '2', '847'), ('3875', '2', '847'), ('3876', '2', '847'), ('3877', '2', '847'), ('3878', '1', '848'), ('3879', '1', '848'), ('3880', '1', '848'), ('3881', '1', '849'), ('3882', '1', '849'), ('3883', '1', '849'), ('3884', '1', '849'), ('3885', '2', '849'), ('3886', '2', '849'), ('3887', '2', '849'), ('3888', '2', '849'), ('3889', '1', '850'), ('3890', '1', '850'), ('3891', '1', '850'), ('3892', '2', '850'), ('3893', '2', '850'), ('3894', '2', '850'), ('3895', '2', '850'), ('3896', '1', '851'), ('3897', '1', '851'), ('3898', '1', '851'), ('3899', '2', '851'), ('3900', '2', '851'), ('3901', '2', '851'), ('3902', '1', '852'), ('3903', '1', '852'), ('3904', '1', '852'), ('3905', '1', '852'), ('3906', '2', '852'), ('3907', '2', '852'), ('3908', '2', '852'), ('3909', '1', '853'), ('3910', '1', '853'), ('3911', '1', '853'), ('3912', '2', '854'), ('3913', '2', '854'), ('3914', '2', '854'), ('3915', '2', '854'), ('3916', '1', '855'), ('3917', '1', '855'), ('3918', '2', '855'), ('3919', '2', '855'), ('3920', '1', '856'), ('3921', '1', '856'), ('3922', '1', '856'), ('3923', '1', '856'), ('3924', '2', '856'), ('3925', '2', '856'), ('3926', '2', '856'), ('3927', '2', '856'), ('3928', '1', '857'), ('3929', '1', '857'), ('3930', '1', '857'), ('3931', '2', '857'), ('3932', '2', '857'), ('3933', '2', '857'), ('3934', '2', '857'), ('3935', '2', '858'), ('3936', '2', '858'), ('3937', '2', '858'), ('3938', '2', '858'), ('3939', '1', '859'), ('3940', '1', '859'), ('3941', '1', '859'), ('3942', '2', '859'), ('3943', '2', '859'), ('3944', '2', '859'), ('3945', '1', '861'), ('3946', '1', '861'), ('3947', '1', '861'), ('3948', '2', '861'), ('3949', '2', '861'), ('3950', '2', '861'), ('3951', '1', '862'), ('3952', '1', '862'), ('3953', '1', '862'), ('3954', '2', '862'), ('3955', '2', '862'), ('3956', '1', '863'), ('3957', '1', '863'), ('3958', '1', '863'), ('3959', '1', '863'), ('3960', '2', '863'), ('3961', '2', '863'), ('3962', '2', '863'), ('3963', '1', '864'), ('3964', '1', '864'), ('3965', '1', '864'), ('3966', '1', '864'), ('3967', '2', '864'), ('3968', '2', '864'), ('3969', '1', '865'), ('3970', '1', '865'), ('3971', '1', '865'), ('3972', '1', '865'), ('3973', '2', '865'), ('3974', '2', '865'), ('3975', '2', '866'), ('3976', '2', '866'), ('3977', '1', '867'), ('3978', '1', '867'), ('3979', '1', '867'), ('3980', '1', '867'), ('3981', '1', '868'), ('3982', '1', '868'), ('3983', '1', '868'), ('3984', '1', '869'), ('3985', '1', '869'), ('3986', '1', '869'), ('3987', '1', '869'), ('3988', '2', '869'), ('3989', '2', '869'), ('3990', '2', '869'), ('3991', '1', '870'), ('3992', '1', '870'), ('3993', '1', '870'), ('3994', '1', '870'), ('3995', '2', '870'), ('3996', '2', '870'), ('3997', '2', '870'), ('3998', '2', '870'), ('3999', '1', '871'), ('4000', '1', '871'), ('4001', '2', '871'), ('4002', '2', '871'), ('4003', '2', '871'), ('4004', '2', '872'), ('4005', '2', '872'), ('4006', '2', '872'), ('4007', '1', '873'), ('4008', '1', '873'), ('4009', '1', '873'), ('4010', '1', '873'), ('4011', '2', '873'), ('4012', '2', '873'), ('4013', '2', '873'), ('4014', '2', '873'), ('4015', '1', '875'), ('4016', '1', '875'), ('4017', '1', '875'), ('4018', '2', '875'), ('4019', '2', '875'), ('4020', '2', '875'), ('4021', '2', '875'), ('4022', '1', '876'), ('4023', '1', '876'), ('4024', '1', '877'), ('4025', '1', '877'), ('4026', '1', '877'), ('4027', '2', '877'), ('4028', '2', '877'), ('4029', '2', '878'), ('4030', '2', '878'), ('4031', '2', '878'), ('4032', '2', '878'), ('4033', '1', '879'), ('4034', '1', '879'), ('4035', '1', '879'), ('4036', '1', '879'), ('4037', '2', '879'), ('4038', '2', '879'), ('4039', '2', '879'), ('4040', '1', '880'), ('4041', '1', '880'), ('4042', '1', '880'), ('4043', '1', '880'), ('4044', '2', '880'), ('4045', '2', '880'), ('4046', '2', '880'), ('4047', '2', '880'), ('4048', '2', '881'), ('4049', '2', '881'), ('4050', '2', '881'), ('4051', '2', '881'), ('4052', '1', '882'), ('4053', '1', '882'), ('4054', '1', '882'), ('4055', '1', '882'), ('4056', '2', '883'), ('4057', '2', '883'), ('4058', '2', '884'), ('4059', '2', '884'), ('4060', '2', '884'), ('4061', '1', '885'), ('4062', '1', '885'), ('4063', '1', '886'), ('4064', '1', '886'), ('4065', '1', '886'), ('4066', '1', '886'), ('4067', '1', '887'), ('4068', '1', '887'), ('4069', '1', '887'), ('4070', '1', '887'), ('4071', '2', '887'), ('4072', '2', '887'), ('4073', '1', '888'), ('4074', '1', '888'), ('4075', '1', '888'), ('4076', '1', '888'), ('4077', '1', '889'), ('4078', '1', '889'), ('4079', '1', '889'), ('4080', '1', '890'), ('4081', '1', '890'), ('4082', '1', '890'), ('4083', '2', '890'), ('4084', '2', '890'), ('4085', '2', '890'), ('4086', '2', '890'), ('4087', '1', '891'), ('4088', '1', '891'), ('4089', '1', '891'), ('4090', '2', '891'), ('4091', '2', '891'), ('4092', '2', '891'), ('4093', '2', '891'), ('4094', '1', '892'), ('4095', '1', '892'), ('4096', '1', '892'), ('4097', '2', '892'), ('4098', '2', '892'), ('4099', '2', '892'), ('4100', '2', '892'), ('4101', '1', '893'), ('4102', '1', '893'), ('4103', '1', '893'), ('4104', '1', '893'), ('4105', '2', '893'), ('4106', '2', '893'), ('4107', '2', '893'), ('4108', '2', '893'), ('4109', '1', '894'), ('4110', '1', '894'), ('4111', '1', '894'), ('4112', '2', '894'), ('4113', '2', '894'), ('4114', '1', '895'), ('4115', '1', '895'), ('4116', '1', '895'), ('4117', '1', '895'), ('4118', '2', '895'), ('4119', '2', '895'), ('4120', '2', '895'), ('4121', '1', '896'), ('4122', '1', '896'), ('4123', '2', '896'), ('4124', '2', '896'), ('4125', '1', '897'), ('4126', '1', '897'), ('4127', '1', '897'), ('4128', '1', '897'), ('4129', '2', '897'), ('4130', '2', '897'), ('4131', '2', '897'), ('4132', '2', '897'), ('4133', '1', '898'), ('4134', '1', '898'), ('4135', '1', '898'), ('4136', '2', '898'), ('4137', '2', '898'), ('4138', '1', '899'), ('4139', '1', '899'), ('4140', '1', '899'), ('4141', '1', '900'), ('4142', '1', '900'), ('4143', '2', '900'), ('4144', '2', '900'), ('4145', '1', '901'), ('4146', '1', '901'), ('4147', '1', '901'), ('4148', '1', '901'), ('4149', '2', '901'), ('4150', '2', '901'), ('4151', '2', '901'), ('4152', '1', '902'), ('4153', '1', '902'), ('4154', '1', '902'), ('4155', '1', '902'), ('4156', '2', '902'), ('4157', '2', '902'), ('4158', '2', '902'), ('4159', '2', '903'), ('4160', '2', '903'), ('4161', '1', '904'), ('4162', '1', '904'), ('4163', '1', '905'), ('4164', '1', '905'), ('4165', '1', '905'), ('4166', '1', '906'), ('4167', '1', '906'), ('4168', '2', '906'), ('4169', '2', '906'), ('4170', '2', '906'), ('4171', '1', '907'), ('4172', '1', '907'), ('4173', '1', '907'), ('4174', '1', '907'), ('4175', '1', '908'), ('4176', '1', '908'), ('4177', '2', '908'), ('4178', '2', '908'), ('4179', '2', '910'), ('4180', '2', '910'), ('4181', '1', '911'), ('4182', '1', '911'), ('4183', '1', '911'), ('4184', '1', '911'), ('4185', '2', '911'), ('4186', '2', '911'), ('4187', '2', '911'), ('4188', '2', '911'), ('4189', '1', '912'), ('4190', '1', '912'), ('4191', '1', '912'), ('4192', '2', '912'), ('4193', '2', '912'), ('4194', '2', '912'), ('4195', '1', '913'), ('4196', '1', '913'), ('4197', '1', '913'), ('4198', '1', '913'), ('4199', '2', '913'), ('4200', '2', '913'), ('4201', '1', '914'), ('4202', '1', '914'), ('4203', '2', '914'), ('4204', '2', '914'), ('4205', '2', '914'), ('4206', '2', '914'), ('4207', '1', '915'), ('4208', '1', '915'), ('4209', '1', '915'), ('4210', '1', '915'), ('4211', '2', '915'), ('4212', '2', '915'), ('4213', '1', '916'), ('4214', '1', '916'), ('4215', '2', '916'), ('4216', '2', '916'), ('4217', '1', '917'), ('4218', '1', '917'), ('4219', '1', '917'), ('4220', '2', '917'), ('4221', '2', '917'), ('4222', '2', '918'), ('4223', '2', '918'), ('4224', '2', '918'), ('4225', '2', '918'), ('4226', '1', '919'), ('4227', '1', '919'), ('4228', '1', '919'), ('4229', '1', '919'), ('4230', '1', '920'), ('4231', '1', '920'), ('4232', '1', '920'), ('4233', '2', '920'), ('4234', '2', '920'), ('4235', '1', '921'), ('4236', '1', '921'), ('4237', '2', '921'), ('4238', '2', '921'), ('4239', '1', '922'), ('4240', '1', '922'), ('4241', '1', '922'), ('4242', '2', '922'), ('4243', '2', '922'), ('4244', '2', '922'), ('4245', '2', '922'), ('4246', '2', '923'), ('4247', '2', '923'), ('4248', '2', '923'), ('4249', '1', '924'), ('4250', '1', '924'), ('4251', '2', '924'), ('4252', '2', '924'), ('4253', '2', '924'), ('4254', '1', '925'), ('4255', '1', '925'), ('4256', '1', '925'), ('4257', '2', '925'), ('4258', '2', '925'), ('4259', '2', '926'), ('4260', '2', '926'), ('4261', '1', '927'), ('4262', '1', '927'), ('4263', '1', '927'), ('4264', '1', '927'), ('4265', '1', '928'), ('4266', '1', '928'), ('4267', '1', '928'), ('4268', '1', '929'), ('4269', '1', '929'), ('4270', '1', '929'), ('4271', '1', '929'), ('4272', '1', '930'), ('4273', '1', '930'), ('4274', '1', '930'), ('4275', '2', '930'), ('4276', '2', '930'), ('4277', '2', '930'), ('4278', '2', '931'), ('4279', '2', '931'), ('4280', '2', '931'), ('4281', '1', '932'), ('4282', '1', '932'), ('4283', '2', '932'), ('4284', '2', '932'), ('4285', '1', '933'), ('4286', '1', '933'), ('4287', '1', '933'), ('4288', '2', '934'), ('4289', '2', '934'), ('4290', '2', '934'), ('4291', '2', '935'), ('4292', '2', '935'), ('4293', '1', '936'), ('4294', '1', '936'), ('4295', '2', '936'), ('4296', '2', '936'), ('4297', '2', '936'), ('4298', '2', '936'), ('4299', '1', '937'), ('4300', '1', '937'), ('4301', '2', '937'), ('4302', '2', '937'), ('4303', '2', '937'), ('4304', '1', '938'), ('4305', '1', '938'), ('4306', '1', '938'), ('4307', '1', '938'), ('4308', '2', '938'), ('4309', '2', '938'), ('4310', '2', '939'), ('4311', '2', '939'), ('4312', '2', '939'), ('4313', '2', '939'), ('4314', '1', '940'), ('4315', '1', '940'), ('4316', '1', '940'), ('4317', '1', '941'), ('4318', '1', '941'), ('4319', '1', '941'), ('4320', '1', '941'), ('4321', '2', '941'), ('4322', '2', '941'), ('4323', '2', '941'), ('4324', '1', '942'), ('4325', '1', '942'), ('4326', '2', '942'), ('4327', '2', '942'), ('4328', '1', '944'), ('4329', '1', '944'), ('4330', '2', '944'), ('4331', '2', '944'), ('4332', '2', '944'), ('4333', '1', '945'), ('4334', '1', '945'), ('4335', '1', '945'), ('4336', '1', '945'), ('4337', '2', '945'), ('4338', '2', '945'), ('4339', '2', '945'), ('4340', '2', '945'), ('4341', '2', '946'), ('4342', '2', '946'), ('4343', '2', '946'), ('4344', '2', '946'), ('4345', '1', '947'), ('4346', '1', '947'), ('4347', '1', '948'), ('4348', '1', '948'), ('4349', '2', '948'), ('4350', '2', '948'), ('4351', '2', '948'), ('4352', '2', '948'), ('4353', '1', '949'), ('4354', '1', '949'), ('4355', '1', '949'), ('4356', '1', '949'), ('4357', '2', '949'), ('4358', '2', '949'), ('4359', '1', '951'), ('4360', '1', '951'), ('4361', '1', '951'), ('4362', '2', '951'), ('4363', '2', '951'), ('4364', '2', '951'), ('4365', '2', '951'), ('4366', '1', '952'), ('4367', '1', '952'), ('4368', '1', '952'), ('4369', '1', '953'), ('4370', '1', '953'), ('4371', '1', '953'), ('4372', '1', '953'), ('4373', '2', '953'), ('4374', '2', '953'), ('4375', '1', '956'), ('4376', '1', '956'), ('4377', '1', '956'), ('4378', '1', '956'), ('4379', '1', '957'), ('4380', '1', '957'), ('4381', '1', '957'), ('4382', '2', '957'), ('4383', '2', '957'), ('4384', '1', '958'), ('4385', '1', '958'), ('4386', '1', '958'), ('4387', '2', '958'), ('4388', '2', '958'), ('4389', '2', '958'), ('4390', '1', '959'), ('4391', '1', '959'), ('4392', '2', '960'), ('4393', '2', '960'), ('4394', '2', '960'), ('4395', '1', '961'), ('4396', '1', '961'), ('4397', '1', '961'), ('4398', '2', '961'), ('4399', '2', '961'), ('4400', '1', '962'), ('4401', '1', '962'), ('4402', '1', '962'), ('4403', '1', '962'), ('4404', '1', '963'), ('4405', '1', '963'), ('4406', '2', '963'), ('4407', '2', '963'), ('4408', '2', '963'), ('4409', '1', '964'), ('4410', '1', '964'), ('4411', '1', '964'), ('4412', '2', '964'), ('4413', '2', '964'), ('4414', '1', '965'), ('4415', '1', '965'), ('4416', '1', '966'), ('4417', '1', '966'), ('4418', '2', '966'), ('4419', '2', '966'), ('4420', '2', '966'), ('4421', '2', '966'), ('4422', '1', '967'), ('4423', '1', '967'), ('4424', '1', '967'), ('4425', '2', '967'), ('4426', '2', '967'), ('4427', '1', '968'), ('4428', '1', '968'), ('4429', '1', '968'), ('4430', '1', '969'), ('4431', '1', '969'), ('4432', '1', '969'), ('4433', '1', '969'), ('4434', '1', '970'), ('4435', '1', '970'), ('4436', '1', '970'), ('4437', '2', '970'), ('4438', '2', '970'), ('4439', '2', '970'), ('4440', '2', '970'), ('4441', '1', '971'), ('4442', '1', '971'), ('4443', '1', '971'), ('4444', '1', '971'), ('4445', '1', '972'), ('4446', '1', '972'), ('4447', '1', '972'), ('4448', '2', '972'), ('4449', '2', '972'), ('4450', '2', '972'), ('4451', '1', '973'), ('4452', '1', '973'), ('4453', '1', '973'), ('4454', '1', '973'), ('4455', '2', '973'), ('4456', '2', '973'), ('4457', '2', '973'), ('4458', '2', '973'), ('4459', '1', '974'), ('4460', '1', '974'), ('4461', '1', '975'), ('4462', '1', '975'), ('4463', '2', '975'), ('4464', '2', '975'), ('4465', '2', '975'), ('4466', '1', '976'), ('4467', '1', '976'), ('4468', '2', '976'), ('4469', '2', '976'), ('4470', '2', '976'), ('4471', '2', '976'), ('4472', '2', '977'), ('4473', '2', '977'), ('4474', '2', '977'), ('4475', '1', '978'), ('4476', '1', '978'), ('4477', '1', '978'), ('4478', '1', '979'), ('4479', '1', '979'), ('4480', '1', '979'), ('4481', '1', '979'), ('4482', '2', '979'), ('4483', '2', '979'), ('4484', '2', '979'), ('4485', '1', '980'), ('4486', '1', '980'), ('4487', '1', '980'), ('4488', '2', '980'), ('4489', '2', '980'), ('4490', '1', '981'), ('4491', '1', '981'), ('4492', '1', '981'), ('4493', '2', '981'), ('4494', '2', '981'), ('4495', '2', '981'), ('4496', '1', '982'), ('4497', '1', '982'), ('4498', '1', '982'), ('4499', '2', '982'), ('4500', '2', '982'), ('4501', '2', '982'), ('4502', '2', '982'), ('4503', '1', '983'), ('4504', '1', '983'), ('4505', '1', '983'), ('4506', '1', '984'), ('4507', '1', '984'), ('4508', '1', '985'), ('4509', '1', '985'), ('4510', '1', '985'), ('4511', '1', '985'), ('4512', '2', '985'), ('4513', '2', '985'), ('4514', '2', '985'), ('4515', '1', '986'), ('4516', '1', '986'), ('4517', '1', '986'), ('4518', '1', '986'), ('4519', '2', '986'), ('4520', '2', '986'), ('4521', '1', '987'), ('4522', '1', '987'), ('4523', '2', '987'), ('4524', '2', '987'), ('4525', '1', '988'), ('4526', '1', '988'), ('4527', '1', '988'), ('4528', '2', '988'), ('4529', '2', '988'), ('4530', '1', '989'), ('4531', '1', '989'), ('4532', '1', '989'), ('4533', '1', '989'), ('4534', '2', '989'), ('4535', '2', '989'), ('4536', '2', '990'), ('4537', '2', '990'), ('4538', '1', '991'), ('4539', '1', '991'), ('4540', '2', '991'), ('4541', '2', '991'), ('4542', '2', '991'), ('4543', '2', '992'), ('4544', '2', '992'), ('4545', '2', '992'), ('4546', '2', '992'), ('4547', '1', '993'), ('4548', '1', '993'), ('4549', '1', '993'), ('4550', '1', '993'), ('4551', '2', '993'), ('4552', '2', '993'), ('4553', '2', '993'), ('4554', '1', '994'), ('4555', '1', '994'), ('4556', '1', '994'), ('4557', '1', '995'), ('4558', '1', '995'), ('4559', '1', '995'), ('4560', '1', '995'), ('4561', '2', '995'), ('4562', '2', '995'), ('4563', '1', '996'), ('4564', '1', '996'), ('4565', '1', '997'), ('4566', '1', '997'), ('4567', '2', '998'), ('4568', '2', '998'), ('4569', '1', '999'), ('4570', '1', '999'), ('4571', '2', '999'), ('4572', '2', '999'), ('4573', '2', '999'), ('4574', '1', '1000'), ('4575', '1', '1000'), ('4576', '1', '1000'), ('4577', '1', '1000'), ('4578', '2', '1000'), ('4579', '2', '1000'), ('4580', '2', '1000'), ('4581', '2', '1000');
COMMIT;

-- ----------------------------
--  Table structure for `STORE`
-- ----------------------------
DROP TABLE IF EXISTS `store`;
CREATE TABLE `store` (
  `STORE_ID` int(11) NOT NULL AUTO_INCREMENT,
  `ADDRESS_ID` int(11) NOT NULL,
  PRIMARY KEY (`STORE_ID`),
  KEY `FK4B900C11530D61A` (`ADDRESS_ID`),
  CONSTRAINT `FK4B900C11530D61A` FOREIGN KEY (`ADDRESS_ID`) REFERENCES `ADDRESS` (`ADDRESS_ID`)
) ENGINE=InnoDB AUTO_INCREMENT=3 DEFAULT CHARSET=latin1;

-- ----------------------------
--  Records of `STORE`
-- ----------------------------
BEGIN;
INSERT INTO `store` VALUES ('1', '1'), ('2', '2');
COMMIT;

SET FOREIGN_KEY_CHECKS = 1;

