<?xml version="1.0"?>

<!-- Generated 10/13/2012 19:18:07

Configuration for 'crazyeddb' database service

-->

<beans xmlns="http://www.springframework.org/schema/beans"
       xmlns:xsi="http://www.w3.org/2001/XMLSchema-instance"
       xmlns:util="http://www.springframework.org/schema/util"
       xsi:schemaLocation="http://www.springframework.org/schema/beans http://www.springframework.org/schema/beans/spring-beans-3.0.xsd http://www.springframework.org/schema/util http://www.springframework.org/schema/util/spring-util-3.0.xsd">


    <bean 
        id="crazyeddb"
        class="com.crazyeddb.Crazyeddb"
        scope="singleton"
        lazy-init="true">
        <property name="dataServiceManager">
            <ref bean="crazyeddbDataService"/>
        </property>
        <property name="taskManager">
            <ref bean="crazyeddbTaskMgr"/>
        </property>
    </bean>


    <bean 
        class="com.wavemaker.runtime.data.spring.WMPropertyPlaceholderConfigurer">
        <property name="ignoreUnresolvablePlaceholders" value="true"/>
        <property name="locations">
            <list>
                <value>classpath:crazyeddb.properties</value>
            </list>
        </property>
    </bean>

    <bean 
        id="crazyeddbDataSource"
        class="org.springframework.jdbc.datasource.DriverManagerDataSource" 
        lazy-init="true">
        <property name="driverClassName" value="${crazyeddb.driverClassName}"/>
        <property name="url" value="${crazyeddb.connectionUrl}"/>
        <property name="username" value="${crazyeddb.username}"/>
        <property name="password" value="${crazyeddb.password}"/>
    </bean>


    <bean 
        id="crazyeddbTxMgr" 
        class="org.springframework.orm.hibernate3.HibernateTransactionManager"
        lazy-init="true">
        <property name="sessionFactory">
            <ref bean="crazyeddbSessionFactory"/>
        </property>
    </bean>


    <bean 
        id="crazyeddbHibernateTemplate"
        class="org.springframework.orm.hibernate3.HibernateTemplate"
        lazy-init="true">
        <property name="sessionFactory"> 
            <ref bean="crazyeddbSessionFactory"/>
        </property>
    </bean>  


    <bean 
        id="crazyeddbSessionFactory" 
        class="com.wavemaker.runtime.data.spring.ConfigurationAndSessionFactoryBean"
        lazy-init="true">

        <!-- A unique name for this SessionFactory's configuration -->
        <property name="name" value="crazyeddb"/>
        <property name="dataSource" ref="crazyeddbDataSource"/>

        <property name="hibernateProperties">
            <props>
                <prop key="hibernate.dialect">${crazyeddb.dialect}</prop>
                <prop key="hibernate.transaction.factory_class">
                    org.hibernate.transaction.JDBCTransactionFactory
                </prop>
                <prop key="hibernate.current_session_context_class">thread</prop>
                
            </props> 
        </property>

        <property name="mappingResources">
            <list>

<value>com/crazyeddb/data/Inventory.hbm.xml</value>
<value>com/crazyeddb/data/Store.hbm.xml</value>
<value>com/crazyeddb/data/Product.hbm.xml</value>

<value>com/crazyeddb/data/Inventory.ql.xml</value>
<value>com/crazyeddb/data/app-queries.ql.xml</value>

            </list>
        </property>

    </bean>


    <!-- the data service bean instance is injected into the service bean -->
    <bean 
        id="crazyeddbDataService" 
        class="com.wavemaker.runtime.data.spring.SpringDataServiceManager"
        lazy-init="true">
        <constructor-arg>
            <!-- the value of the "name" property of the SessionFactory -->
            <value>crazyeddb</value>
        </constructor-arg>
        <constructor-arg>
            <ref bean="crazyeddbHibernateTemplate"/>
        </constructor-arg>
        <constructor-arg>
            <ref bean="crazyeddbTxMgr"/>
        </constructor-arg>
        <constructor-arg>
            <ref bean="crazyeddbTaskMgr"/>
        </constructor-arg>
        <constructor-arg>
            <map>
                <entry key="useIndividualCRUDOperations" value="false"/>
                <entry key="refreshEntities" value=""/> 
            </map>
        </constructor-arg>
    </bean>


    <bean 
        id="crazyeddbTaskMgr"
        class="com.wavemaker.runtime.data.DefaultTaskManager"
        lazy-init="true"/>

    <bean class="com.wavemaker.runtime.service.events.EventWire"
        lazy-init="false">
        <property name="serviceWire" ref="crazyeddbServiceWire"/>
        <property name="eventListener">
            <bean class="com.wavemaker.runtime.data.DataServiceEventListener"/>
        </property>
    </bean>

    <bean id="crazyeddbServiceWire"
        class="com.wavemaker.runtime.service.reflect.ReflectServiceWire"
        lazy-init="false" scope="singleton">
        <property name="serviceId" value="crazyeddb"/>
        <property name="serviceType" ref="DataService"/>
    </bean>

</beans>
