<?xml version="1.0" encoding="UTF-8"?>

<!--
Local spring modifications.  This file is never altered by WaveMaker software,
and is an ideal location for end-users to put any code they need.
-->
<beans xmlns="http://www.springframework.org/schema/beans"
		xmlns:xsi="http://www.w3.org/2001/XMLSchema-instance"
		xmlns:aop="http://www.springframework.org/schema/aop"
		xsi:schemaLocation="http://www.springframework.org/schema/beans
			http://www.springframework.org/schema/beans/spring-beans-2.0.xsd
			http://www.springframework.org/schema/aop
			http://www.springframework.org/schema/aop/spring-aop-2.0.xsd">
	<bean id="tomcatDeploymentTarget"
            class="com.wavemaker.tools.deployment.tomcat.TomcatDeploymentTarget"
            scope="singleton"
            lazy-init="true"/>
    <bean id="deploymentTargetManager"
            class="com.wavemaker.tools.deployment.DeploymentTargetManager"
            scope="singleton"
            lazy-init="true">
        <property name="deploymentTargets">
            <map>
                <entry key="TOMCAT">
                    <ref bean="tomcatDeploymentTarget"/>
                </entry>
            </map>
        </property>
    </bean>
</beans>
